N,P,K,pH,temperature,humidity,rainfall,label,yield_kg_per_ha
23.74,69.57,21.17,6.75,23.28,48.0,76.25,lentil,1598.0
129.15,42.38,22.18,7.0,38.34,70.66,68.91,cotton,2891.28
34.51,39.53,39.9,6.84,23.12,58.96,176.75,grapes,15754.67
56.1,50.6,51.96,6.43,25.99,88.79,228.43,papaya,44108.66
39.02,25.15,33.21,5.63,33.38,49.86,191.96,mango,11840.38
41.42,69.24,62.12,6.9,27.04,82.52,216.08,papaya,43519.87
116.52,10.3,63.15,5.62,36.04,62.34,47.49,watermelon,28664.13
7.66,9.67,15.74,6.12,20.43,79.54,174.46,orange,21718.26
25.73,71.22,21.07,7.19,37.42,53.74,168.12,pigeonpeas,1341.91
24.19,68.13,32.08,6.13,21.58,61.57,131.2,kidneybeans,1792.05
99.76,46.01,49.54,6.04,23.37,75.92,202.83,rice,5322.55
44.13,67.22,82.01,6.46,20.68,41.63,37.69,chickpea,1357.95
27.82,64.46,30.24,7.16,25.03,53.5,70.68,mungbean,1139.16
1.89,18.44,19.12,7.0,11.89,81.34,122.73,orange,19530.23
95.3,63.2,247.41,6.46,26.74,90.29,220.38,banana,36138.55
110.17,22.86,64.33,6.5,34.46,72.18,35.2,muskmelon,17213.59
118.12,52.2,45.1,6.44,24.81,94.52,209.95,rice,4893.63
29.24,68.11,21.92,5.81,26.09,62.16,189.37,kidneybeans,1792.88
10.32,126.43,201.69,6.64,1.36,50.0,113.34,apple,18209.48
112.44,49.64,51.29,6.97,29.11,83.5,205.5,rice,5175.33
19.46,132.35,207.31,6.74,8.18,74.68,116.24,apple,17628.76
111.86,63.67,33.04,6.83,26.16,72.63,131.52,maize,6358.0
27.25,62.81,33.93,7.34,12.22,45.21,74.22,lentil,1505.55
54.86,64.28,63.29,6.95,26.47,78.01,268.15,papaya,45007.13
108.3,50.35,24.61,7.85,35.91,58.5,169.65,cotton,2674.0
17.03,66.95,27.3,5.78,25.59,69.13,125.32,kidneybeans,1760.29
90.96,49.67,43.83,5.95,29.9,45.22,89.82,pomegranate,16000.87
106.38,11.95,57.24,6.75,28.71,77.29,69.64,muskmelon,18443.43
25.33,60.07,26.68,6.25,36.89,45.97,71.56,pigeonpeas,1271.27
112.48,69.64,54.29,6.21,20.72,55.02,119.06,wheat,3906.17
0.24,149.17,205.29,6.85,13.41,63.89,178.52,apple,15831.22
54.95,69.24,48.95,6.88,28.59,70.81,154.86,papaya,43124.7
118.37,42.29,63.26,5.65,30.05,53.77,110.44,pomegranate,15507.94
57.13,52.78,50.75,6.28,34.34,92.01,241.0,papaya,44626.9
65.84,62.39,59.87,7.61,27.03,74.4,265.7,jute,2898.23
94.65,57.59,41.86,6.27,36.89,57.25,70.84,pomegranate,17196.12
33.37,51.65,48.14,6.45,16.28,72.7,75.2,grapes,14778.31
100.93,54.18,25.74,7.57,32.74,49.42,141.86,cotton,2511.09
103.28,63.21,49.21,6.47,39.85,39.47,62.56,pomegranate,17822.09
95.9,50.29,23.75,7.01,23.46,64.72,132.2,maize,6527.52
41.14,62.33,47.91,6.44,33.98,71.83,290.6,papaya,45453.62
107.71,18.92,57.53,6.71,30.87,68.57,88.23,muskmelon,19153.0
102.44,49.29,20.48,7.29,25.99,66.41,108.21,cotton,2536.84
7.12,8.09,43.01,7.01,35.78,88.27,255.83,coconut,12312.56
96.35,18.29,50.52,6.57,39.6,62.75,88.3,watermelon,31609.75
20.2,70.41,32.87,6.78,26.13,46.07,137.13,mungbean,1132.2
88.54,60.73,52.2,7.41,33.5,81.41,323.27,jute,2994.01
116.58,38.66,16.68,6.82,30.03,44.81,127.55,cotton,2649.29
102.34,34.14,40.05,6.88,18.7,80.48,188.97,coffee,1306.09
22.45,58.77,26.41,6.77,34.33,53.11,62.79,mungbean,1162.64
53.87,53.13,62.78,6.2,25.53,80.93,252.7,papaya,44615.95
25.46,37.45,48.32,7.06,24.1,47.62,199.71,mango,11897.19
28.99,71.51,21.21,6.57,25.56,63.62,168.58,kidneybeans,1656.8
81.16,54.07,52.65,6.83,32.74,86.04,209.9,jute,3298.18
28.9,67.11,31.25,6.25,13.82,48.66,26.44,lentil,1545.95
130.14,50.63,37.88,6.92,13.49,56.65,85.12,wheat,3820.35
41.21,67.62,89.37,6.67,28.36,37.99,95.0,chickpea,1401.59
0.67,136.91,196.7,5.54,16.7,72.15,129.29,apple,16837.31
61.24,60.73,46.78,7.41,25.08,86.77,280.67,jute,3089.24
104.19,42.11,21.31,5.65,28.03,70.24,116.41,maize,5899.14
19.22,64.44,23.87,7.3,31.47,55.45,117.19,pigeonpeas,1421.98
114.16,43.05,42.63,6.49,29.16,55.59,91.33,pomegranate,14706.07
56.31,52.53,55.55,6.5,28.96,94.8,230.93,papaya,44815.79
103.27,22.03,34.74,7.34,23.61,88.82,229.63,coffee,1365.26
106.14,66.75,44.69,6.07,10.25,51.84,66.44,wheat,4221.82
13.92,147.11,207.13,6.55,15.85,73.16,177.67,apple,16724.11
116.48,23.1,56.07,7.4,33.99,69.25,53.21,muskmelon,17346.65
20.05,66.93,33.64,6.04,13.28,47.86,49.08,lentil,1586.82
14.14,143.67,202.96,5.59,21.89,68.03,160.06,apple,18037.63
68.37,56.13,56.68,6.12,25.18,89.92,217.97,jute,3197.13
119.72,51.69,42.54,6.85,33.21,85.72,243.27,rice,4838.49
33.48,64.22,79.12,6.25,15.31,44.85,91.37,chickpea,1370.1
17.11,63.59,32.09,6.53,25.1,53.2,78.01,mungbean,1089.37
116.56,21.12,42.67,6.25,19.4,74.54,194.85,coffee,1077.52
24.31,58.59,27.06,6.58,16.13,69.69,133.67,kidneybeans,1864.62
100.7,19.65,45.78,7.07,31.59,69.24,88.5,muskmelon,17061.37
20.87,57.2,21.6,4.29,29.13,32.22,63.83,mothbeans,954.74
94.56,43.78,60.11,6.74,28.27,55.58,58.95,pomegranate,16982.93
34.48,63.12,21.23,7.05,27.67,58.27,183.76,blackgram,1088.51
84.61,52.39,42.44,6.78,31.31,91.4,228.91,rice,4993.68
36.28,68.42,76.8,6.95,18.96,23.25,32.58,chickpea,1393.85
112.76,18.77,49.46,6.83,31.16,62.84,46.16,watermelon,32619.1
132.77,59.86,50.46,6.41,17.41,44.94,136.09,wheat,4239.8
107.81,46.29,47.33,7.32,28.23,35.81,72.63,pomegranate,16433.15
15.35,50.0,31.89,6.95,12.93,41.87,50.38,lentil,1478.05
52.62,57.8,59.47,6.25,25.34,90.88,159.05,papaya,47251.12
24.68,58.96,19.76,4.57,24.19,34.09,51.47,mothbeans,866.71
94.38,76.52,61.5,6.65,33.28,89.12,110.9,banana,35343.15
91.42,66.17,178.08,6.91,34.92,82.15,289.27,banana,35226.45
45.66,57.0,70.45,6.23,20.92,31.67,39.55,chickpea,1237.2
85.5,56.9,58.59,6.91,30.14,77.79,166.31,jute,3045.0
95.42,76.11,124.77,6.07,34.86,90.42,272.16,banana,36909.43
64.38,57.34,59.13,6.05,26.95,91.86,163.95,jute,3053.66
90.69,46.07,51.09,7.38,34.58,47.75,91.52,pomegranate,16090.23
112.76,67.53,69.69,6.8,25.18,75.06,194.95,banana,35276.14
118.03,60.43,38.56,6.7,24.07,61.07,152.12,maize,5784.35
3.06,8.41,6.6,7.09,12.87,82.86,183.14,orange,19893.96
2.7,19.32,16.54,6.98,22.29,75.64,115.8,orange,20929.33
104.88,57.16,40.09,6.27,30.16,75.59,210.2,rice,4875.91
112.73,42.42,50.66,6.92,27.42,47.59,77.01,pomegranate,16380.05
25.3,61.78,30.45,6.04,34.91,66.83,147.3,pigeonpeas,1344.12
35.24,21.42,42.85,6.88,26.9,59.5,137.63,mango,10597.13
20.93,61.58,32.35,3.62,24.76,38.4,55.0,mothbeans,903.67
126.2,54.2,54.58,6.15,22.44,54.85,74.49,wheat,3762.72
27.72,48.99,19.39,4.87,29.88,32.54,61.43,mothbeans,862.76
94.31,73.96,115.98,5.71,34.47,92.51,124.85,banana,37866.86
94.01,49.15,37.68,7.33,32.97,53.58,117.69,maize,6668.53
138.65,65.13,44.94,6.72,10.4,63.56,81.92,wheat,3981.61
109.38,61.01,149.94,6.94,27.85,93.09,130.22,banana,35671.79
87.22,52.39,56.37,6.83,31.39,82.56,324.83,jute,3029.85
16.81,55.7,18.76,5.79,22.3,50.35,128.67,kidneybeans,1643.86
25.34,30.25,30.1,6.38,26.54,67.47,168.51,mango,12993.4
21.82,74.05,25.28,7.24,35.2,65.96,161.71,pigeonpeas,1412.37
15.24,79.76,27.07,6.29,32.78,58.0,128.48,pigeonpeas,1162.79
35.04,67.11,23.94,7.0,33.94,54.89,192.18,blackgram,1136.36
124.88,47.23,28.42,6.01,23.83,67.54,141.7,cotton,2762.05
111.85,43.53,30.37,5.69,28.75,51.57,192.23,maize,6542.3
17.93,56.12,27.03,5.56,24.63,59.86,172.8,kidneybeans,1750.1
87.02,56.24,45.29,6.87,22.1,88.55,272.17,rice,4839.95
6.68,12.9,15.96,7.11,20.29,79.66,124.13,orange,21765.56
113.46,23.8,59.57,7.03,28.65,70.9,61.91,muskmelon,16658.24
117.67,67.1,129.84,5.74,34.85,91.99,291.52,banana,36954.09
118.45,29.07,46.34,6.66,37.41,62.84,71.34,watermelon,28537.87
35.27,63.23,74.94,7.91,17.86,24.58,61.15,chickpea,1300.37
112.42,43.83,70.0,5.68,35.28,54.43,71.93,pomegranate,15834.7
19.74,65.09,24.98,7.46,16.02,35.13,56.21,lentil,1732.48
111.29,40.39,22.86,6.57,39.47,46.77,81.47,cotton,2714.37
38.25,38.21,37.03,7.09,26.92,45.91,97.03,mango,10773.58
56.55,67.06,52.88,6.73,31.67,94.57,236.23,papaya,43787.35
84.74,55.9,56.75,5.93,24.56,92.49,153.6,rice,4878.36
134.85,38.25,27.21,7.51,35.27,72.23,144.08,cotton,2374.03
81.77,48.03,46.48,6.92,28.65,91.12,175.55,rice,4874.93
109.87,50.46,20.31,6.56,20.21,55.25,157.45,maize,6218.76
8.07,128.23,204.25,6.01,18.52,73.35,139.51,apple,18425.05
33.19,26.5,33.11,5.97,27.53,51.8,158.19,mango,11735.15
47.42,64.76,47.22,6.89,27.84,75.47,191.1,papaya,45542.84
104.58,53.43,15.44,6.77,25.51,42.94,196.34,cotton,2420.85
12.35,127.29,204.49,6.59,5.57,57.82,161.16,apple,18575.2
16.53,69.17,19.83,6.72,19.88,51.76,28.61,lentil,1502.28
28.97,59.19,30.16,6.97,21.6,63.84,139.32,kidneybeans,1694.95
47.31,70.25,33.5,6.64,23.32,52.37,169.22,blackgram,1091.52
110.98,27.67,38.49,7.35,16.3,85.76,237.26,coffee,1271.46
97.06,13.78,64.41,5.83,35.95,56.28,68.07,watermelon,30888.47
92.24,51.58,43.54,6.78,31.38,89.39,214.81,rice,5120.77
68.48,59.8,41.34,6.59,33.69,79.9,156.86,jute,3038.38
10.31,134.37,206.19,6.8,20.74,64.79,177.35,apple,19413.38
113.79,66.56,64.34,7.4,32.02,51.31,64.31,pomegranate,17718.22
137.88,42.35,28.08,7.2,24.05,50.35,166.52,cotton,2485.38
95.17,17.46,51.74,6.49,35.16,66.97,35.18,watermelon,32053.21
92.39,17.15,60.19,7.23,35.78,79.13,78.71,watermelon,31847.95
64.25,46.3,40.43,6.95,31.09,72.16,186.22,jute,2928.88
16.75,59.98,27.04,7.57,15.67,37.13,61.89,lentil,1723.28
15.59,9.57,9.96,7.36,19.78,75.01,194.07,orange,21755.51
34.51,22.54,38.21,6.53,25.04,61.67,132.42,mango,12444.12
8.96,5.15,14.05,6.22,17.96,65.81,133.14,orange,23257.98
99.32,49.13,47.73,6.04,25.87,76.8,161.62,rice,5430.46
100.11,29.31,54.1,6.26,39.11,73.4,68.35,watermelon,33501.5
96.65,30.99,27.54,6.97,24.27,84.06,167.99,coffee,1399.07
112.84,68.04,207.24,6.36,27.86,94.5,285.7,banana,32773.84
25.38,65.22,28.3,6.92,17.84,49.33,42.62,lentil,1631.91
109.14,51.79,24.89,6.95,32.53,60.0,153.6,maize,6511.18
22.41,73.35,24.03,6.79,17.83,64.15,108.86,kidneybeans,1945.83
20.9,36.6,37.32,6.81,15.8,61.79,97.45,grapes,16923.48
93.09,29.12,30.81,6.51,18.54,72.46,236.69,coffee,1340.63
107.01,54.27,55.47,6.8,31.09,91.02,157.34,rice,5023.5
106.14,15.81,62.79,7.33,35.23,73.16,75.75,muskmelon,18788.32
5.92,133.14,209.06,6.63,1.48,59.84,149.14,apple,18311.69
119.45,19.99,46.39,6.59,33.06,66.13,56.39,muskmelon,15650.55
94.39,29.35,36.05,7.33,23.6,79.81,271.64,coffee,1440.36
103.16,52.94,33.62,6.52,33.99,60.7,62.23,maize,6899.1
99.17,41.55,25.16,7.11,30.78,71.9,144.29,maize,6308.6
29.14,39.76,47.82,5.67,29.99,72.25,98.63,mango,11581.58
100.92,45.07,16.59,7.35,23.07,41.16,186.94,cotton,2530.35
14.5,141.11,202.29,6.98,2.93,54.75,125.83,apple,18102.98
30.4,64.14,26.38,7.08,22.97,58.12,172.11,blackgram,1106.55
93.11,15.23,46.72,7.38,32.84,74.54,84.46,muskmelon,17111.24
93.44,26.72,36.94,6.31,21.91,89.5,156.53,coffee,1358.88
111.86,21.64,42.0,6.32,19.56,86.5,275.65,coffee,1153.05
110.53,12.55,58.05,6.22,36.7,67.78,78.77,muskmelon,17627.67
92.59,61.95,38.24,5.72,25.79,59.53,128.51,maize,6018.83
24.65,30.73,44.71,6.51,29.75,60.87,141.25,mango,12062.74
33.98,36.91,49.86,6.35,29.89,67.98,111.76,mango,11240.32
22.1,37.0,31.32,5.83,10.96,60.34,86.05,grapes,16772.47
5.08,137.23,197.81,5.8,1.81,79.42,160.61,apple,17939.09
22.14,60.63,24.8,6.75,31.41,58.81,89.9,mungbean,1126.96
27.25,46.22,38.14,6.45,22.14,50.39,107.47,grapes,17670.53
75.22,52.57,53.72,6.78,34.49,84.96,190.43,jute,3423.84
102.03,55.46,21.18,5.9,27.37,51.47,163.8,maize,6359.58
114.56,18.36,54.4,7.11,32.46,68.59,65.66,muskmelon,18550.53
0.13,7.82,17.43,6.78,16.7,82.05,118.97,orange,18915.0
117.95,46.96,41.81,5.84,26.57,93.91,206.75,rice,4807.09
35.33,68.9,87.11,6.5,26.04,43.85,90.64,chickpea,1343.28
106.39,32.15,39.0,6.36,17.19,65.42,222.05,coffee,1384.68
87.93,60.66,39.94,5.7,19.71,69.08,69.01,maize,6056.14
113.55,59.6,52.97,7.18,36.46,49.64,134.76,pomegranate,16940.44
96.35,22.49,57.28,6.1,38.35,61.12,22.01,muskmelon,17273.69
24.56,44.3,43.45,6.01,30.0,73.54,149.73,grapes,18936.47
101.16,24.08,52.88,5.53,24.32,72.19,76.26,watermelon,33115.64
52.19,56.86,58.13,6.59,34.98,77.77,202.47,papaya,45893.28
117.3,28.0,55.78,6.42,28.33,66.5,58.76,watermelon,30813.62
13.78,142.49,206.04,6.59,20.0,64.09,134.76,apple,17417.58
42.53,52.1,63.4,6.54,27.49,92.03,299.83,papaya,42573.1
88.73,52.5,54.2,6.26,35.12,93.98,226.57,jute,3113.44
110.88,53.23,47.47,5.64,31.2,80.25,290.52,rice,4986.31
114.9,43.3,54.35,6.87,32.26,43.5,108.12,pomegranate,16922.08
86.74,46.99,49.79,7.58,35.31,87.33,203.11,jute,3249.88
14.02,16.45,14.02,7.28,13.89,71.26,151.01,orange,22814.96
115.67,54.0,48.6,6.27,20.12,46.59,85.52,wheat,4207.38
50.54,53.11,58.92,6.48,30.89,81.09,212.44,papaya,47731.18
101.1,54.95,52.54,7.43,26.01,49.65,66.46,pomegranate,19109.79
21.06,69.04,32.75,7.42,37.66,66.04,91.87,pigeonpeas,1381.71
16.27,60.24,20.62,6.92,30.79,41.29,101.41,mungbean,1054.52
16.76,56.48,24.91,7.55,19.38,43.99,39.13,lentil,1626.32
29.66,28.66,40.81,6.28,32.07,56.77,142.49,mango,13702.35
98.61,63.9,25.58,7.42,33.09,57.08,174.37,maize,6221.38
17.3,3.0,31.54,5.56,36.0,78.31,222.1,coconut,12264.68
123.91,44.08,17.58,7.31,23.97,61.16,85.67,cotton,2665.36
118.09,66.28,54.85,6.2,34.18,50.31,108.12,pomegranate,17016.61
17.8,6.71,33.38,6.97,29.15,87.3,115.54,coconut,11609.51
47.38,55.29,22.5,6.51,28.95,51.44,120.57,blackgram,1056.58
118.4,66.03,154.28,6.94,27.01,86.96,112.72,banana,35006.27
113.2,11.96,48.5,6.55,31.51,78.4,89.21,muskmelon,17355.27
96.45,39.07,28.75,6.04,23.21,80.63,197.9,coffee,1204.95
23.79,71.22,20.99,5.71,28.33,53.72,66.9,pigeonpeas,1417.29
22.45,66.33,19.84,5.97,17.06,57.72,197.34,kidneybeans,1956.73
18.63,52.49,22.39,7.66,23.88,54.23,38.17,lentil,1629.27
101.21,18.53,57.89,6.33,30.73,77.32,86.14,muskmelon,19030.47
43.2,59.93,71.71,6.46,29.43,44.06,56.73,chickpea,1353.8
25.88,45.01,27.48,4.77,28.19,29.89,43.74,mothbeans,894.88
106.17,44.45,18.48,7.37,34.87,40.29,193.59,cotton,2736.49
103.36,53.0,41.69,6.12,20.62,84.88,199.48,rice,5146.96
105.09,17.51,45.81,7.12,36.93,67.25,88.72,watermelon,31314.5
104.21,63.29,35.67,6.41,11.41,44.77,113.87,wheat,3825.17
116.7,70.19,96.77,6.46,25.9,83.68,273.19,banana,35347.91
9.67,122.92,197.8,6.64,21.6,64.03,149.25,apple,18357.76
15.66,43.73,31.8,6.19,21.53,73.9,137.03,grapes,16287.21
96.1,64.52,186.97,6.03,34.2,79.15,169.97,banana,35372.53
119.94,44.8,45.71,6.89,36.39,48.18,133.53,pomegranate,15313.03
29.74,42.21,43.15,6.93,24.81,71.28,91.06,grapes,17076.85
20.84,60.04,20.67,6.75,26.26,42.52,54.19,mothbeans,906.61
112.64,61.53,36.38,6.41,20.02,64.23,81.9,maize,5953.1
84.79,47.3,59.17,6.99,31.58,81.22,253.15,rice,4707.91
26.06,50.8,33.2,7.32,17.95,41.07,38.66,lentil,1547.99
32.72,60.82,84.23,6.31,21.33,37.82,83.58,chickpea,1357.23
139.0,55.1,49.49,7.19,16.62,45.28,68.9,wheat,3895.68
15.25,148.55,199.49,6.15,6.0,58.21,114.53,apple,16546.79
25.13,56.72,20.75,7.39,23.04,51.76,57.59,lentil,1693.25
7.73,1.34,38.36,6.94,28.52,60.59,280.81,coconut,12294.12
116.61,27.1,63.66,5.63,38.54,61.22,55.14,watermelon,30321.58
47.55,74.32,70.81,7.89,15.7,34.72,70.27,chickpea,1264.78
111.57,47.03,33.9,7.32,21.08,59.82,150.6,maize,6416.57
23.38,49.01,35.53,6.59,23.59,71.37,154.51,grapes,17512.43
15.0,50.15,26.29,6.37,31.08,43.38,52.78,mothbeans,892.47
105.54,50.44,54.25,6.17,25.19,84.35,175.46,rice,5175.74
12.11,141.82,209.19,5.62,0.88,54.17,133.73,apple,17467.41
20.62,28.33,45.99,5.55,32.11,49.75,182.17,mango,11339.27
19.14,65.99,21.57,6.02,20.74,58.4,112.86,kidneybeans,1830.29
41.7,65.55,28.58,7.32,34.3,50.82,96.65,blackgram,1144.91
78.15,51.16,46.99,7.57,30.82,72.83,224.38,jute,3253.46
88.35,41.15,29.25,7.13,30.4,60.22,143.26,maize,6400.21
15.3,54.81,19.98,6.24,19.84,47.11,22.69,lentil,1484.18
25.45,36.33,47.1,6.82,15.0,73.26,143.96,grapes,18108.43
45.38,62.34,85.81,6.53,15.29,24.02,31.52,chickpea,1265.04
39.13,38.58,46.65,6.09,26.27,66.81,179.92,mango,10016.84
44.55,52.79,62.41,6.53,31.01,76.54,290.26,papaya,44945.53
21.7,40.03,42.64,6.64,23.78,78.28,75.03,grapes,17716.77
22.48,63.28,31.43,7.11,37.63,46.24,122.76,pigeonpeas,1414.94
105.39,51.07,51.18,5.96,20.46,83.73,182.19,rice,5311.27
116.1,53.08,45.57,6.13,23.18,63.11,132.16,wheat,4129.44
128.9,36.53,27.77,6.19,36.14,43.91,112.69,cotton,2541.4
19.61,137.72,203.57,6.76,24.83,73.38,159.39,apple,17888.75
114.86,63.38,63.83,6.09,31.1,37.88,120.6,pomegranate,16268.45
54.76,58.04,55.73,6.13,32.53,80.48,275.2,papaya,47635.16
96.49,55.19,44.61,6.86,27.5,90.12,277.46,rice,4933.97
22.7,61.45,32.62,5.47,29.75,38.95,56.41,mothbeans,933.34
127.82,52.78,51.16,7.02,12.92,56.2,98.35,wheat,3887.54
20.42,37.39,37.15,6.11,16.88,71.75,127.67,grapes,17404.5
129.87,60.33,47.08,6.59,10.62,42.5,115.5,wheat,4319.05
116.84,43.31,45.69,5.73,21.73,75.42,158.31,rice,4880.51
17.48,65.34,34.31,6.62,29.25,49.22,85.21,mungbean,1101.65
22.84,62.22,25.62,6.7,20.0,50.51,128.3,kidneybeans,2074.79
5.19,12.59,11.65,6.89,26.8,67.59,138.16,orange,24311.61
89.61,29.73,31.14,7.16,23.29,71.69,152.56,coffee,1335.31
91.78,52.24,32.27,6.35,31.45,64.62,61.32,maize,6493.55
9.54,8.01,35.74,5.57,27.77,62.61,191.8,coconut,12993.57
26.48,59.04,23.32,3.58,29.58,30.72,44.49,mothbeans,914.18
14.32,146.59,195.67,6.8,22.95,66.08,128.45,apple,16739.17
16.09,57.47,27.88,6.43,21.5,39.59,70.44,lentil,1643.9
26.98,29.2,49.84,6.13,30.15,64.04,81.58,mango,12468.74
110.97,31.01,39.67,7.18,21.24,89.64,180.31,coffee,1385.9
51.48,50.36,52.54,6.03,34.67,75.38,253.46,papaya,45610.15
49.38,66.82,57.34,6.2,30.8,77.85,255.55,papaya,47879.98
118.48,62.61,209.49,5.52,28.64,85.3,105.96,banana,30866.74
73.84,60.94,54.9,6.66,26.13,89.86,345.5,jute,3342.67
19.62,48.64,19.6,5.79,26.56,36.46,78.97,mothbeans,903.08
56.71,68.83,63.89,6.58,34.81,73.74,164.2,papaya,42032.05
87.89,51.11,44.68,7.44,35.99,89.2,298.02,jute,3197.89
17.28,17.29,8.27,7.13,23.47,87.98,195.59,orange,20877.49
25.08,65.6,20.42,7.8,18.02,50.9,23.1,lentil,1518.57
15.57,64.27,21.4,7.99,12.12,39.6,22.52,lentil,1512.78
2.33,123.38,198.15,6.39,23.33,57.17,171.98,apple,16534.96
113.1,55.14,66.94,6.66,34.85,54.69,84.56,pomegranate,17831.07
1.25,148.91,200.03,5.87,5.28,52.08,145.7,apple,15294.59
31.0,37.17,48.43,6.76,20.68,79.35,183.55,grapes,16352.23
25.08,72.94,22.54,6.51,25.35,48.25,134.96,pigeonpeas,1344.1
105.41,52.34,37.07,6.96,15.27,45.42,119.19,wheat,3711.2
17.46,66.33,29.42,6.03,24.98,60.21,162.7,kidneybeans,1794.01
13.57,15.96,16.63,6.57,25.47,72.3,180.33,orange,22611.32
96.4,47.91,38.32,6.19,22.02,72.73,164.43,maize,6467.78
1.87,5.43,31.22,6.75,32.68,62.09,183.97,coconut,11402.0
29.52,21.51,43.77,6.47,35.18,51.26,70.3,mango,12365.61
71.75,62.3,59.94,7.49,34.16,92.02,169.07,jute,2987.81
97.28,47.1,22.38,6.52,20.82,64.76,83.76,maize,6683.33
11.74,135.2,209.56,5.62,10.53,58.34,112.21,apple,19022.31
40.33,55.77,28.4,7.29,22.04,53.2,137.34,blackgram,1131.62
107.16,21.18,62.78,6.96,36.29,61.97,49.43,muskmelon,18085.54
103.87,27.06,33.41,6.21,25.02,74.73,246.83,coffee,1359.12
15.57,5.01,37.08,5.77,27.51,78.51,283.78,coconut,12725.34
18.68,2.8,33.01,5.93,30.61,89.32,130.5,coconut,11282.35
100.41,46.24,66.64,6.74,31.91,56.99,61.56,pomegranate,17597.05
57.0,59.6,60.97,6.23,28.18,80.32,218.18,papaya,46293.11
1.38,126.57,207.22,5.61,15.55,69.02,195.65,apple,16998.87
101.18,59.91,67.31,7.06,37.39,41.53,80.74,pomegranate,18406.53
17.6,1.32,48.98,6.6,30.44,78.38,167.86,coconut,11467.38
131.89,51.54,16.01,6.14,27.39,63.84,177.91,cotton,2547.58
119.93,23.5,49.21,5.78,29.7,58.64,69.88,watermelon,30518.37
97.4,48.05,31.84,5.55,18.13,71.29,66.5,maize,6744.5
25.82,73.11,29.94,7.28,31.84,61.74,124.6,pigeonpeas,1359.29
7.63,16.36,18.65,6.65,14.0,83.14,162.58,orange,21100.47
18.1,3.27,38.41,7.44,28.45,90.78,291.86,coconut,11860.07
89.22,75.17,217.15,6.07,33.72,94.77,293.56,banana,36626.36
32.68,44.96,31.68,5.69,13.37,61.17,133.72,grapes,16665.97
115.0,23.04,56.82,5.67,30.94,77.25,55.31,watermelon,32044.58
118.81,19.43,60.77,6.5,34.87,74.63,59.29,muskmelon,16666.37
9.99,0.41,40.86,5.87,34.27,90.39,251.71,coconut,12504.08
26.26,61.52,31.0,4.85,31.06,42.15,37.59,mothbeans,898.29
108.89,35.12,33.32,6.88,22.61,65.2,151.47,coffee,1359.82
127.5,43.02,29.97,6.43,35.73,49.48,136.1,cotton,2693.63
43.7,70.43,33.51,7.36,26.41,62.08,83.2,blackgram,1048.93
1.23,7.52,47.87,6.92,29.42,69.47,292.28,coconut,11506.81
80.74,48.78,52.88,6.42,31.65,91.21,256.76,rice,5109.55
93.02,51.0,60.48,7.16,28.85,53.73,69.06,pomegranate,17123.51
27.54,64.28,34.54,6.46,25.48,54.92,148.9,kidneybeans,1747.21
107.7,49.69,29.35,7.08,39.11,54.07,100.1,cotton,2409.43
101.89,65.25,54.74,6.07,21.22,41.8,109.21,wheat,3699.38
19.6,61.83,28.27,6.5,26.16,66.57,103.44,pigeonpeas,1306.69
114.1,49.05,62.33,5.78,36.25,57.04,126.52,pomegranate,17468.21
11.64,3.19,44.26,6.18,29.53,75.86,122.69,coconut,12193.9
19.63,74.82,18.8,6.78,29.62,41.53,79.27,mungbean,1025.6
34.96,31.18,34.05,5.51,33.58,62.99,124.93,mango,11577.72
35.71,36.78,48.5,5.89,30.54,46.46,101.19,mango,10514.34
26.51,68.28,20.22,6.4,28.01,58.72,89.37,mungbean,1105.5
116.61,49.94,42.69,6.05,21.01,79.04,152.65,rice,4878.26
55.37,67.18,52.03,6.49,26.66,77.61,280.47,papaya,45457.42
27.29,59.43,21.0,6.27,28.28,46.52,87.25,mungbean,1072.91
73.83,64.58,44.52,7.69,35.0,83.03,258.02,jute,3208.11
34.58,59.52,30.73,6.44,31.45,62.81,80.83,blackgram,1031.88
76.33,49.91,54.65,7.51,30.68,72.37,232.76,jute,3383.03
2.72,10.65,5.13,7.17,26.2,82.52,177.24,orange,20216.38
32.49,54.86,36.78,5.54,21.3,77.11,67.47,grapes,16826.68
120.04,59.44,51.36,7.12,15.12,60.01,135.37,wheat,4322.84
27.5,75.77,28.13,5.78,34.53,67.18,151.83,pigeonpeas,1309.39
34.09,62.4,87.51,6.58,21.94,37.64,91.04,chickpea,1293.82
99.95,56.38,37.08,7.07,32.57,69.0,158.45,maize,6587.06
37.65,74.35,84.47,7.43,25.73,42.26,71.68,chickpea,1423.18
43.18,55.51,89.82,6.52,24.97,41.23,41.23,chickpea,1312.93
85.77,75.09,54.04,5.91,30.38,83.76,224.05,banana,32847.04
16.08,52.52,21.8,4.81,25.03,36.84,63.59,mothbeans,899.32
44.31,58.36,70.19,6.87,16.34,28.94,45.66,chickpea,1234.16
104.75,58.53,45.16,6.54,34.81,78.01,163.26,rice,4950.01
32.42,42.24,37.37,6.64,14.63,71.46,175.14,grapes,17897.15
64.0,53.46,58.36,6.43,30.18,71.61,209.85,jute,2910.23
34.09,49.17,48.4,6.79,21.74,66.79,131.27,grapes,16099.97
90.23,23.95,50.36,6.52,29.38,70.26,71.6,muskmelon,16939.42
26.94,53.32,24.42,4.52,28.04,41.41,65.08,mothbeans,930.91
124.54,55.56,36.99,6.91,11.0,46.03,56.07,wheat,3983.55
2.18,5.06,9.95,6.32,19.41,72.01,162.58,orange,20633.85
17.66,69.48,34.25,6.45,20.41,48.36,20.24,lentil,1509.22
7.72,0.99,39.28,7.1,27.48,91.38,124.63,coconut,12947.61
9.07,10.39,11.73,6.06,15.03,81.09,95.11,orange,24327.63
113.95,47.12,20.5,6.19,33.06,41.24,66.03,cotton,2814.62
28.97,68.68,21.89,7.17,30.42,49.09,139.47,pigeonpeas,1398.55
116.64,23.9,58.14,7.33,32.66,56.84,80.01,watermelon,30766.31
96.17,12.07,47.48,7.39,39.15,67.7,78.45,watermelon,29226.63
119.26,16.12,63.26,7.17,32.41,66.86,67.56,muskmelon,16204.33
70.02,51.92,41.17,7.82,30.78,71.72,300.34,jute,3172.16
89.4,53.29,24.09,6.95,21.35,57.28,130.92,maize,6500.99
29.99,59.88,26.04,7.11,26.03,58.56,103.93,mungbean,1087.93
43.77,56.14,29.39,6.09,25.99,62.31,98.03,blackgram,1099.12
115.54,21.09,48.6,7.27,31.98,73.32,89.37,muskmelon,17360.21
102.89,61.99,22.43,6.86,21.68,53.01,125.19,maize,6248.46
26.73,66.0,18.4,6.68,25.91,67.61,182.3,kidneybeans,1689.93
133.16,62.63,47.4,6.96,20.36,40.41,145.81,wheat,4011.35
22.31,66.13,22.73,7.35,16.78,43.37,53.35,lentil,1685.74
17.62,55.53,18.09,6.1,25.61,66.4,191.2,kidneybeans,1578.93
70.05,51.51,57.25,7.36,29.29,94.84,185.5,jute,3141.3
26.32,61.43,30.23,6.95,19.29,69.98,163.84,kidneybeans,1734.61
38.33,28.44,35.44,7.49,25.33,63.35,172.45,mango,11870.11
58.79,62.99,63.95,6.5,33.79,78.35,249.18,papaya,44381.75
88.83,53.12,45.78,6.6,28.5,86.02,274.28,rice,5252.55
14.63,17.91,16.53,6.02,12.24,67.68,83.82,orange,20197.07
28.79,77.92,24.12,6.02,36.83,63.12,133.22,pigeonpeas,1237.05
122.95,59.96,46.61,6.57,22.4,43.46,92.84,wheat,4431.72
1.68,145.21,196.87,6.46,10.34,77.29,170.49,apple,15646.1
101.43,47.52,24.89,7.63,23.85,71.83,199.13,cotton,2574.92
134.88,62.04,37.68,7.04,22.71,45.94,65.06,wheat,3938.6
20.85,61.57,21.19,6.78,30.38,37.24,55.84,mothbeans,924.51
28.24,74.92,24.86,6.92,31.88,43.48,117.29,mungbean,1106.07
53.25,61.47,64.66,6.04,29.1,91.88,175.06,papaya,44301.96
104.34,26.33,49.28,7.21,39.21,60.33,46.99,watermelon,31708.23
28.1,53.67,42.46,5.87,16.6,75.77,128.52,grapes,17665.28
59.01,65.48,53.47,6.73,28.15,72.06,214.58,papaya,45397.81
26.56,62.67,22.05,6.31,31.72,49.4,132.85,mungbean,1144.27
21.73,62.72,18.79,6.86,20.95,59.1,151.52,kidneybeans,1867.45
28.72,71.7,21.7,6.05,31.74,53.07,67.88,pigeonpeas,1306.36
105.69,36.53,40.34,6.22,25.98,66.98,159.95,coffee,1260.91
29.53,66.47,21.69,7.0,17.1,56.71,117.21,kidneybeans,1679.25
29.22,70.55,23.88,6.56,29.7,53.48,110.49,mungbean,1091.44
16.26,60.94,22.67,6.45,38.43,64.75,91.68,pigeonpeas,1155.17
102.63,21.61,26.82,6.14,25.86,83.1,169.26,coffee,1262.58
36.36,61.12,70.11,7.07,16.75,27.19,74.88,chickpea,1284.16
38.05,70.45,76.23,6.35,28.04,44.27,62.1,chickpea,1441.94
22.8,59.34,27.59,6.35,29.06,50.21,62.85,mungbean,1191.95
28.16,65.83,31.68,7.05,14.55,49.49,24.14,lentil,1541.67
27.24,70.46,34.47,5.79,33.39,49.58,106.37,pigeonpeas,1251.93
47.13,58.51,81.68,6.81,17.56,20.31,49.13,chickpea,1279.38
89.25,74.97,224.08,5.75,25.4,77.11,221.24,banana,33474.23
44.1,72.36,75.08,6.13,20.78,27.93,79.02,chickpea,1361.15
39.6,29.24,36.98,6.28,35.37,53.03,98.87,mango,11065.03
24.36,71.03,29.36,6.78,16.37,68.49,190.39,kidneybeans,1836.27
1.35,0.32,45.46,6.59,32.05,63.0,254.92,coconut,11420.48
50.95,56.38,59.09,6.86,25.16,72.86,288.83,papaya,48458.34
16.24,58.2,24.67,5.65,26.21,63.05,109.48,kidneybeans,1686.26
19.95,0.1,47.64,7.39,27.59,81.97,256.54,coconut,10703.76
32.14,61.92,80.14,6.57,18.22,37.58,68.29,chickpea,1318.24
19.03,79.71,31.88,7.09,35.01,69.58,124.61,pigeonpeas,1133.03
116.02,13.87,54.71,6.03,39.35,76.03,55.36,muskmelon,16645.11
135.31,57.48,43.92,6.61,12.73,58.29,94.85,wheat,4064.93
44.79,67.97,26.39,6.79,34.41,68.22,84.56,blackgram,1068.67
44.88,67.5,64.21,6.33,28.42,75.41,279.72,papaya,42690.43
18.72,54.33,27.81,5.99,31.45,29.84,31.96,mothbeans,992.28
127.95,69.48,35.57,7.11,23.9,41.87,61.02,wheat,3773.22
118.77,42.83,61.95,7.22,26.64,41.17,83.31,pomegranate,14996.2
101.18,12.94,61.26,6.56,37.49,79.66,47.91,muskmelon,17962.68
36.25,72.72,28.18,7.1,27.01,57.87,71.64,blackgram,1090.06
23.86,56.64,20.73,5.62,16.3,69.54,121.22,kidneybeans,1821.21
32.6,27.47,30.43,6.14,28.22,54.98,193.95,mango,11818.65
27.16,49.57,49.85,6.43,18.8,53.99,198.17,grapes,16936.91
16.27,120.51,206.81,6.03,16.4,55.38,153.7,apple,16389.78
23.75,38.45,49.17,6.71,24.27,63.6,96.27,grapes,17575.83
69.13,54.85,40.38,7.63,34.43,82.71,225.51,jute,3217.89
82.02,51.89,45.9,6.5,32.54,75.36,239.36,rice,5083.79
5.34,6.28,37.34,7.08,36.37,70.15,273.76,coconut,11950.44
132.85,43.52,18.77,6.2,38.66,54.12,113.39,cotton,2709.02
39.92,25.67,31.17,5.56,28.17,59.94,80.17,mango,11090.12
24.64,56.4,19.96,6.45,21.85,63.72,117.8,kidneybeans,1668.72
21.07,61.1,32.64,5.53,38.48,64.8,75.24,pigeonpeas,1298.49
98.15,78.14,58.61,5.66,29.9,84.08,187.64,banana,34850.52
19.45,18.79,8.81,6.93,18.49,77.4,131.4,orange,18980.4
71.37,47.8,49.46,6.73,36.9,79.72,160.01,jute,3251.67
110.45,13.08,45.09,7.03,24.25,77.01,67.06,watermelon,30923.01
21.0,51.91,32.3,6.37,20.9,50.03,191.68,grapes,14999.68
111.87,51.21,42.38,6.38,15.79,44.92,76.19,wheat,4016.87
119.13,54.9,55.29,6.64,27.21,84.13,186.03,rice,4850.52
18.31,8.84,44.47,6.02,28.88,75.25,107.81,coconut,11281.31
25.36,26.37,41.45,5.82,27.14,58.38,184.2,mango,12641.66
118.83,70.5,184.64,6.54,26.61,78.84,141.64,banana,35890.78
23.98,67.15,34.3,6.75,24.77,56.79,133.49,kidneybeans,1827.96
109.51,26.83,53.4,7.4,33.71,76.85,35.84,watermelon,32944.08
136.93,55.76,48.58,6.08,24.34,64.52,123.91,wheat,4034.9
95.14,15.71,51.57,6.15,35.94,71.51,87.39,watermelon,31281.65
51.21,65.58,64.77,6.43,34.9,74.28,293.73,papaya,43488.34
105.69,12.64,51.23,7.33,33.33,64.08,77.96,muskmelon,17967.0
15.04,64.16,25.03,7.04,30.41,52.23,78.23,mungbean,1099.9
17.7,53.2,33.96,7.59,22.72,51.81,25.74,lentil,1477.52
24.09,37.69,37.95,6.4,28.48,74.88,131.84,grapes,17597.38
10.2,18.16,8.24,6.13,24.39,73.75,118.99,orange,20797.83
96.32,31.6,34.57,6.95,16.25,81.91,267.78,coffee,1382.42
119.05,28.59,43.4,6.52,18.74,84.27,242.71,coffee,1181.01
18.36,65.34,28.85,5.82,19.51,54.33,190.29,kidneybeans,1747.77
113.63,27.6,57.96,6.42,36.31,62.49,99.42,watermelon,30034.36
25.69,21.23,36.4,6.69,26.03,73.59,163.91,mango,12042.36
28.55,26.15,45.33,5.79,34.12,64.84,179.58,mango,12806.84
17.72,71.66,25.85,6.74,34.71,53.13,112.97,mungbean,1108.31
16.62,71.02,28.63,6.3,27.87,42.74,131.78,mungbean,1080.19
35.62,68.01,32.62,7.48,22.92,60.07,183.58,blackgram,1084.73
19.2,61.14,20.16,6.63,26.09,65.8,161.26,kidneybeans,1708.71
26.51,64.85,30.17,5.54,37.4,57.34,191.46,pigeonpeas,1310.53
121.38,55.53,35.6,7.22,12.65,41.3,125.59,wheat,3951.44
97.38,64.22,58.3,6.77,26.65,35.04,117.08,pomegranate,17610.79
30.46,51.39,39.77,5.68,15.35,79.66,160.23,grapes,17790.87
35.18,26.97,32.88,6.21,33.86,68.61,172.12,mango,11170.66
97.07,44.85,33.02,6.67,20.63,72.14,111.59,maize,6447.34
41.08,67.32,85.92,7.91,16.96,42.1,79.34,chickpea,1403.96
40.15,66.45,86.32,7.82,26.8,34.57,67.9,chickpea,1439.88
111.64,23.91,59.81,6.74,32.96,76.59,78.83,muskmelon,16987.19
26.6,71.76,34.01,5.6,24.59,64.18,120.7,kidneybeans,1643.0
18.76,67.14,33.98,5.95,19.52,69.87,117.62,kidneybeans,1698.39
67.98,52.07,44.9,7.93,24.45,74.78,155.66,jute,3125.78
21.69,24.57,48.64,7.16,27.72,51.18,90.39,mango,11635.39
26.73,39.75,45.71,6.81,19.03,58.77,113.28,grapes,17929.58
32.06,73.99,28.99,6.83,24.57,60.32,114.53,blackgram,1018.49
42.69,67.5,46.25,6.64,31.1,89.29,252.28,papaya,43732.48
20.81,25.4,38.97,6.54,25.14,69.9,191.42,mango,11902.34
84.76,58.34,46.43,6.41,26.98,83.01,229.78,rice,4896.0
33.68,28.23,45.41,5.77,31.84,45.39,100.4,mango,13206.89
94.22,67.36,65.91,6.74,36.8,59.22,98.39,pomegranate,16694.38
75.96,53.06,58.08,7.52,34.43,80.34,154.97,jute,3281.93
39.91,63.55,20.48,7.31,22.71,54.79,150.79,blackgram,1162.65
15.89,54.41,26.57,6.2,31.04,42.43,69.15,mothbeans,962.17
72.87,56.94,53.4,6.99,32.55,87.71,185.89,jute,3302.48
46.85,56.72,21.6,6.8,25.35,50.29,168.12,blackgram,1006.73
126.68,56.36,41.92,6.88,18.95,47.87,83.03,wheat,4075.0
109.49,42.69,58.16,7.0,27.96,45.87,96.11,pomegranate,17787.91
17.82,56.71,30.76,6.14,27.92,35.37,68.19,mothbeans,926.04
112.51,34.29,41.99,7.22,25.21,84.51,291.67,coffee,1175.2
23.0,66.67,22.28,5.78,35.59,49.21,104.44,pigeonpeas,1365.16
18.22,71.92,18.15,7.07,25.56,47.83,132.02,mungbean,1041.55
23.94,58.14,34.29,5.88,23.72,54.62,161.61,kidneybeans,1751.12
93.59,41.42,49.51,6.63,24.28,81.7,276.85,rice,5137.33
17.32,65.88,33.97,7.72,21.62,48.03,51.27,lentil,1512.76
102.21,15.63,58.56,6.84,39.0,56.99,62.73,watermelon,33007.63
113.12,66.12,36.74,6.07,24.97,61.74,138.28,wheat,3990.52
34.66,24.46,48.62,6.12,31.51,70.93,138.05,mango,11423.52
104.91,61.24,26.62,5.89,22.51,56.82,122.61,maize,6230.73
108.75,67.27,224.13,6.81,28.68,91.2,236.23,banana,35657.46
105.6,12.11,56.2,6.63,25.04,72.27,40.43,watermelon,33792.81
29.6,54.39,49.95,6.26,11.45,68.59,150.14,grapes,15425.33
19.78,62.33,33.62,6.47,27.55,29.73,74.64,mothbeans,900.3
18.72,11.26,16.64,7.49,24.85,72.79,128.24,orange,20811.53
21.53,69.96,34.79,5.97,25.29,47.78,98.01,pigeonpeas,1295.81
133.95,60.13,39.46,7.42,14.12,40.66,74.27,wheat,4230.25
24.16,64.8,20.15,6.55,22.75,56.84,135.63,kidneybeans,1958.18
104.33,63.94,48.62,7.16,37.36,41.69,105.75,pomegranate,18510.14
93.73,64.21,62.64,6.28,30.4,83.88,290.12,banana,34609.01
105.14,51.23,42.92,5.89,32.4,45.97,117.85,pomegranate,18645.22
30.72,26.83,42.16,6.24,25.51,71.18,136.25,mango,13625.26
21.02,31.84,31.69,7.24,33.87,45.26,144.52,mango,11234.48
6.87,8.41,13.5,6.16,24.19,68.44,100.87,orange,23016.68
103.82,45.59,23.37,6.44,24.0,65.38,90.54,maize,6283.52
14.32,2.52,45.35,5.51,34.77,62.46,275.87,coconut,12048.82
76.16,57.58,42.09,6.29,33.52,92.52,253.77,jute,3273.83
19.85,69.53,24.27,6.37,28.21,57.54,85.51,mungbean,1153.19
79.91,48.97,53.18,6.35,33.24,85.27,177.97,jute,3227.97
48.96,58.3,32.11,6.42,22.37,50.81,125.79,blackgram,989.21
15.38,64.46,19.64,3.94,33.58,38.27,51.8,mothbeans,833.8
83.98,22.05,30.86,6.71,17.89,68.28,164.45,coffee,1158.87
114.7,46.12,52.38,6.64,21.92,90.62,290.78,rice,4857.78
29.67,75.73,27.74,5.83,27.59,60.36,121.19,pigeonpeas,1244.33
27.96,55.63,23.9,7.06,34.01,55.13,120.29,mungbean,1055.56
109.28,62.4,50.74,6.09,22.75,61.52,84.23,wheat,4035.19
40.69,55.55,80.08,7.09,26.03,36.24,55.09,chickpea,1396.14
26.38,60.94,26.98,6.33,17.8,37.9,25.01,lentil,1627.91
119.21,48.63,23.32,6.57,36.75,57.94,96.0,cotton,2933.0
20.3,59.75,20.08,6.47,19.15,54.51,186.6,kidneybeans,1646.4
106.22,11.48,50.09,6.95,36.08,77.23,80.08,watermelon,31362.75
1.35,12.23,17.26,6.36,20.8,71.74,146.68,orange,21907.14
78.81,50.34,41.87,7.94,24.38,74.62,284.25,jute,3144.18
20.94,36.42,46.93,6.84,21.31,76.73,160.01,grapes,16866.13
19.32,47.33,22.2,4.25,32.06,29.31,40.8,mothbeans,890.02
32.75,43.94,33.8,5.8,9.13,53.02,102.17,grapes,17615.43
19.07,47.55,33.88,4.51,29.51,44.93,58.33,mothbeans,867.95
128.29,69.76,54.43,7.38,21.33,55.24,67.22,wheat,3724.98
28.07,48.2,30.63,3.97,28.11,35.31,32.47,mothbeans,881.5
109.67,54.62,55.66,6.35,21.57,93.08,279.84,rice,4928.14
118.65,51.92,58.66,6.71,27.01,90.7,152.68,rice,4954.37
11.11,138.78,202.47,6.02,12.47,71.02,139.65,apple,19805.12
17.34,70.54,24.89,6.92,25.92,54.5,106.07,mungbean,1113.07
116.83,63.62,87.05,6.03,25.6,76.5,102.2,banana,32917.55
62.4,58.6,48.8,6.3,34.3,70.48,236.13,jute,3150.52
24.0,52.7,22.1,6.63,17.84,35.76,79.95,lentil,1615.65
93.49,27.52,63.0,5.9,39.04,77.03,44.34,watermelon,29334.2
17.01,132.97,202.79,6.67,17.82,65.3,196.71,apple,18171.37
47.59,71.33,18.15,6.81,33.87,61.97,107.74,blackgram,1043.19
127.15,51.13,22.89,7.27,38.2,44.38,67.79,cotton,2854.47
24.91,60.72,34.5,5.78,28.49,69.37,169.09,pigeonpeas,1191.1
6.17,6.42,5.04,6.92,20.56,89.87,114.63,orange,20632.42
91.88,42.16,28.56,5.83,23.89,69.84,94.43,maize,6472.89
72.47,61.96,49.52,7.97,24.81,76.78,253.69,jute,3311.63
28.0,54.83,31.29,6.03,34.93,33.76,51.38,mothbeans,900.21
20.47,72.6,33.77,7.0,27.76,57.74,62.96,mungbean,1101.63
82.23,56.84,51.69,7.94,30.05,90.21,172.5,jute,3346.16
3.22,120.16,197.62,6.99,13.54,52.01,156.41,apple,16636.29
22.6,73.51,34.83,6.04,16.51,57.26,122.34,kidneybeans,1720.82
24.68,76.24,20.19,6.73,36.61,52.81,75.76,pigeonpeas,1275.22
24.78,64.21,22.05,6.66,33.5,44.14,93.05,mungbean,1107.0
22.18,53.69,38.15,6.59,12.29,65.92,103.42,grapes,17632.74
29.92,60.87,32.78,6.21,25.17,26.3,75.75,mothbeans,845.05
84.12,40.82,44.92,5.6,26.83,85.32,196.89,rice,4758.3
12.38,0.4,31.43,5.89,34.5,87.94,229.44,coconut,11306.65
22.62,68.51,29.92,7.34,34.0,50.68,67.37,pigeonpeas,1395.46
20.05,70.53,19.62,6.61,18.39,52.71,167.82,kidneybeans,1786.76
28.79,70.73,32.22,6.89,22.64,69.9,103.33,kidneybeans,1738.99
91.68,49.8,51.73,6.24,21.26,79.87,276.54,rice,5307.47
16.78,60.23,21.54,6.57,26.69,34.84,54.36,mothbeans,878.28
39.1,74.26,19.86,6.85,26.44,62.93,154.33,blackgram,1033.45
117.69,52.61,20.44,7.18,34.13,41.75,155.42,cotton,2704.28
37.08,24.15,30.66,6.98,34.95,64.28,130.96,mango,11696.79
109.39,60.97,43.52,7.19,17.33,52.52,148.91,wheat,4249.35
51.96,69.78,64.84,6.42,28.67,87.04,205.15,papaya,43883.35
8.49,126.11,206.69,6.41,4.93,65.98,169.45,apple,17412.79
106.6,69.76,41.54,6.13,13.73,41.46,129.0,wheat,3868.7
16.21,56.88,34.77,7.59,21.89,37.7,41.87,lentil,1568.9
30.33,58.4,34.91,6.37,22.26,55.57,123.09,blackgram,997.4
16.02,2.64,46.36,6.79,31.81,94.03,177.33,coconut,11622.95
90.85,56.21,21.06,6.18,29.73,54.4,90.93,maize,5995.75
100.89,27.66,33.31,7.07,15.86,85.95,158.6,coffee,1429.11
98.9,50.2,46.24,6.95,31.0,82.38,176.22,rice,5193.67
115.98,13.12,46.96,6.76,37.51,78.08,57.99,watermelon,30470.6
138.31,67.51,38.07,7.17,12.22,62.83,101.79,wheat,3648.61
15.33,45.72,23.24,5.63,34.59,26.82,65.16,mothbeans,878.03
13.26,0.85,48.53,7.18,32.36,86.04,170.31,coconut,11930.23
32.99,23.68,38.43,7.34,34.54,59.9,89.09,mango,12416.63
115.41,69.73,68.94,6.13,30.71,52.46,51.35,pomegranate,15962.37
36.24,34.48,47.56,6.53,30.32,46.12,139.4,mango,11120.07
26.79,59.92,27.46,7.92,15.12,51.08,62.71,lentil,1690.12
20.39,69.23,24.91,6.34,31.11,50.45,148.37,mungbean,1097.1
21.76,58.6,30.66,6.9,30.32,43.13,110.12,mungbean,1105.32
101.9,38.86,15.84,6.36,31.15,69.9,151.45,cotton,2581.76
103.36,41.12,36.49,6.34,25.05,58.18,195.71,maize,6282.51
25.41,33.7,46.0,5.93,24.98,61.54,158.02,mango,11753.79
19.09,46.04,46.23,5.78,8.1,53.77,124.53,grapes,17115.56
52.31,64.77,58.1,6.36,28.68,83.73,179.01,papaya,46196.4
97.06,29.72,41.0,7.06,15.55,77.36,168.71,coffee,1431.44
26.73,51.02,28.59,6.63,26.44,37.4,77.4,mothbeans,929.38
117.44,44.04,28.83,7.16,28.97,74.42,124.74,cotton,2840.0
29.17,46.27,35.24,6.19,12.36,71.53,158.5,grapes,18724.82
12.56,9.75,44.86,7.11,36.78,73.34,113.82,coconut,11188.53
60.9,61.16,44.77,7.49,28.62,75.62,244.14,jute,2928.49
102.45,47.71,45.41,6.28,24.72,86.28,251.5,rice,5318.97
17.83,73.03,31.33,6.02,26.37,54.78,140.68,kidneybeans,1748.25
21.35,74.46,18.24,6.53,32.75,47.2,142.89,mungbean,1098.03
19.69,61.48,21.82,5.68,26.9,49.09,105.77,pigeonpeas,1286.95
25.07,62.63,32.38,6.26,33.93,45.37,63.83,mungbean,1108.73
2.27,131.97,203.33,5.95,1.88,57.49,124.57,apple,17389.45
15.23,61.75,24.75,6.66,17.63,39.47,31.01,lentil,1546.81
25.78,51.28,40.7,6.99,13.3,72.26,120.53,grapes,18617.39
98.39,16.27,52.63,6.59,33.88,69.11,27.17,muskmelon,18338.86
15.34,5.94,48.93,7.03,35.87,72.65,262.2,coconut,11582.39
38.06,58.86,78.03,6.66,28.05,32.17,45.83,chickpea,1351.19
91.19,16.15,54.88,6.92,35.81,76.61,39.14,muskmelon,19020.58
34.01,67.2,20.4,6.75,29.58,62.71,88.88,blackgram,1109.01
29.04,67.02,21.33,6.52,19.12,50.99,130.23,kidneybeans,1702.8
6.14,3.98,47.75,7.06,33.9,74.25,168.21,coconut,13139.98
18.37,64.18,31.64,6.99,31.0,59.56,101.74,mungbean,1108.44
28.99,47.16,49.46,5.84,18.59,77.48,146.45,grapes,16157.64
15.08,2.95,36.86,5.73,30.43,65.94,207.8,coconut,12598.67
28.62,32.42,47.86,5.82,28.34,68.94,123.3,mango,13364.39
124.33,53.56,52.63,6.31,11.37,61.89,79.53,wheat,4052.72
33.63,52.37,39.02,6.37,26.64,76.14,137.98,grapes,15976.66
109.05,60.5,53.56,7.44,11.92,48.73,119.81,wheat,3949.51
95.91,16.01,52.21,6.84,32.41,71.24,98.03,watermelon,31264.04
26.19,65.1,23.93,6.99,31.17,50.15,129.58,mungbean,1133.42
28.55,43.85,39.73,5.58,18.03,74.01,142.81,grapes,19092.98
109.06,60.4,46.93,7.47,33.38,59.24,63.95,pomegranate,18135.46
20.89,28.19,39.25,6.51,25.81,67.43,180.42,mango,12754.16
111.19,50.64,47.29,6.56,19.77,42.72,51.38,wheat,4152.75
82.03,59.63,49.38,6.85,27.13,76.21,273.33,rice,4846.12
20.74,49.98,20.48,4.01,26.82,35.74,67.9,mothbeans,897.89
28.38,61.42,18.34,6.41,20.26,64.99,152.46,kidneybeans,1657.23
36.08,79.22,78.97,6.09,18.29,28.56,99.96,chickpea,1354.92
109.5,41.44,50.31,6.22,33.83,84.87,220.25,rice,5171.92
7.69,9.73,36.99,5.51,36.54,68.29,238.82,coconut,11911.92
72.41,50.72,55.69,7.05,31.23,74.04,332.7,jute,3345.71
93.89,27.05,64.62,5.64,25.94,69.72,36.04,watermelon,29247.59
5.01,138.7,198.2,5.52,17.22,54.37,169.38,apple,17818.88
119.01,75.11,146.98,6.14,26.29,87.3,110.47,banana,35362.05
58.87,60.98,46.43,6.2,29.61,91.15,284.39,papaya,45472.13
20.53,58.35,26.59,5.98,25.96,60.69,186.6,kidneybeans,1856.44
105.88,42.3,41.8,5.74,35.04,35.48,132.42,pomegranate,16888.84
56.58,63.26,45.22,6.39,34.38,81.29,274.26,papaya,44879.34
15.01,54.33,34.94,7.46,20.38,49.52,44.5,lentil,1445.25
50.22,59.04,62.25,6.8,32.14,83.18,185.2,papaya,46656.36
27.86,73.33,26.13,6.68,17.34,62.06,135.86,kidneybeans,1788.01
128.95,51.33,52.25,7.25,11.33,40.59,55.63,wheat,3781.42
12.78,142.72,203.05,6.21,18.27,65.89,150.93,apple,19171.18
86.54,49.28,21.05,6.98,20.56,56.43,168.53,maize,6166.39
3.29,122.23,198.64,5.58,6.92,67.67,114.11,apple,16668.57
101.37,34.85,39.25,6.47,25.18,81.02,182.73,coffee,1372.64
90.96,65.4,127.86,6.12,31.34,81.01,154.56,banana,34734.34
41.62,67.09,75.23,7.58,17.95,26.06,88.91,chickpea,1470.43
15.97,18.89,9.91,7.31,16.77,66.82,134.94,orange,19696.18
9.05,140.21,199.08,6.49,19.97,64.51,102.83,apple,18584.55
2.97,120.73,195.41,5.67,19.9,63.46,162.39,apple,14370.64
15.53,74.42,32.41,6.53,33.1,53.42,97.19,pigeonpeas,1233.34
100.2,16.88,52.48,6.43,30.98,67.26,82.68,watermelon,32674.35
29.01,78.98,31.05,5.91,27.92,66.99,84.16,pigeonpeas,1270.12
31.58,40.51,36.35,6.31,20.04,74.33,114.31,grapes,16514.09
37.6,64.59,31.66,7.05,33.05,57.53,88.32,blackgram,1122.23
36.07,68.25,85.93,6.92,18.42,44.84,38.09,chickpea,1356.61
21.17,72.29,26.65,6.28,15.06,62.74,110.78,kidneybeans,1920.12
32.21,58.07,27.01,6.41,30.18,57.46,98.7,blackgram,1078.56
24.72,69.62,20.96,6.54,17.15,52.75,114.74,kidneybeans,1819.16
114.13,12.61,51.32,6.82,24.54,56.4,83.35,watermelon,31266.67
51.53,62.97,61.42,6.75,30.92,84.95,282.04,papaya,46778.28
91.03,61.99,29.49,6.18,21.67,62.12,160.33,maize,6301.6
71.24,46.82,54.97,7.05,34.3,72.91,349.45,jute,2999.14
18.7,59.45,29.43,6.6,33.35,52.77,85.94,mungbean,1129.83
95.53,35.21,30.55,7.15,18.0,83.85,179.16,coffee,1266.65
24.61,23.29,40.67,6.94,30.33,69.62,189.26,mango,12294.26
28.61,66.23,31.6,5.84,36.18,58.93,88.63,pigeonpeas,1296.54
118.14,49.88,36.0,7.43,29.96,54.04,142.06,maize,5886.64
0.85,19.84,9.91,6.6,18.73,87.01,175.89,orange,18967.94
9.05,4.91,41.92,6.35,34.26,60.17,196.6,coconut,14002.74
18.92,9.67,39.73,5.65,36.19,78.3,127.77,coconut,11839.82
18.84,72.08,27.43,6.42,34.26,56.46,83.88,mungbean,1127.06
97.19,21.66,62.29,6.56,34.19,71.97,81.78,watermelon,31211.27
18.75,146.17,206.52,6.37,20.22,79.26,163.73,apple,16632.12
111.77,53.68,15.82,7.76,34.62,52.7,183.15,cotton,2528.22
90.43,23.31,55.93,6.47,37.65,58.97,70.15,watermelon,31412.33
15.85,44.76,33.87,6.69,28.9,73.31,179.22,grapes,16363.59
114.36,58.25,44.24,6.2,31.0,92.57,206.86,rice,4807.81
7.24,4.02,49.91,6.14,32.55,82.17,235.57,coconut,11525.96
33.97,40.31,38.84,6.84,16.94,78.64,88.06,grapes,16333.89
19.87,16.61,13.31,6.79,24.35,80.02,120.71,orange,21295.49
24.12,59.52,31.28,6.88,32.73,59.35,112.61,mungbean,1114.06
32.97,59.48,85.04,6.3,22.04,38.29,75.59,chickpea,1345.55
97.58,32.48,29.25,6.43,16.84,82.79,237.34,coffee,1404.88
40.62,68.02,64.64,6.24,31.57,86.97,294.94,papaya,42932.36
96.87,61.38,169.52,6.83,26.18,77.64,194.91,banana,37001.3
103.9,22.53,54.37,6.61,29.48,73.89,63.39,muskmelon,18494.57
19.68,3.44,42.66,6.05,35.27,73.24,178.14,coconut,11891.72
94.87,64.54,248.57,5.91,29.38,80.28,199.22,banana,35691.73
29.16,65.14,26.98,6.97,19.4,68.86,169.49,kidneybeans,1830.25
108.19,41.11,47.15,6.1,38.73,49.59,110.2,pomegranate,16549.91
27.06,63.46,18.91,3.92,31.72,37.09,49.13,mothbeans,868.12
26.32,65.35,21.02,6.34,26.38,64.11,129.88,kidneybeans,1750.67
100.73,17.25,53.1,7.05,31.28,70.18,60.97,watermelon,35168.15
120.02,43.52,21.45,6.08,35.53,52.33,126.73,cotton,3084.25
104.14,60.06,48.44,7.19,18.84,59.35,89.27,wheat,4052.89
104.87,56.77,29.1,6.08,19.09,58.76,84.65,maize,6644.14
6.32,128.41,203.88,6.89,21.96,53.16,154.02,apple,18203.96
5.49,7.93,45.87,6.22,29.67,83.24,173.56,coconut,12462.01
102.03,59.27,26.34,6.81,26.19,62.58,72.61,maize,6628.96
111.32,63.65,47.85,6.98,19.12,63.98,100.83,wheat,4017.56
45.27,62.37,80.1,6.45,20.68,44.13,78.52,chickpea,1419.72
29.91,61.09,32.04,6.98,33.88,55.97,167.21,pigeonpeas,1093.09
100.63,58.72,59.54,5.85,20.74,78.07,159.5,rice,4907.71
24.73,56.5,19.76,6.48,32.77,46.47,102.37,mungbean,1075.75
94.13,55.75,56.64,6.73,26.25,81.43,262.32,rice,5004.32
80.26,78.88,58.85,6.52,28.22,83.47,267.61,banana,31398.13
113.12,36.03,30.4,6.85,24.49,67.59,229.59,coffee,1218.6
22.39,51.48,36.68,5.76,13.11,51.03,186.16,grapes,17073.3
12.76,6.87,17.21,6.95,23.12,86.9,145.09,orange,20867.8
20.13,62.77,18.19,7.09,34.77,57.25,60.52,mungbean,1107.99
105.21,40.58,25.57,6.51,33.07,56.79,168.53,maize,6358.27
103.44,69.01,140.06,5.69,33.42,82.81,216.36,banana,39881.33
24.2,64.27,31.87,6.66,22.88,42.09,20.42,lentil,1559.09
111.22,56.82,45.21,5.98,23.64,84.6,252.49,rice,5095.21
132.41,36.44,28.11,7.91,39.8,44.51,128.14,cotton,2565.88
89.42,69.18,184.55,5.72,30.31,91.94,216.82,banana,36214.8
103.23,56.47,39.75,6.02,11.43,51.33,83.97,wheat,3817.25
62.7,52.16,49.25,7.87,31.93,93.56,254.88,jute,3228.35
28.47,74.62,30.93,7.25,36.87,55.8,81.02,pigeonpeas,1193.07
1.03,131.83,204.85,6.77,8.97,74.58,175.69,apple,17515.95
6.52,2.64,41.95,6.33,36.05,65.72,108.22,coconut,12787.3
98.52,60.5,33.81,5.76,19.94,69.3,147.56,maize,6541.65
117.33,18.46,47.01,6.79,39.44,62.0,87.98,muskmelon,17734.07
29.49,58.89,21.96,6.82,25.77,40.68,65.76,mungbean,1044.18
20.73,51.67,21.15,6.84,29.31,37.16,36.06,mothbeans,891.42
112.99,50.47,38.07,6.84,19.8,56.22,127.84,wheat,3959.66
110.67,63.29,42.35,6.31,36.55,59.81,50.99,pomegranate,16803.22
22.45,44.31,43.76,6.09,17.35,71.03,197.92,grapes,17988.16
27.73,33.49,40.19,6.94,33.45,45.93,187.22,mango,13632.57
115.39,65.86,146.61,6.83,31.71,87.75,232.11,banana,35047.11
87.87,47.54,47.88,5.7,22.44,88.69,200.92,rice,5199.29
110.94,50.31,39.13,6.47,12.67,40.5,65.74,wheat,3906.85
47.06,62.95,46.56,6.62,34.14,72.34,187.95,papaya,45868.1
94.59,73.75,233.89,5.83,25.14,91.48,244.54,banana,35908.86
44.5,74.98,31.55,6.76,33.5,64.16,108.02,blackgram,1053.88
20.66,65.7,27.53,6.43,27.05,56.07,66.86,mungbean,1179.97
54.73,59.62,55.43,6.11,26.38,84.45,206.64,papaya,47067.95
81.85,60.27,59.47,7.98,30.7,91.51,297.43,jute,3022.0
54.01,68.25,47.35,6.91,33.87,77.44,257.43,papaya,43688.27
94.81,11.36,48.71,6.33,31.94,60.9,86.4,watermelon,29116.86
121.06,53.4,51.36,6.88,13.95,63.24,61.52,wheat,4148.34
18.47,49.36,30.51,3.78,26.67,42.72,58.85,mothbeans,891.14
134.83,63.78,45.65,6.58,22.18,57.74,96.84,wheat,4068.44
112.96,44.89,19.31,6.91,37.65,44.83,100.81,cotton,2814.14
17.91,45.22,22.37,5.02,26.51,35.28,62.9,mothbeans,860.98
92.63,69.11,193.26,5.75,34.02,81.43,296.53,banana,37488.86
104.03,50.94,38.39,7.18,32.94,65.74,148.9,maize,6784.19
15.91,61.57,20.88,6.42,15.03,35.29,73.51,lentil,1544.52
16.27,53.38,19.56,4.09,24.26,31.0,78.5,mothbeans,883.21
50.11,53.69,52.76,6.07,25.06,94.38,158.22,papaya,47888.78
16.5,63.02,34.72,6.63,26.82,64.92,160.81,kidneybeans,1687.51
117.95,31.8,32.87,6.24,24.46,84.35,181.04,coffee,1212.53
18.71,59.08,18.27,5.13,31.66,25.93,74.87,mothbeans,868.57
121.21,57.49,48.37,7.22,23.22,53.68,131.99,wheat,4278.21
67.91,64.66,50.81,7.94,32.03,77.34,267.28,jute,3166.43
27.63,59.63,32.39,7.02,22.18,49.41,35.96,lentil,1590.39
108.66,53.09,35.88,6.1,21.43,58.77,117.41,maize,6342.95
33.13,57.4,82.8,7.22,24.75,39.33,52.85,chickpea,1320.06
129.14,50.86,35.1,7.09,24.23,58.91,97.16,wheat,3539.56
85.84,59.49,49.9,7.65,35.21,79.41,179.96,jute,3066.52
28.64,76.06,18.7,7.26,39.53,63.55,81.19,pigeonpeas,1230.0
98.72,23.32,60.37,7.33,36.64,66.61,33.01,muskmelon,17047.17
94.67,16.47,56.22,5.53,38.6,60.99,36.2,watermelon,31603.33
111.39,65.75,47.65,7.39,24.72,41.06,94.49,wheat,4135.5
24.14,56.54,21.06,6.73,31.95,50.28,92.0,mungbean,1081.4
15.95,59.49,32.02,6.71,25.25,56.52,152.8,kidneybeans,1652.59
115.28,79.44,106.35,6.18,30.29,79.11,246.32,banana,34351.16
114.75,21.28,63.05,6.71,39.44,68.01,24.91,muskmelon,17117.31
119.36,40.74,18.78,7.45,26.37,72.59,116.42,cotton,2804.96
33.56,44.75,48.28,6.9,21.72,54.52,81.32,grapes,15954.7
20.07,58.4,32.49,6.48,15.26,35.15,29.3,lentil,1635.7
84.22,63.14,204.76,6.31,30.82,94.35,200.97,banana,34006.97
107.98,67.74,66.06,6.02,38.27,42.5,87.48,pomegranate,15245.9
30.12,59.89,29.19,6.66,23.47,65.62,76.12,blackgram,1058.74
0.57,8.33,46.98,6.93,30.56,84.74,214.92,coconut,11226.82
114.44,13.67,49.4,7.45,38.6,75.32,42.17,watermelon,30545.21
94.43,10.76,51.87,7.15,32.86,56.62,56.24,watermelon,30992.83
6.72,2.32,43.16,5.67,34.87,67.94,218.7,coconut,13027.78
113.57,41.44,32.32,7.04,27.36,74.58,156.05,maize,6274.4
43.63,66.55,47.49,6.44,34.07,85.88,241.07,papaya,41696.37
3.98,5.15,33.17,7.32,28.83,80.13,101.12,coconut,12121.17
19.2,71.86,29.15,6.95,19.11,61.03,179.0,kidneybeans,1804.26
15.65,56.13,34.91,5.0,34.89,27.52,49.62,mothbeans,877.61
111.09,61.72,25.86,6.43,18.16,68.67,102.33,maize,6042.02
113.93,19.8,54.94,6.03,30.0,66.73,62.1,muskmelon,17998.45
0.66,16.96,7.09,6.03,16.03,86.6,84.43,orange,19691.79
103.93,62.74,67.5,6.88,29.83,46.58,69.55,pomegranate,18269.67
18.91,41.9,46.23,5.87,26.07,75.84,153.29,grapes,17238.22
94.53,29.12,35.2,6.47,23.91,77.75,216.21,coffee,1440.06
95.36,12.46,53.15,7.45,35.2,70.41,57.32,watermelon,31621.06
103.0,35.2,30.3,7.17,17.27,73.92,186.43,coffee,1269.18
19.65,68.73,23.15,7.46,12.55,37.57,38.69,lentil,1608.8
63.73,54.59,51.21,6.05,34.28,82.29,155.11,jute,3428.68
14.19,6.74,8.87,6.37,23.4,75.02,144.14,orange,19583.85
79.34,62.69,47.19,7.1,32.98,93.21,239.61,jute,3068.21
44.37,57.15,73.17,6.27,28.99,42.84,85.82,chickpea,1309.36
17.69,120.35,199.36,6.03,16.88,71.15,106.52,apple,16805.33
18.75,79.79,32.77,6.98,27.06,45.76,88.68,pigeonpeas,1239.24
135.19,51.84,26.16,6.99,26.65,69.08,176.77,cotton,2557.66
99.3,55.37,57.04,6.26,33.64,86.74,277.54,rice,5007.3
126.66,43.38,24.79,6.34,30.48,43.29,191.75,cotton,2782.65
24.37,66.41,28.63,6.76,32.16,52.52,68.13,mungbean,1109.78
23.6,56.88,33.86,6.98,26.45,59.28,71.36,mungbean,1074.2
36.19,37.72,48.09,7.14,25.78,47.93,134.89,mango,11077.81
95.14,65.46,44.59,6.05,26.86,46.48,103.48,pomegranate,15330.67
23.17,54.11,32.77,6.61,18.38,45.59,38.46,lentil,1667.74
18.84,67.66,34.18,5.7,31.35,56.43,102.85,pigeonpeas,1288.62
80.5,65.06,50.77,6.13,29.76,83.74,139.88,banana,31453.91
98.02,43.62,44.34,5.64,20.01,83.64,265.39,rice,4932.1
97.76,33.73,33.08,6.72,17.08,80.25,246.04,coffee,1355.77
20.67,66.04,29.52,7.42,36.66,57.15,124.5,pigeonpeas,1389.0
123.18,50.73,20.53,7.71,37.59,62.94,96.92,cotton,2655.96
71.32,49.85,59.2,7.21,24.79,74.82,246.09,jute,3148.98
59.76,62.0,48.21,6.96,30.41,70.96,162.22,papaya,42632.37
102.22,21.72,60.85,6.45,39.92,70.94,51.57,watermelon,33396.83
25.99,73.99,30.63,6.68,23.41,54.49,136.09,kidneybeans,1663.54
30.09,71.91,31.63,6.16,33.01,65.27,133.84,blackgram,993.91
118.34,49.65,55.65,5.62,27.3,84.81,290.67,rice,4871.47
95.33,54.59,51.06,6.9,31.7,84.59,206.45,rice,5380.3
32.87,36.6,44.14,6.83,24.61,58.81,74.4,mango,11423.77
16.19,7.33,33.6,7.02,30.9,66.99,120.51,coconut,11314.97
24.64,46.03,41.4,6.56,17.95,71.68,128.03,grapes,19240.14
120.57,64.22,45.08,7.36,12.77,64.33,131.22,wheat,4453.4
87.16,23.04,27.94,7.06,15.66,85.92,262.89,coffee,1191.0
111.18,52.85,55.58,5.7,28.04,85.28,278.64,rice,4784.36
10.71,137.14,200.27,6.41,17.73,55.41,128.86,apple,18636.35
9.02,14.02,14.11,6.14,26.52,68.04,159.26,orange,23920.01
88.39,71.46,124.42,6.02,25.82,76.46,175.76,banana,36228.1
8.38,6.83,35.7,7.23,33.25,93.27,165.19,coconut,13061.19
2.53,9.04,14.39,6.88,23.49,80.73,149.1,orange,21879.56
111.58,53.6,41.37,7.38,34.98,41.61,87.29,pomegranate,17772.88
115.79,21.25,61.22,6.94,37.04,63.55,39.76,watermelon,31676.62
81.23,56.15,34.69,6.85,23.65,70.66,160.18,maize,6128.08
8.46,142.13,202.88,6.49,24.41,70.87,115.07,apple,19297.27
15.31,54.94,40.34,6.21,22.31,64.26,117.12,grapes,17041.75
28.99,35.27,44.11,5.62,22.07,59.03,89.69,grapes,16698.6
47.82,55.52,58.09,6.34,30.09,85.66,279.87,papaya,46046.17
17.05,62.3,19.61,6.76,34.57,53.14,116.35,mungbean,1079.29
38.49,74.7,73.36,6.57,20.07,22.65,65.13,chickpea,1327.73
106.72,23.34,64.34,5.85,26.22,73.83,79.23,watermelon,32214.75
70.69,54.79,48.68,6.14,28.55,70.98,200.16,jute,3274.41
116.89,32.95,42.85,7.15,25.06,79.75,150.93,coffee,1190.37
23.6,54.47,30.62,6.97,27.03,31.47,46.15,mothbeans,954.1
21.04,55.62,21.78,6.98,27.49,56.35,102.02,mungbean,1064.38
13.25,120.96,199.69,5.96,10.47,53.44,143.66,apple,16727.64
4.17,16.24,9.84,6.1,17.22,79.23,152.18,orange,21215.0
3.19,18.98,15.83,6.75,10.39,71.33,180.65,orange,20355.06
17.41,129.74,196.65,5.69,12.37,62.78,166.35,apple,15193.52
10.01,7.61,31.94,6.99,36.62,89.78,278.83,coconut,12265.3
97.54,49.53,59.89,6.51,32.22,93.05,268.14,rice,5107.75
113.77,35.93,28.92,7.13,23.23,89.04,258.01,coffee,1186.53
38.67,77.7,79.8,7.64,18.38,28.8,35.26,chickpea,1425.16
63.69,57.61,51.39,7.96,27.3,75.89,275.44,jute,3248.19
86.75,58.73,43.76,5.66,27.46,85.39,226.23,rice,4769.69
33.1,39.92,43.02,7.47,31.5,53.5,183.4,mango,11952.63
119.11,13.46,55.53,6.17,31.63,77.02,70.15,muskmelon,18195.54
19.5,62.41,24.76,6.0,22.65,69.22,142.86,kidneybeans,1916.9
37.97,77.4,88.54,7.95,26.52,25.05,96.15,chickpea,1265.62
15.02,66.91,24.15,7.4,25.67,58.25,143.0,pigeonpeas,1262.83
113.89,40.69,35.54,5.73,32.29,63.23,68.56,maize,6236.04
45.72,56.83,31.91,6.32,29.66,56.95,149.27,blackgram,1039.37
84.65,62.65,137.14,6.71,29.53,87.23,171.6,banana,35461.01
82.11,40.01,48.73,6.66,20.52,88.05,273.47,rice,4819.32
101.72,16.38,45.48,6.0,26.72,61.72,50.21,watermelon,30433.18
1.01,9.68,42.13,7.19,34.81,67.64,157.82,coconut,11172.39
104.22,24.66,62.12,7.19,37.28,71.62,83.08,muskmelon,16917.64
23.49,72.86,28.29,6.23,32.23,58.58,117.78,mungbean,1152.96
109.81,54.19,46.76,6.35,10.96,59.19,87.65,wheat,4079.38
22.78,54.38,47.25,6.53,16.74,70.51,117.12,grapes,16938.56
27.08,49.33,19.33,6.12,30.69,32.89,64.64,mothbeans,866.47
103.84,69.12,57.88,6.71,27.63,39.75,99.01,pomegranate,18515.95
26.7,50.09,31.32,4.98,32.53,31.46,58.23,mothbeans,899.62
124.8,56.22,43.0,6.2,12.88,43.58,131.03,wheat,4188.52
35.65,59.26,27.33,6.17,25.62,53.32,111.61,blackgram,1105.81
138.61,61.98,43.31,6.88,10.93,60.55,71.66,wheat,4124.98
100.5,79.44,201.89,6.66,31.64,93.07,247.09,banana,35788.74
117.27,48.63,60.81,5.85,26.58,38.89,95.0,pomegranate,16230.43
93.04,13.41,46.75,6.65,35.52,64.01,51.4,muskmelon,16355.11
5.44,19.06,18.04,7.14,20.26,70.36,135.43,orange,20606.82
31.55,37.01,40.13,7.35,24.62,72.58,197.04,mango,12931.31
113.18,55.94,44.65,6.3,29.09,92.35,240.47,rice,4867.55
129.46,41.6,27.41,7.33,22.6,46.04,96.58,cotton,2784.76
27.7,56.43,34.82,6.78,28.95,40.39,112.81,mungbean,1003.75
48.79,62.32,18.69,7.14,29.53,66.55,125.4,blackgram,980.99
6.57,13.99,14.41,6.9,11.16,89.24,165.68,orange,23142.71
25.77,56.04,27.44,5.72,23.19,52.4,107.36,kidneybeans,1671.23
17.9,67.42,33.11,6.28,37.68,58.89,66.03,pigeonpeas,1332.85
31.82,52.18,37.24,5.96,28.02,73.33,143.71,grapes,17022.89
16.2,66.69,21.62,6.53,24.94,52.19,140.03,kidneybeans,1812.53
26.94,47.66,31.74,4.73,25.38,26.58,72.15,mothbeans,883.92
32.71,66.98,74.64,7.9,23.39,42.44,49.46,chickpea,1358.19
15.22,64.37,19.35,6.68,22.16,49.98,58.42,lentil,1422.8
18.9,136.24,195.63,5.92,11.89,51.17,103.71,apple,16672.4
18.08,65.16,24.09,5.52,31.26,45.07,141.28,pigeonpeas,1273.08
85.04,42.87,53.86,5.76,27.61,94.84,150.6,rice,4886.22
92.74,29.53,45.63,6.96,28.6,77.62,87.68,watermelon,28343.48
26.4,29.58,47.3,5.99,34.29,52.92,94.3,mango,11695.12
105.57,33.49,29.29,6.23,22.64,88.51,249.52,coffee,1373.94
101.79,50.53,65.22,5.58,27.81,45.3,100.69,pomegranate,17762.17
27.9,35.31,45.93,6.09,27.37,65.35,170.62,mango,12229.57
100.5,35.21,28.86,7.47,34.57,67.5,157.19,cotton,2344.03
29.99,67.18,30.3,6.58,31.82,51.0,98.2,pigeonpeas,1250.73
105.94,22.41,52.74,7.39,30.33,77.15,83.3,muskmelon,18648.59
28.53,23.81,35.46,5.81,36.1,54.18,88.57,mango,12778.92
96.03,44.21,41.92,6.14,36.82,37.88,59.47,pomegranate,16519.61
19.04,120.87,197.8,6.51,5.42,55.46,155.65,apple,15624.07
23.21,70.14,34.7,6.69,21.05,53.39,158.83,kidneybeans,1797.01
45.74,70.02,80.7,7.03,27.8,35.27,67.64,chickpea,1384.5
20.88,48.45,28.3,4.61,32.49,27.29,57.81,mothbeans,922.45
95.79,46.38,52.17,6.37,26.14,87.04,290.31,rice,5203.29
115.49,53.13,16.08,6.89,38.22,55.74,162.58,cotton,2608.16
5.21,6.05,12.65,6.23,11.15,85.93,150.5,orange,21675.31
107.78,23.76,45.19,6.9,28.04,72.46,48.81,muskmelon,16708.15
13.01,5.71,18.49,6.5,17.29,77.84,189.44,orange,20116.56
12.51,2.47,44.67,6.12,29.49,74.65,131.57,coconut,12235.67
113.24,34.54,42.56,6.28,18.66,68.93,246.99,coffee,1110.49
111.27,17.99,53.52,7.17,31.81,61.71,47.77,muskmelon,18984.3
36.95,73.93,79.3,7.74,26.02,44.35,92.2,chickpea,1404.05
26.93,65.86,30.87,7.4,33.61,57.14,166.27,pigeonpeas,1346.52
100.55,20.47,56.14,6.58,34.44,74.09,67.26,muskmelon,18772.56
25.99,67.99,24.96,6.23,33.02,42.51,85.27,mungbean,1118.51
29.7,71.97,32.39,6.72,30.64,57.17,138.27,mungbean,1033.02
118.78,49.76,67.29,7.26,37.96,35.98,122.24,pomegranate,16563.06
31.25,30.41,32.75,5.99,24.32,62.82,108.07,mango,13199.74
86.57,38.35,39.11,7.33,19.51,86.59,221.52,coffee,1243.07
15.85,53.18,31.13,4.19,29.96,25.73,74.88,mothbeans,901.46
22.7,21.22,44.52,7.3,32.98,74.29,162.05,mango,10778.76
18.91,62.1,20.4,3.96,32.13,33.13,37.42,mothbeans,921.47
101.49,77.45,237.23,5.86,34.11,80.04,260.96,banana,35215.74
27.04,56.36,24.55,6.47,19.44,48.19,39.11,lentil,1623.13
18.5,0.41,42.23,7.17,30.8,81.42,188.76,coconut,11137.49
112.77,60.39,155.24,6.74,30.45,82.2,194.14,banana,35507.44
108.14,69.41,139.38,5.52,31.0,86.54,101.06,banana,38190.35
69.11,49.71,59.86,7.64,36.05,70.43,269.67,jute,3046.48
99.62,12.25,47.05,7.44,34.83,64.4,88.35,watermelon,29647.62
18.7,17.7,7.08,6.48,25.4,71.96,118.12,orange,20151.6
117.45,14.23,58.49,7.08,37.01,55.26,30.66,watermelon,29172.93
90.68,20.98,31.78,7.08,21.8,75.47,221.21,coffee,1160.82
33.87,74.59,24.86,6.5,24.2,69.96,181.29,blackgram,1047.27
25.92,61.53,24.89,6.72,33.85,49.54,143.7,pigeonpeas,1373.25
117.49,10.44,62.57,7.09,37.31,67.57,41.51,muskmelon,16091.38
22.77,45.84,29.18,5.75,25.37,40.92,53.35,mothbeans,950.58
112.21,11.77,62.8,7.26,30.27,78.69,69.99,muskmelon,16726.15
30.24,66.05,79.44,6.75,23.8,42.87,52.89,chickpea,1396.57
99.77,42.32,41.44,6.76,20.83,80.61,200.12,rice,5000.51
23.08,73.31,32.86,6.93,33.82,42.28,128.18,mungbean,1081.31
16.59,58.35,24.82,6.87,19.19,55.0,174.29,kidneybeans,1763.19
60.33,46.28,51.66,7.0,25.36,92.37,284.89,jute,2889.98
23.85,65.42,27.55,6.61,21.36,43.96,37.2,lentil,1662.75
128.93,60.4,42.36,6.08,12.15,44.83,87.34,wheat,4181.43
83.01,56.7,26.18,5.53,20.65,62.44,103.46,maize,6338.31
89.3,32.28,25.07,6.48,17.55,78.09,239.6,coffee,1183.02
107.1,47.31,16.05,6.02,27.74,68.2,65.79,cotton,2711.81
29.76,73.43,32.35,6.38,39.33,49.99,89.99,pigeonpeas,1233.58
29.43,72.2,27.54,6.1,23.84,60.55,197.59,kidneybeans,1683.24
2.14,14.53,15.93,6.76,11.08,67.58,193.36,orange,20718.48
72.38,52.19,42.98,7.99,29.1,81.41,168.88,jute,3182.44
21.52,69.95,20.99,6.73,29.44,57.69,168.49,pigeonpeas,1418.25
107.12,62.26,35.28,7.39,13.97,40.99,60.82,wheat,3708.56
24.51,72.8,22.3,5.99,18.67,61.29,141.29,kidneybeans,1666.03
19.44,40.88,46.0,6.96,22.29,63.28,154.44,grapes,16729.78
29.87,62.38,21.55,7.92,16.37,35.96,45.88,lentil,1452.39
43.24,57.54,57.24,6.23,29.64,84.33,259.72,papaya,47320.49
106.73,20.93,52.06,6.61,31.27,66.79,23.57,muskmelon,18087.91
119.42,59.7,58.12,6.7,24.04,81.42,232.09,rice,4669.61
21.89,55.17,29.7,6.12,23.08,55.55,100.24,kidneybeans,1879.86
45.07,73.52,30.82,7.1,25.3,69.86,130.89,blackgram,1064.67
81.17,67.42,141.47,6.58,31.35,88.57,253.44,banana,36210.45
98.62,63.82,66.64,5.94,31.11,90.89,282.5,banana,34985.47
17.9,57.63,32.86,3.67,30.14,37.74,76.62,mothbeans,886.83
101.29,35.59,32.09,6.72,22.9,71.76,240.99,coffee,1347.21
107.38,22.84,60.98,7.16,29.34,69.57,54.04,muskmelon,17980.83
26.56,47.78,36.96,6.08,20.09,68.8,188.99,grapes,18458.57
20.69,62.74,24.03,6.44,29.99,32.71,65.2,mothbeans,914.6
28.17,59.51,30.29,6.81,26.64,54.83,107.89,mungbean,1130.46
71.55,54.01,44.89,6.48,36.15,89.02,240.6,jute,3341.32
27.06,66.64,19.67,6.47,14.8,53.39,41.07,lentil,1566.52
21.0,22.23,39.9,6.78,31.42,66.39,75.07,mango,11515.1
29.08,49.79,29.32,4.03,31.85,25.23,62.8,mothbeans,896.36
27.51,64.93,21.5,6.38,20.45,65.44,155.56,kidneybeans,1770.03
98.64,50.45,55.28,6.7,27.38,86.99,289.69,rice,5368.8
94.94,26.73,44.63,6.71,15.65,71.48,276.61,coffee,1261.13
18.61,53.07,23.12,5.86,30.98,25.55,55.57,mothbeans,935.0
99.33,42.71,33.76,7.43,33.44,64.3,112.68,maize,6650.91
37.54,69.99,89.18,7.58,21.36,28.31,91.85,chickpea,1359.4
74.67,45.41,40.09,6.81,25.95,89.78,340.26,jute,3147.58
100.35,45.36,29.03,7.38,24.06,64.85,62.1,cotton,2607.85
130.62,60.42,52.36,6.16,15.71,52.65,93.23,wheat,4181.14
94.62,21.57,35.9,6.01,23.76,86.05,174.96,coffee,1264.95
109.16,67.44,60.7,5.55,38.76,53.84,84.16,pomegranate,16656.5
10.99,0.96,42.23,5.86,28.08,94.48,211.14,coconut,12396.78
44.98,59.67,89.85,6.32,23.99,43.22,88.28,chickpea,1255.28
94.43,68.64,200.15,5.57,25.37,92.5,122.0,banana,37887.46
29.26,57.0,29.3,7.17,31.54,57.98,149.19,mungbean,1062.32
35.26,72.55,33.65,7.33,29.82,69.53,183.72,blackgram,1074.13
100.14,70.18,91.97,5.55,33.09,92.11,148.25,banana,40187.96
22.91,51.2,22.93,6.64,17.14,54.02,32.53,lentil,1648.63
37.34,61.46,86.94,6.32,26.86,33.86,56.42,chickpea,1352.83
55.06,58.71,45.88,6.27,33.85,84.68,210.76,papaya,45947.19
38.78,72.87,25.68,7.08,28.01,57.46,127.32,blackgram,1118.08
94.47,41.75,42.36,6.94,33.63,88.99,189.88,rice,5068.16
57.35,67.09,63.97,6.36,27.12,93.6,237.73,papaya,44169.66
82.51,40.09,26.5,6.68,25.74,57.54,198.77,maize,5739.81
19.93,71.38,33.05,6.78,18.97,64.89,155.95,kidneybeans,1623.19
95.62,66.97,227.45,5.53,34.4,82.16,172.98,banana,37308.8
70.69,55.4,45.22,6.33,27.49,72.06,189.19,jute,3229.62
26.68,65.91,30.29,6.12,24.47,66.58,113.73,kidneybeans,1910.58
73.07,56.84,56.0,6.24,33.07,71.35,296.8,jute,3404.64
9.71,121.27,205.42,5.57,9.88,66.41,177.98,apple,17388.1
92.24,46.53,29.22,6.81,26.66,55.04,74.41,maize,6604.59
130.26,56.56,51.43,7.04,18.39,40.02,53.51,wheat,4080.27
55.59,67.93,47.56,6.85,32.55,71.31,259.71,papaya,43374.85
19.07,60.61,23.52,5.93,26.15,34.57,47.61,mothbeans,914.37
24.41,55.36,31.79,6.97,21.91,47.22,44.96,lentil,1672.39
99.72,48.72,60.06,7.5,26.97,52.53,94.79,pomegranate,18052.15
19.08,60.97,34.89,6.59,30.11,47.73,86.12,mungbean,1085.7
103.18,65.28,50.13,5.51,27.75,85.54,196.98,banana,34504.86
35.5,73.8,81.56,7.61,23.14,41.35,85.72,chickpea,1414.53
34.69,35.28,44.81,6.87,25.19,67.61,102.36,mango,11841.33
17.7,56.18,24.38,5.15,27.4,44.07,44.53,mothbeans,950.19
34.15,38.06,40.43,7.4,29.7,70.73,170.57,mango,12713.23
96.03,10.92,54.07,7.18,28.05,76.07,84.77,muskmelon,17702.35
38.76,63.75,74.53,7.0,15.39,28.21,77.45,chickpea,1450.96
117.09,22.88,38.76,6.6,24.56,85.61,189.19,coffee,1177.73
26.49,37.8,32.65,6.84,19.44,55.16,185.54,grapes,16923.21
27.24,61.04,29.43,5.81,31.49,66.48,77.75,pigeonpeas,1234.91
117.28,40.12,22.37,7.53,33.87,60.01,131.5,cotton,2848.11
58.56,54.35,55.01,6.73,26.23,85.22,227.34,papaya,44768.63
86.99,63.32,24.94,6.82,20.65,54.85,183.09,maize,6076.38
17.29,56.93,19.92,6.88,23.53,44.62,47.37,lentil,1545.04
107.88,58.91,61.62,6.66,27.62,58.1,64.16,pomegranate,18609.82
117.45,56.49,45.43,6.65,18.97,62.45,149.5,wheat,4259.07
134.48,36.93,15.91,6.81,34.13,40.23,173.57,cotton,2313.78
17.36,6.42,38.63,6.26,28.83,62.38,281.88,coconut,12740.03
95.2,60.32,67.22,5.85,29.76,49.7,134.97,pomegranate,15766.03
8.23,15.27,16.08,7.13,19.68,69.61,164.07,orange,21983.14
0.77,143.28,208.38,6.33,17.51,60.68,150.21,apple,15291.45
18.17,67.67,29.6,7.74,18.18,43.65,34.23,lentil,1545.6
100.14,21.25,63.16,6.95,35.15,67.58,53.46,muskmelon,17161.11
24.7,68.61,26.52,6.74,28.15,46.27,127.06,mungbean,1158.28
110.42,24.15,46.79,6.76,32.47,67.97,24.76,muskmelon,17052.26
89.53,50.06,50.11,6.37,25.93,90.74,286.97,rice,5418.41
117.26,13.33,59.94,5.54,28.43,68.81,72.22,watermelon,29480.26
10.63,7.64,18.12,6.11,26.79,78.45,198.03,orange,21884.28
136.5,38.68,18.06,7.9,23.79,48.28,79.79,cotton,2406.72
24.51,60.35,28.93,7.15,25.59,56.32,79.52,mungbean,1132.51
28.61,61.85,18.62,7.72,21.91,47.85,56.88,lentil,1612.91
44.86,58.48,56.12,6.55,30.97,94.34,278.29,papaya,46689.01
20.45,66.3,20.24,7.28,24.84,52.9,60.27,lentil,1588.25
99.7,77.99,129.21,6.46,33.34,87.42,145.21,banana,39229.71
53.39,62.71,47.13,6.28,30.52,75.22,200.06,papaya,45226.75
22.04,68.62,29.63,6.72,39.58,48.47,142.43,pigeonpeas,1394.36
22.3,43.13,35.92,6.13,19.46,75.3,160.82,grapes,18412.14
15.67,0.39,39.92,7.43,34.75,69.38,224.71,coconut,11530.22
4.44,17.94,14.31,6.12,22.41,76.04,175.25,orange,21448.75
96.41,36.55,41.28,6.56,24.06,78.3,262.23,coffee,1316.89
21.24,43.59,31.51,6.68,17.87,52.62,126.21,grapes,16827.26
48.84,61.55,59.08,6.78,25.41,91.28,217.7,papaya,47338.05
108.94,29.84,38.13,6.36,25.63,70.16,238.59,coffee,1306.3
38.94,35.52,46.65,7.26,26.23,65.98,174.36,mango,11613.79
25.81,72.89,33.31,6.98,26.9,46.28,144.27,mungbean,1096.97
4.1,139.91,202.05,6.65,23.5,65.99,128.68,apple,18226.65
64.67,45.9,56.46,6.58,30.7,92.57,153.98,jute,2930.01
7.77,9.42,30.71,6.1,31.92,63.02,196.71,coconut,11195.92
25.72,55.08,19.64,3.56,29.99,33.28,72.13,mothbeans,919.07
17.08,51.6,23.31,7.22,19.82,40.43,77.07,lentil,1517.92
18.47,69.92,25.15,6.59,12.81,35.84,25.71,lentil,1590.58
16.56,52.25,24.75,4.13,30.47,27.88,41.18,mothbeans,892.0
3.26,142.45,209.97,6.02,15.08,53.17,162.18,apple,14770.26
113.4,17.84,51.53,6.69,37.55,69.62,58.86,muskmelon,18928.78
41.35,69.46,25.04,6.48,30.65,63.68,105.16,blackgram,1144.91
20.54,47.2,31.45,5.51,27.24,58.84,122.36,grapes,16371.26
118.26,57.88,51.21,6.57,17.96,54.84,52.18,wheat,4248.08
134.93,63.87,35.8,6.04,18.38,47.06,109.67,wheat,3715.47
105.17,17.13,57.83,7.43,30.07,67.15,25.2,muskmelon,19177.53
23.74,69.87,21.05,6.14,21.15,40.88,56.49,lentil,1599.91
124.43,55.93,41.92,7.19,23.17,48.05,107.15,wheat,4253.81
102.21,64.52,153.84,6.97,29.45,92.49,176.28,banana,40481.03
128.22,54.73,40.67,6.64,14.17,49.17,89.1,wheat,4182.09
24.23,61.26,34.01,6.9,27.66,58.13,90.98,mungbean,1107.94
34.18,71.23,74.24,6.04,26.38,30.85,96.28,chickpea,1314.59
19.67,13.9,16.94,6.24,21.87,78.74,161.17,orange,20109.65
17.64,61.16,20.15,6.0,30.52,67.31,97.28,pigeonpeas,1287.2
84.87,50.13,53.89,6.37,23.0,91.08,257.31,rice,4957.58
107.31,73.51,134.74,6.22,26.4,85.43,275.41,banana,35983.87
54.36,61.31,61.77,6.21,30.25,73.19,248.91,papaya,46197.96
15.18,64.45,24.41,6.51,30.12,61.22,95.56,pigeonpeas,1277.44
16.08,36.36,39.35,6.49,11.41,50.99,162.13,grapes,16221.5
28.82,69.6,23.3,6.42,14.15,47.56,60.86,lentil,1584.02
59.44,66.25,53.12,6.48,26.57,87.39,217.1,papaya,43248.0
114.24,38.91,27.43,7.24,34.28,56.77,109.05,cotton,2638.12
97.23,29.43,54.11,7.24,24.38,77.0,92.26,watermelon,31532.32
14.97,2.2,46.01,7.43,27.45,72.88,243.16,coconut,12705.59
15.25,9.71,14.5,6.49,12.5,83.53,150.72,orange,21866.08
80.95,78.48,201.5,6.1,33.59,87.36,214.05,banana,32002.94
102.21,48.2,25.93,6.63,30.43,57.54,174.23,cotton,2615.38
103.38,52.98,31.09,5.94,29.57,59.69,110.89,maize,6882.92
50.44,52.89,46.12,6.34,26.36,80.97,264.25,papaya,45004.34
12.11,10.65,15.77,7.05,14.21,75.89,96.08,orange,23390.98
28.24,24.03,39.14,7.44,27.78,53.16,87.0,mango,12076.46
30.78,41.07,32.65,6.61,11.38,75.02,192.02,grapes,16684.63
89.54,49.72,42.68,7.59,28.77,75.16,194.07,jute,2924.8
53.53,66.9,48.85,6.93,33.53,89.63,291.18,papaya,45325.24
117.43,22.39,27.99,7.13,15.29,81.27,262.13,coffee,1120.01
112.61,14.83,60.94,6.75,31.88,55.58,92.28,watermelon,31426.48
96.4,49.59,57.24,6.46,30.36,94.66,211.78,rice,5243.37
116.41,53.36,49.82,7.18,12.05,49.84,139.29,wheat,4100.67
103.16,22.4,25.79,6.62,20.9,88.57,263.35,coffee,1140.37
2.91,125.27,202.69,5.54,10.62,50.77,192.56,apple,17276.16
110.21,64.22,48.13,6.68,19.49,43.99,117.33,wheat,4118.95
11.65,6.03,6.0,7.1,16.93,73.78,162.36,orange,20483.8
101.24,53.88,20.5,6.97,28.43,52.43,155.99,cotton,2434.64
18.6,52.04,30.46,7.9,20.28,37.85,58.6,lentil,1544.57
18.03,47.9,20.63,5.09,33.66,33.97,63.42,mothbeans,875.23
2.33,7.74,10.22,6.26,23.23,65.35,128.71,orange,20786.54
103.67,47.41,67.72,5.74,39.28,55.34,110.48,pomegranate,17663.14
22.47,67.49,32.41,6.9,26.02,47.34,109.73,mungbean,1144.76
139.73,51.25,29.19,7.65,33.84,42.49,180.11,cotton,2397.35
24.57,52.44,44.65,5.76,26.45,62.94,71.6,grapes,17590.17
26.26,56.76,28.59,6.63,26.27,52.69,120.57,mungbean,1116.08
109.27,42.3,36.6,5.91,34.05,53.89,78.08,maize,6253.6
23.6,75.35,32.19,6.3,26.0,57.1,123.56,pigeonpeas,1308.41
29.0,71.53,27.65,6.79,31.61,46.35,118.53,pigeonpeas,1332.54
0.62,15.67,13.45,6.16,14.6,69.22,190.98,orange,20840.39
106.1,46.32,55.75,6.32,26.47,87.52,204.1,rice,5134.07
50.28,62.19,47.59,6.81,28.73,85.33,219.85,papaya,47951.8
102.81,21.2,50.32,6.35,31.84,69.61,34.69,muskmelon,18816.53
17.16,2.53,39.42,5.84,29.19,72.98,241.42,coconut,11981.66
17.49,13.2,9.7,7.06,18.43,65.87,158.03,orange,21099.15
20.41,61.1,20.34,6.87,22.53,50.64,151.1,kidneybeans,1768.71
90.54,60.16,166.04,6.79,31.22,88.03,113.26,banana,35435.48
102.22,53.01,25.34,7.34,39.0,63.47,146.45,cotton,2414.9
50.73,59.52,48.91,6.47,29.93,92.36,283.06,papaya,46880.74
40.14,58.92,55.56,6.45,29.58,86.64,276.85,papaya,44140.68
17.05,138.44,196.68,6.65,22.6,73.06,175.25,apple,16720.1
17.07,55.61,22.47,7.39,17.35,51.81,64.85,lentil,1579.25
97.54,26.34,60.77,7.48,34.83,70.94,72.11,watermelon,31934.52
43.9,66.44,27.48,6.65,27.59,59.82,128.77,blackgram,1164.48
81.68,46.51,23.16,7.19,19.44,74.16,142.39,maize,5999.33
21.89,49.41,39.39,5.54,20.04,59.12,139.97,grapes,18937.37
6.05,16.69,19.76,6.42,17.58,78.69,146.13,orange,20208.0
6.72,3.87,43.84,6.36,28.78,89.9,140.31,coconut,13361.62
91.63,52.43,62.7,6.5,36.45,35.88,65.06,pomegranate,17022.71
36.0,68.13,31.84,6.25,25.31,52.08,90.82,blackgram,1083.47
110.92,41.68,23.44,6.27,32.76,63.42,151.74,maize,5967.47
24.22,55.01,22.05,4.52,28.31,34.91,49.51,mothbeans,951.73
0.94,126.55,204.56,6.46,20.81,54.77,198.12,apple,16412.93
38.39,55.86,34.39,7.17,26.52,55.4,146.57,blackgram,1011.65
46.31,69.33,53.56,6.22,34.92,80.28,221.82,papaya,46976.96
115.57,26.62,55.38,6.4,34.25,55.57,85.6,watermelon,31093.25
39.37,72.09,85.21,6.59,19.27,32.27,49.15,chickpea,1382.84
31.26,71.3,77.96,7.6,29.06,43.93,59.79,chickpea,1341.0
17.6,60.28,24.6,6.97,39.58,67.09,130.35,pigeonpeas,1249.9
45.0,62.28,33.64,6.12,23.19,60.57,131.21,blackgram,1069.04
35.99,26.26,33.9,6.15,33.05,59.43,75.7,mango,10976.12
18.95,15.37,14.03,7.37,12.2,84.59,167.58,orange,20603.66
14.32,14.59,13.63,7.17,23.13,86.76,163.18,orange,21623.97
116.12,58.44,46.64,5.75,23.18,76.8,168.02,rice,4782.29
15.63,66.26,29.64,6.16,26.18,53.63,161.05,pigeonpeas,1244.34
21.73,58.16,23.02,6.25,18.96,69.39,147.47,kidneybeans,1717.99
91.25,56.5,22.85,5.72,20.25,51.94,182.45,maize,6163.98
131.96,51.05,20.11,7.21,22.25,40.08,96.3,cotton,2592.95
117.84,45.07,51.8,5.64,29.24,78.43,234.74,rice,5020.36
5.88,132.19,209.91,5.74,2.61,62.27,186.41,apple,17605.53
63.35,56.61,45.82,6.29,32.18,82.2,226.11,jute,3194.09
91.36,18.51,50.95,6.81,29.94,77.27,56.18,watermelon,31138.81
129.53,40.75,23.44,6.06,33.19,49.23,123.7,cotton,2755.31
90.8,42.28,69.21,6.99,39.22,43.49,95.47,pomegranate,14985.3
24.9,67.99,25.26,6.12,21.44,51.01,129.9,kidneybeans,1819.35
96.53,48.96,32.33,6.2,30.69,70.03,182.62,maize,6323.77
2.4,121.92,199.47,6.49,9.0,58.13,158.19,apple,15213.34
106.87,33.64,43.87,7.09,26.02,72.11,175.33,coffee,1248.75
88.66,60.73,24.38,6.89,31.32,54.72,93.32,maize,6178.35
102.83,26.77,49.44,6.18,35.63,64.48,65.52,watermelon,31328.79
9.17,134.81,205.93,6.58,18.49,71.99,146.98,apple,19256.43
68.0,59.74,55.3,7.61,33.8,70.82,328.46,jute,3077.28
92.22,52.29,56.17,7.43,33.88,40.21,120.74,pomegranate,17313.74
37.49,63.6,70.11,7.96,24.1,30.06,68.06,chickpea,1353.82
116.75,40.19,43.77,5.55,21.66,87.4,186.25,rice,4833.36
0.21,9.61,19.93,7.19,22.88,82.82,86.15,orange,19662.76
4.0,5.25,31.27,6.97,36.42,89.51,236.07,coconut,12432.29
34.87,56.1,81.82,7.82,25.17,27.93,75.0,chickpea,1285.98
24.2,78.09,26.11,6.19,32.67,49.87,149.45,pigeonpeas,1373.85
29.52,69.91,26.85,6.18,13.74,49.41,78.92,lentil,1503.32
12.36,5.07,41.14,6.44,32.63,79.96,198.44,coconut,13733.01
19.19,55.26,27.32,6.8,23.47,49.39,74.64,lentil,1697.39
106.84,39.81,37.2,6.76,22.56,87.05,152.2,coffee,1379.75
84.47,63.08,225.25,5.7,34.18,88.44,205.63,banana,33046.07
10.67,16.16,8.94,6.98,24.3,66.63,149.36,orange,22877.83
113.37,53.32,44.02,6.6,21.51,62.33,115.26,wheat,4256.47
7.66,130.24,209.35,6.0,21.49,55.35,179.17,apple,19113.52
21.62,58.06,23.18,7.01,32.86,48.71,140.43,mungbean,1127.06
2.6,18.87,6.89,6.73,24.27,65.1,93.02,orange,18406.8
123.31,55.71,49.78,6.36,20.07,46.38,101.11,wheat,4077.49
27.75,36.38,35.9,5.88,13.65,70.16,182.66,grapes,17522.02
102.8,61.5,44.35,6.92,16.71,49.97,97.19,wheat,4035.13
47.72,68.95,79.51,6.9,15.88,42.31,87.27,chickpea,1412.65
16.24,64.4,26.54,6.1,15.64,41.53,60.07,lentil,1579.08
14.03,8.23,14.59,6.55,23.39,87.25,108.28,orange,21634.28
35.24,65.84,19.89,6.03,22.2,53.16,72.59,blackgram,1095.6
25.87,75.51,28.8,5.99,37.08,50.36,187.29,pigeonpeas,1311.94
33.36,37.58,47.76,6.57,27.47,70.42,135.25,mango,11701.92
87.81,55.93,25.79,5.74,20.63,54.14,126.89,maize,6514.12
134.73,57.39,46.35,6.1,12.55,41.73,122.79,wheat,4056.69
119.79,49.73,49.56,6.13,21.0,86.86,184.2,rice,5078.96
116.82,44.23,20.44,6.74,36.28,41.08,128.58,cotton,2855.0
96.66,52.07,53.73,6.51,38.46,45.28,74.21,pomegranate,18754.44
50.36,64.62,63.53,6.37,26.49,70.73,198.75,papaya,45952.41
94.21,55.39,22.6,7.29,20.66,72.74,90.29,maize,6731.6
113.95,40.88,59.87,6.15,32.22,43.07,81.01,pomegranate,16749.54
33.08,70.2,29.28,7.42,28.88,63.09,132.31,blackgram,1101.42
26.83,61.14,30.43,6.49,31.44,49.02,143.4,mungbean,1139.2
11.32,5.25,36.39,5.91,27.83,84.94,144.49,coconut,12298.65
95.28,58.91,31.55,6.94,21.02,68.28,194.06,maize,6479.85
41.54,56.95,57.38,6.13,34.21,71.82,251.97,papaya,46033.41
17.0,123.15,195.27,5.65,15.97,57.19,176.26,apple,15428.23
39.29,39.33,43.49,7.26,29.7,54.4,90.07,mango,10846.56
27.8,51.28,40.01,5.54,11.19,56.34,147.89,grapes,19041.0
33.47,70.58,80.29,7.57,24.88,35.04,87.07,chickpea,1356.51
123.85,55.28,38.76,6.06,15.47,61.97,83.67,wheat,4141.99
117.59,24.0,47.1,6.29,30.52,78.23,25.46,muskmelon,16024.67
80.4,56.99,52.37,7.81,36.08,74.42,166.15,jute,3278.25
26.17,50.15,32.72,6.79,21.51,49.54,30.65,lentil,1523.82
115.11,71.99,198.12,5.81,26.57,80.54,202.27,banana,35662.81
15.85,63.82,31.05,5.97,19.58,62.59,105.55,kidneybeans,1707.82
117.07,30.99,35.34,7.01,25.47,88.94,150.4,coffee,1327.51
27.47,53.93,25.48,4.05,25.37,37.23,71.37,mothbeans,940.31
21.31,70.72,19.0,7.0,30.01,51.24,110.79,mungbean,1083.99
104.18,27.5,49.64,5.84,32.82,66.51,41.29,watermelon,34088.24
32.03,26.27,41.28,6.82,25.16,55.5,81.69,mango,12983.93
22.36,68.42,28.68,7.99,15.62,54.94,30.81,lentil,1632.81
40.25,70.66,32.06,6.72,31.64,57.29,175.42,blackgram,1127.86
18.03,137.18,203.23,5.51,6.24,62.38,172.39,apple,17827.65
20.06,62.93,22.87,5.98,36.8,53.64,131.9,pigeonpeas,1348.16
37.29,72.73,22.13,6.05,30.17,60.17,191.3,blackgram,1094.39
114.46,65.79,54.66,6.96,28.7,40.76,99.83,pomegranate,17666.53
118.84,37.31,33.6,6.99,25.99,70.1,151.44,coffee,1159.0
50.31,60.93,61.94,6.25,34.05,83.38,259.03,papaya,49073.06
19.02,73.96,30.91,6.41,32.17,48.3,159.75,pigeonpeas,1257.71
99.05,76.55,74.34,6.07,32.6,88.16,187.03,banana,36590.22
15.66,76.6,34.35,6.72,39.35,55.33,121.03,pigeonpeas,1244.86
9.6,0.07,32.69,5.75,34.08,81.78,107.74,coconut,11802.91
11.22,5.03,39.37,5.65,27.55,71.58,140.71,coconut,14033.81
117.02,62.77,90.81,5.66,27.01,80.8,267.53,banana,32076.88
99.24,21.45,55.06,6.98,28.07,78.47,31.6,muskmelon,17988.16
130.78,53.7,18.7,7.28,35.17,54.14,153.73,cotton,2605.68
28.51,66.21,24.13,5.57,16.33,52.79,136.48,kidneybeans,1864.46
22.15,55.51,20.32,6.07,23.08,46.87,22.75,lentil,1648.74
45.22,74.38,33.17,6.13,34.75,52.99,75.34,blackgram,1011.06
50.0,59.94,45.04,6.74,25.9,93.3,245.9,papaya,47838.09
105.97,53.4,55.26,5.59,25.5,85.79,200.77,rice,5174.61
1.5,3.56,40.0,7.0,34.63,91.99,281.56,coconut,12695.15
5.35,15.83,14.99,6.79,11.02,72.63,83.25,orange,22291.01
1.47,5.25,42.33,5.72,35.74,63.39,179.24,coconut,12383.87
79.77,64.75,50.15,7.34,36.49,76.97,240.75,jute,3095.79
2.8,131.89,202.09,5.63,24.86,51.13,191.95,apple,18080.41
36.41,67.75,78.7,7.37,17.06,30.89,92.42,chickpea,1414.36
28.65,52.18,25.23,6.63,33.86,35.5,43.84,mothbeans,902.05
104.89,78.14,229.18,5.59,26.89,82.92,168.22,banana,34163.3
7.08,18.43,15.04,6.8,18.57,80.21,158.36,orange,22219.11
116.16,50.99,43.0,5.8,29.9,89.5,239.91,rice,4850.05
17.67,66.36,21.83,6.63,33.88,54.39,118.6,mungbean,1104.66
106.79,52.02,66.91,7.36,35.7,40.39,90.28,pomegranate,18562.13
18.22,78.56,18.53,7.04,38.8,54.85,74.86,pigeonpeas,1170.02
86.29,64.8,64.5,6.03,31.75,90.86,169.16,banana,34262.96
26.46,68.19,29.95,6.98,35.11,61.84,147.46,pigeonpeas,1358.09
31.05,28.35,43.29,6.15,33.62,60.15,115.91,mango,13092.61
21.44,64.84,19.42,6.76,17.04,58.21,184.03,kidneybeans,1882.81
28.54,58.27,28.92,6.24,15.3,49.01,53.02,lentil,1639.13
114.32,44.53,27.04,6.43,35.64,67.77,141.36,cotton,2825.41
47.32,64.71,26.63,6.6,26.49,67.46,109.63,blackgram,1117.26
109.03,67.53,217.32,6.19,33.71,90.08,217.21,banana,34860.31
30.48,75.86,79.95,7.35,20.61,29.22,32.22,chickpea,1283.6
117.02,17.67,61.64,6.84,32.45,74.77,32.39,muskmelon,18368.97
92.3,44.3,50.5,5.73,36.37,47.6,84.91,pomegranate,16072.06
88.4,38.03,28.87,7.42,27.3,89.45,192.45,coffee,1194.77
139.98,64.37,35.95,6.09,10.38,54.99,57.16,wheat,3813.58
31.34,53.53,48.77,6.55,9.74,63.28,87.03,grapes,16114.98
108.15,37.5,36.04,6.23,15.32,81.83,183.7,coffee,1272.18
39.39,35.82,30.56,5.73,26.83,47.51,133.11,mango,9963.96
48.47,54.49,52.29,6.75,28.63,88.48,295.77,papaya,47955.01
109.32,67.68,201.14,6.23,33.1,89.79,252.83,banana,36518.93
60.9,64.54,59.3,7.04,28.48,72.79,161.03,jute,2743.41
25.57,62.86,21.73,6.2,24.03,52.39,169.18,kidneybeans,1864.38
2.92,8.85,10.99,7.35,18.13,80.36,83.99,orange,21381.01
23.33,63.64,25.01,6.24,27.35,36.58,76.35,mothbeans,932.43
37.75,68.03,79.6,6.55,21.37,42.71,65.2,chickpea,1464.15
121.72,42.09,22.39,7.76,35.92,59.88,84.58,cotton,2777.96
26.16,25.96,45.86,6.79,25.73,66.24,164.05,mango,12089.9
96.67,41.29,38.66,6.33,31.33,60.41,191.23,maize,6093.33
15.63,0.7,44.06,7.32,31.39,60.46,149.47,coconut,11494.4
128.64,57.14,52.04,6.36,18.08,44.6,99.53,wheat,4024.21
26.48,72.45,33.58,6.28,32.26,44.08,130.12,mungbean,1078.57
114.05,60.49,52.66,6.44,17.81,48.5,132.18,wheat,4190.47
32.14,57.73,28.95,6.77,25.44,56.09,90.41,blackgram,1068.95
104.57,28.89,47.17,7.09,35.57,62.66,84.16,watermelon,32004.08
106.71,17.99,52.25,6.03,38.98,75.9,29.44,muskmelon,18542.91
116.9,69.34,56.07,6.96,33.58,37.29,130.96,pomegranate,15658.79
37.15,56.72,87.12,6.38,15.5,34.32,35.83,chickpea,1251.81
113.59,53.47,56.39,5.91,31.18,39.08,67.9,pomegranate,17143.25
25.12,57.31,33.22,5.74,17.06,68.02,148.46,kidneybeans,1654.77
108.99,77.57,56.86,5.89,26.19,76.96,289.13,banana,34296.97
96.5,62.32,43.48,6.5,33.19,43.48,117.69,pomegranate,16420.23
102.06,78.08,212.96,6.01,33.14,77.35,131.75,banana,33810.82
10.69,126.48,209.53,6.3,6.24,71.72,148.79,apple,16016.33
114.72,47.97,34.99,5.77,29.64,62.28,62.36,maize,6239.81
116.75,58.21,69.47,5.99,26.03,56.09,91.73,pomegranate,15076.07
27.04,63.0,34.16,6.29,15.27,55.2,162.17,kidneybeans,1721.91
107.18,15.14,55.55,6.31,38.73,77.31,73.21,watermelon,32446.6
4.66,1.2,34.99,6.57,35.56,78.53,269.8,coconut,11232.81
108.5,55.67,23.68,5.72,25.44,64.12,79.42,maize,6264.5
11.64,4.09,46.49,7.36,32.34,83.59,129.17,coconut,12307.67
48.23,51.7,49.08,6.29,30.51,82.92,231.43,papaya,46217.47
114.15,76.81,107.49,6.42,28.64,78.08,229.88,banana,33941.72
25.36,54.85,30.94,4.87,29.89,26.16,38.75,mothbeans,950.43
22.5,57.16,23.78,6.58,32.07,46.66,60.72,mungbean,1164.63
1.32,121.35,195.75,6.88,17.22,75.1,196.34,apple,14514.41
101.83,19.85,61.1,7.3,24.28,73.43,91.43,watermelon,34034.04
27.66,63.29,29.05,6.68,26.18,56.43,114.16,mungbean,1148.53
118.53,55.64,57.34,5.67,30.99,83.8,232.97,rice,4791.27
110.08,27.74,56.48,6.58,31.53,71.96,85.87,watermelon,30713.62
18.41,46.0,39.93,6.67,26.92,71.38,196.0,grapes,18157.53
55.8,51.25,54.61,6.38,29.66,72.29,170.82,papaya,45842.8
111.06,32.18,33.46,6.2,27.97,66.79,170.23,coffee,1342.91
103.09,14.92,60.24,5.67,32.77,62.23,44.47,watermelon,32426.53
17.29,48.12,33.67,4.32,33.62,35.07,53.09,mothbeans,883.28
42.42,55.71,18.78,7.2,23.62,50.28,188.62,blackgram,1040.03
20.31,63.1,24.9,7.11,15.61,41.65,24.93,lentil,1682.53
105.22,64.35,128.82,5.65,25.22,93.32,235.04,banana,36955.36
24.01,67.04,23.03,5.89,26.36,64.56,112.69,kidneybeans,1930.93
20.5,56.67,32.07,6.91,22.99,69.29,193.41,kidneybeans,1807.16
117.85,20.46,59.23,7.36,27.07,59.74,35.08,watermelon,30599.38
30.51,77.92,76.23,7.32,29.84,36.74,66.76,chickpea,1249.28
18.56,40.17,31.63,6.83,12.07,56.8,184.34,grapes,15538.88
67.68,63.36,56.47,7.94,33.68,92.86,221.07,jute,3107.18
103.61,56.99,40.09,6.78,29.29,78.25,265.94,rice,4857.61
31.79,38.12,44.79,6.34,22.55,79.22,67.36,grapes,16237.99
18.49,18.29,12.26,6.19,16.95,79.68,110.51,orange,20239.02
84.84,54.04,48.88,6.95,36.6,93.23,274.55,jute,3248.43
24.92,70.78,34.47,5.85,18.86,62.9,102.44,kidneybeans,1759.69
105.32,44.74,38.39,5.71,18.12,71.37,158.53,maize,6013.34
91.0,64.5,25.05,6.95,22.82,51.76,155.66,maize,6111.59
101.67,56.49,39.58,6.99,20.01,61.88,142.43,maize,6330.96
25.04,63.63,27.54,7.46,33.25,61.14,156.47,pigeonpeas,1403.97
117.58,15.05,57.7,5.9,33.76,62.23,77.71,watermelon,31106.93
83.62,57.94,40.58,5.86,22.15,90.54,179.73,rice,4644.95
19.46,9.43,45.85,6.98,36.53,67.83,261.98,coconut,10419.54
15.87,70.59,21.6,6.77,34.16,52.99,76.05,mungbean,1059.08
25.69,52.35,29.32,7.33,21.77,41.33,44.08,lentil,1667.14
101.57,60.68,26.73,6.83,24.23,51.07,112.92,maize,6682.01
17.48,135.85,198.43,6.49,3.54,74.97,141.21,apple,17139.77
13.32,16.29,5.34,6.42,26.07,68.89,184.82,orange,21006.0
20.98,64.29,28.4,7.76,23.11,39.82,21.06,lentil,1782.55
98.44,41.62,40.32,6.22,27.41,83.15,235.23,rice,5051.63
18.72,67.03,23.69,6.52,37.9,48.73,111.0,pigeonpeas,1369.24
42.04,74.52,27.27,6.52,29.34,50.57,145.3,blackgram,1112.06
18.17,49.26,39.05,6.37,26.98,61.19,73.97,grapes,17738.63
41.5,67.37,88.22,7.68,27.19,25.64,40.72,chickpea,1351.96
108.88,14.3,50.06,7.27,37.1,72.87,72.66,muskmelon,17793.92
112.48,62.85,38.21,5.95,23.28,54.02,103.01,maize,5794.04
72.5,53.0,52.53,6.12,27.69,70.59,324.38,jute,3325.41
80.12,46.03,43.45,6.93,26.23,72.91,214.99,jute,3100.76
90.48,27.2,54.92,5.51,32.47,61.46,59.92,watermelon,31079.24
111.72,23.01,62.07,6.3,39.79,79.63,87.83,muskmelon,16637.75
40.04,62.88,28.09,6.52,25.12,68.56,190.62,blackgram,1131.17
18.07,63.98,19.67,5.72,24.67,26.54,59.86,mothbeans,844.21
108.66,55.64,36.74,5.59,20.96,51.21,86.9,maize,6353.49
23.11,71.05,21.66,6.75,28.55,54.96,123.18,mungbean,1142.04
2.98,17.98,14.62,6.16,10.4,66.28,90.84,orange,21148.96
21.54,48.37,34.4,3.8,31.14,39.11,37.89,mothbeans,865.8
119.73,52.0,23.76,6.79,26.13,46.41,171.24,cotton,2805.3
118.09,49.64,59.06,5.75,28.32,79.15,187.98,rice,4971.81
97.98,52.33,60.73,7.07,30.54,37.62,80.03,pomegranate,17975.56
30.26,22.44,49.57,6.29,28.15,48.6,71.64,mango,11506.15
96.03,17.47,54.91,6.7,28.24,62.57,29.87,muskmelon,19309.85
40.69,55.93,48.99,6.22,30.72,89.52,261.74,papaya,44157.1
108.23,12.74,60.14,6.96,35.97,56.59,69.16,watermelon,30052.27
27.31,68.13,22.25,5.8,19.29,66.57,186.2,kidneybeans,1791.42
114.25,42.74,46.74,6.33,28.77,37.72,103.45,pomegranate,16157.28
39.59,33.85,34.76,5.51,32.89,51.67,100.08,mango,10821.15
45.47,61.25,22.09,6.39,31.28,55.74,122.35,blackgram,1102.84
90.03,65.19,248.93,6.19,26.2,94.65,148.53,banana,35517.03
101.78,49.8,52.64,6.0,23.66,93.25,288.58,rice,5288.31
29.63,34.87,30.2,5.74,25.29,48.65,128.95,mango,11898.77
17.84,59.87,28.51,6.6,14.36,39.45,71.48,lentil,1624.53
44.54,53.62,61.74,6.04,26.14,86.82,161.61,papaya,44703.65
19.95,8.53,12.45,7.01,19.31,65.98,141.64,orange,21264.56
129.66,47.57,23.88,6.96,28.57,59.21,167.2,cotton,2669.85
7.58,17.15,6.63,6.32,13.63,80.55,165.06,orange,20521.09
83.82,57.8,34.56,7.33,26.82,58.04,175.88,maize,6099.49
109.47,57.73,58.42,6.26,27.8,91.0,197.17,rice,4768.69
18.0,54.17,43.85,6.03,10.83,73.97,172.28,grapes,16554.22
19.31,6.92,32.22,6.21,28.73,68.2,287.9,coconut,11229.75
26.66,23.89,36.27,7.25,36.87,52.92,91.5,mango,12805.92
117.37,64.79,62.32,7.41,34.81,47.37,107.43,pomegranate,16584.33
116.68,21.63,63.48,7.44,39.1,70.26,52.46,muskmelon,15909.53
21.39,41.18,47.94,5.65,11.46,62.33,171.77,grapes,16659.29
15.12,69.6,34.8,6.22,19.45,62.12,180.47,kidneybeans,1702.69
119.54,56.37,54.83,6.2,22.29,93.41,201.21,rice,4727.48
17.89,146.46,200.22,6.26,9.28,77.67,109.28,apple,15953.39
108.58,23.21,50.24,7.04,38.79,78.73,51.08,muskmelon,16313.51
97.02,33.57,25.22,6.58,17.34,69.52,232.59,coffee,1326.3
57.82,69.74,60.5,6.63,29.49,90.34,255.67,papaya,43202.3
21.06,72.19,31.57,5.5,20.85,55.29,108.62,kidneybeans,1811.46
107.03,46.26,34.92,7.04,30.31,50.61,158.52,maize,6737.66
61.26,55.65,49.93,7.87,33.21,92.5,301.31,jute,3258.07
109.86,40.49,25.46,6.44,28.12,72.98,112.58,maize,6101.0
48.11,69.09,71.36,6.54,25.62,32.35,68.4,chickpea,1365.1
17.3,19.64,6.14,6.31,18.04,65.95,91.15,orange,19351.5
28.26,74.56,31.39,5.64,35.63,65.11,194.15,pigeonpeas,1219.22
10.08,19.1,9.18,6.53,23.53,85.04,193.24,orange,21148.16
17.64,19.18,15.36,6.28,16.81,67.25,80.51,orange,19728.22
19.01,61.15,29.93,6.92,28.15,26.18,79.92,mothbeans,904.11
114.47,11.6,63.46,7.0,38.91,68.18,56.8,muskmelon,16316.19
119.77,51.62,37.32,5.99,30.54,71.98,174.05,maize,5862.66
113.08,22.5,50.01,7.42,38.37,79.11,65.86,watermelon,32699.44
119.14,18.44,51.42,6.43,34.41,62.39,61.17,muskmelon,17348.4
80.04,64.05,30.99,6.7,28.2,63.77,100.61,maize,6177.81
109.61,48.31,36.53,5.65,18.18,53.07,81.84,maize,6286.13
13.42,124.71,197.0,6.3,17.6,73.34,158.02,apple,16187.34
40.42,56.03,58.53,6.17,28.32,70.79,166.86,papaya,42669.82
33.46,69.03,25.83,6.11,24.31,52.82,150.56,blackgram,1062.54
62.27,51.5,58.75,6.14,36.34,83.22,238.18,jute,2804.41
19.02,60.85,24.56,6.36,31.87,51.15,140.5,mungbean,1089.35
11.42,13.39,17.41,6.8,17.77,76.5,173.59,orange,23863.06
111.41,63.86,35.5,6.39,16.96,40.77,111.77,wheat,4042.75
18.4,14.49,15.38,7.35,24.35,76.3,99.17,orange,20416.88
104.75,68.74,52.89,6.28,14.85,54.69,121.81,wheat,3652.69
7.26,9.95,47.98,6.94,30.82,78.79,244.07,coconut,12078.31
15.02,70.54,29.1,6.93,30.53,52.39,89.59,pigeonpeas,1258.4
103.64,74.55,203.75,6.54,25.03,90.48,220.92,banana,35857.57
18.23,54.55,33.89,5.58,26.56,56.07,63.36,grapes,15543.32
25.04,49.72,19.95,3.96,27.44,44.84,37.86,mothbeans,912.22
94.02,21.51,55.59,6.89,32.62,74.21,22.49,muskmelon,17220.54
118.3,71.34,196.52,5.78,34.14,76.12,156.56,banana,32675.04
29.79,59.43,18.18,6.44,31.73,36.22,41.81,mothbeans,851.1
49.95,70.45,78.79,6.74,28.59,40.53,86.78,chickpea,1234.42
55.02,60.55,48.82,6.89,34.34,92.02,234.15,papaya,44482.37
81.38,23.1,33.9,6.14,20.09,89.44,180.82,coffee,1165.17
114.66,60.43,44.24,6.49,14.58,46.27,86.5,wheat,4413.7
113.55,56.11,63.39,6.22,38.04,45.73,85.48,pomegranate,18570.02
124.7,44.8,15.4,6.13,26.76,63.62,149.8,cotton,2801.72
114.37,50.22,46.9,7.49,13.86,44.74,62.39,wheat,4131.2
110.21,48.68,49.39,5.73,22.71,93.14,156.7,rice,5088.77
7.96,7.58,35.4,6.35,29.47,64.99,175.86,coconut,12200.77
85.35,64.03,22.1,6.56,22.63,56.6,143.24,maize,5743.42
45.63,59.25,34.37,6.44,30.15,62.38,131.2,blackgram,1048.83
94.86,31.63,26.94,7.32,22.74,65.11,233.86,coffee,1418.08
84.35,48.46,46.01,6.01,33.38,78.14,197.22,jute,3250.38
118.25,39.7,23.97,7.19,31.56,65.82,93.99,cotton,2825.72
81.06,40.99,52.03,6.23,23.9,83.37,263.69,rice,4654.99
32.73,77.96,71.01,6.03,17.74,40.27,66.64,chickpea,1227.9
17.85,15.18,12.86,6.59,19.17,71.24,133.95,orange,22181.87
109.37,12.85,61.59,7.01,32.0,60.84,86.76,watermelon,32089.05
25.82,72.39,27.51,7.13,33.88,56.98,80.66,mungbean,1108.47
20.35,23.33,30.19,6.29,31.21,49.82,153.18,mango,9768.33
112.41,27.49,34.19,6.56,16.21,80.21,253.36,coffee,1287.07
129.69,59.48,46.41,6.47,12.12,46.67,135.97,wheat,4128.82
6.42,124.92,198.57,5.74,15.62,56.02,108.51,apple,16975.2
48.53,55.35,82.04,7.89,20.4,33.18,78.7,chickpea,1219.84
15.97,66.08,26.54,6.24,25.87,40.44,86.46,mungbean,1114.71
115.77,22.75,64.33,7.08,32.21,70.87,58.43,watermelon,30291.7
18.49,72.89,24.75,6.79,28.28,50.54,64.44,mungbean,1085.04
100.2,53.69,47.71,6.57,23.86,59.12,94.74,wheat,3777.37
48.89,57.07,22.54,7.38,30.56,53.79,146.97,blackgram,1002.42
27.26,75.27,23.24,6.77,34.02,48.58,91.09,pigeonpeas,1273.0
26.19,63.8,23.96,4.18,28.63,32.04,79.5,mothbeans,932.94
18.5,74.73,19.77,5.55,25.42,49.26,158.82,pigeonpeas,1242.49
41.1,62.69,58.16,6.63,28.6,86.97,193.66,papaya,42689.29
112.95,12.68,52.02,6.89,28.82,64.04,54.24,muskmelon,17860.16
67.36,60.72,40.39,7.04,31.94,90.5,311.32,jute,2912.67
103.68,72.63,138.1,6.06,25.47,78.38,185.11,banana,40120.84
17.57,15.38,5.22,7.01,21.16,65.0,129.1,orange,20358.59
24.76,37.28,47.86,6.52,28.51,78.22,131.75,grapes,18329.0
35.42,74.43,88.2,6.88,16.22,39.97,91.96,chickpea,1314.33
4.38,148.04,201.72,6.88,20.17,71.6,146.01,apple,17207.13
29.31,63.84,26.91,6.4,18.3,63.49,169.86,kidneybeans,1814.22
91.44,59.29,41.89,6.8,30.62,91.6,296.38,rice,4876.31
22.19,48.41,30.82,4.86,27.79,32.82,57.95,mothbeans,892.21
47.6,75.47,84.28,6.31,15.73,36.35,74.96,chickpea,1313.02
96.33,66.9,169.99,6.14,29.41,85.12,171.24,banana,37767.45
84.68,41.75,53.16,6.13,31.61,88.42,200.05,rice,4898.64
19.47,66.52,32.63,5.52,31.54,68.57,138.26,pigeonpeas,1255.3
22.16,67.01,20.31,6.11,17.13,55.6,112.78,kidneybeans,1886.66
90.94,24.1,63.8,6.14,34.61,75.95,52.52,muskmelon,16380.26
106.71,35.8,27.5,6.28,22.23,67.42,248.91,coffee,1188.85
58.49,66.12,55.94,6.95,28.73,91.62,220.13,papaya,42202.02
4.81,2.54,42.64,6.98,31.07,93.06,132.34,coconut,12566.64
105.15,28.46,32.77,6.83,23.96,73.3,200.27,coffee,1302.98
25.97,61.99,26.29,5.74,26.7,64.52,126.69,kidneybeans,1937.38
87.76,25.02,32.5,7.16,16.54,81.09,155.69,coffee,1293.82
87.25,56.98,58.81,6.42,27.49,73.72,165.67,jute,3028.2
113.58,61.55,235.76,6.44,26.67,91.35,203.16,banana,32760.51
6.61,123.55,200.71,5.55,18.79,74.08,121.36,apple,18139.79
130.18,66.85,52.38,6.05,18.34,45.41,136.03,wheat,3922.46
73.12,55.76,50.65,6.78,25.21,87.55,159.43,jute,3338.16
119.82,57.68,48.89,6.28,29.84,46.19,87.78,pomegranate,16660.29
47.34,57.35,59.42,7.0,30.27,80.03,194.05,papaya,48615.77
23.18,24.86,39.6,6.27,27.11,50.76,181.92,mango,11755.62
112.61,53.39,17.21,6.55,22.61,50.89,117.97,cotton,2707.94
122.95,48.07,20.23,7.32,22.16,49.21,77.3,cotton,2765.74
6.24,10.64,5.68,6.44,25.0,69.28,136.17,orange,21350.28
77.77,50.68,54.05,6.23,28.46,82.72,267.09,jute,3200.97
4.44,8.19,43.85,5.69,27.74,74.23,220.68,coconut,11464.39
93.92,25.87,52.01,7.05,24.81,63.53,63.69,watermelon,30951.62
21.85,48.29,32.52,6.8,25.09,40.03,40.75,mothbeans,913.5
48.6,73.72,32.38,6.85,33.95,63.0,183.77,blackgram,1024.32
16.14,6.67,9.26,7.03,10.52,77.99,90.26,orange,20558.0
85.04,49.89,50.87,7.86,31.85,93.25,238.4,jute,3184.14
110.86,60.78,97.11,5.89,27.97,93.39,135.06,banana,34660.84
108.19,19.23,62.97,6.95,30.81,56.33,91.33,watermelon,34287.98
34.22,72.28,33.22,6.12,33.36,64.57,170.84,blackgram,1014.89
107.78,21.73,62.06,7.0,38.72,71.16,69.73,muskmelon,17942.25
111.95,41.38,25.68,7.1,33.22,56.47,63.68,cotton,2780.19
116.95,68.6,45.05,7.46,13.88,52.61,135.95,wheat,4046.08
86.99,40.73,28.13,6.8,27.76,53.91,123.1,maize,5963.11
29.95,69.55,27.0,7.91,16.63,52.0,58.09,lentil,1604.11
80.76,43.31,54.5,6.56,31.08,81.34,283.5,rice,4939.85
105.54,53.37,55.8,7.05,37.06,55.95,68.06,pomegranate,19322.3
119.82,64.22,24.42,7.01,23.86,54.01,153.23,maize,5773.33
97.51,15.12,63.77,6.97,36.32,62.65,33.49,muskmelon,17415.86
77.45,53.12,59.66,6.73,36.46,93.54,287.98,jute,3225.3
109.04,23.45,36.95,7.17,22.78,76.21,275.29,coffee,1242.57
18.59,16.06,19.14,6.68,13.31,81.4,158.4,orange,18896.3
40.66,64.53,46.47,6.08,25.76,90.74,214.12,papaya,41572.4
19.78,54.73,24.46,3.9,33.53,39.03,32.07,mothbeans,980.63
16.53,72.45,27.53,6.11,15.95,58.1,186.62,kidneybeans,1693.13
11.39,137.4,204.49,5.91,5.65,56.46,177.94,apple,20660.66
53.8,68.56,50.44,6.97,34.1,71.03,238.57,papaya,44824.94
18.13,1.89,38.77,7.31,27.95,64.66,215.21,coconut,11469.62
26.56,72.05,27.82,5.6,25.89,63.18,79.25,pigeonpeas,1286.39
139.47,54.45,51.3,6.25,14.25,50.46,82.44,wheat,3856.92
27.28,52.37,24.27,6.13,29.61,29.02,72.52,mothbeans,889.0
139.32,36.1,20.76,7.94,31.95,63.88,110.66,cotton,2545.4
34.03,62.45,29.07,6.74,32.98,68.1,132.65,blackgram,1070.45
12.43,11.75,14.17,6.86,10.45,73.6,134.94,orange,23625.6
28.86,43.08,42.34,6.72,24.81,64.74,110.63,grapes,18187.01
46.89,63.0,84.84,6.21,17.07,30.43,33.87,chickpea,1293.22
16.54,61.04,31.71,6.69,26.72,46.25,145.82,mungbean,1074.43
85.61,51.08,42.17,6.51,24.22,88.19,259.05,rice,4977.7
81.29,51.4,43.09,6.91,22.51,87.53,198.94,rice,4866.86
94.77,11.48,57.38,6.84,35.77,79.16,24.21,muskmelon,17976.31
85.69,62.5,37.69,7.4,25.27,69.6,175.95,maize,6063.45
105.62,44.03,57.76,6.72,25.24,86.57,171.15,rice,4896.82
119.03,27.2,34.73,6.5,24.33,65.97,293.07,coffee,1309.12
90.1,10.64,55.43,5.68,36.77,67.9,47.17,watermelon,30613.39
40.01,63.01,29.64,6.22,28.75,52.78,151.8,blackgram,1177.88
26.14,60.81,31.92,7.28,13.63,51.21,39.43,lentil,1674.38
5.38,145.14,203.9,6.79,1.21,66.68,118.87,apple,17335.66
99.14,53.12,35.51,7.46,25.55,58.56,112.3,maize,6689.94
19.1,49.7,23.09,6.58,28.37,29.88,56.83,mothbeans,913.49
105.86,21.89,54.03,7.18,34.3,64.12,80.33,watermelon,33604.69
50.47,66.15,63.37,6.26,31.93,83.69,249.42,papaya,44360.39
107.58,22.3,64.13,6.83,37.5,71.21,63.8,muskmelon,18686.27
43.37,75.95,81.32,7.28,17.66,20.93,85.42,chickpea,1389.8
2.55,12.66,18.64,6.89,21.93,72.08,136.19,orange,22017.11
23.88,65.79,19.28,6.84,22.51,61.43,153.95,kidneybeans,1841.11
28.1,54.38,27.57,6.3,15.76,52.91,20.69,lentil,1597.37
106.1,71.23,108.38,6.39,26.31,83.32,156.89,banana,36307.57
17.67,75.08,22.18,6.01,26.64,63.02,104.94,pigeonpeas,1299.28
22.84,62.52,24.27,5.02,33.27,28.22,59.71,mothbeans,934.98
38.97,28.73,48.27,7.25,33.91,70.06,164.92,mango,11179.4
22.16,60.25,25.05,6.48,27.6,38.85,74.65,mothbeans,954.82
105.98,38.34,29.39,7.02,25.56,67.38,290.18,coffee,1307.38
107.22,25.56,39.56,7.31,24.03,85.13,235.98,coffee,1282.88
97.64,40.94,58.82,6.96,28.46,54.81,114.77,pomegranate,16642.55
22.04,60.34,19.7,6.07,30.43,35.09,59.97,mothbeans,906.09
98.96,54.52,20.13,7.32,19.21,61.27,89.03,maize,6503.62
26.65,64.62,25.12,6.23,32.28,55.43,88.71,mungbean,1143.01
19.41,4.05,47.46,6.32,28.08,84.07,136.59,coconut,11306.84
7.58,129.9,199.48,5.84,19.02,79.52,102.9,apple,18515.6
18.79,39.32,33.47,5.87,9.51,58.08,199.7,grapes,16568.03
81.09,59.17,54.2,6.45,31.16,85.63,221.42,rice,4703.61
27.98,69.72,31.03,7.71,19.73,52.35,26.69,lentil,1546.49
29.38,54.27,33.79,4.07,26.02,36.92,43.49,mothbeans,872.31
124.71,62.21,54.73,6.13,24.62,45.1,112.31,wheat,4116.36
135.71,42.34,19.87,7.4,23.08,67.32,94.96,cotton,2663.0
91.97,12.22,57.57,7.15,38.89,61.68,76.98,muskmelon,16374.56
8.12,6.32,45.2,5.67,30.18,88.28,122.45,coconut,13271.6
27.96,55.44,25.38,6.52,16.32,65.85,194.19,kidneybeans,1773.78
52.35,55.59,45.72,6.78,25.87,78.2,239.24,papaya,44014.74
42.14,79.31,77.49,6.13,23.06,35.96,39.77,chickpea,1319.07
119.82,43.52,29.84,7.85,34.11,59.07,97.93,cotton,2850.23
46.24,59.92,61.94,6.46,27.91,83.38,194.55,papaya,47095.46
27.74,66.42,22.65,6.04,25.76,52.03,68.46,pigeonpeas,1292.13
8.62,139.87,207.92,5.8,9.81,61.41,107.6,apple,18512.36
22.87,43.31,35.02,6.16,20.47,67.55,153.78,grapes,18073.5
104.25,53.17,56.59,5.54,23.3,89.24,234.53,rice,5260.93
22.74,50.25,32.34,4.86,25.42,29.8,56.73,mothbeans,943.11
118.26,29.26,40.19,7.38,26.4,70.51,233.28,coffee,1255.53
107.49,55.85,61.17,6.31,26.03,48.44,111.49,pomegranate,19279.35
116.04,35.78,39.47,6.85,25.53,65.71,238.65,coffee,1201.18
31.72,21.61,49.09,7.32,26.47,64.89,173.11,mango,11781.26
103.55,11.58,52.47,7.04,28.13,66.33,65.02,watermelon,33671.51
99.04,20.89,64.79,6.57,35.53,65.22,34.35,muskmelon,17299.11
91.08,72.77,132.05,6.77,29.29,87.31,179.58,banana,36839.87
113.46,42.17,44.5,6.69,32.72,94.9,280.94,rice,4830.52
18.91,58.41,18.32,6.56,26.1,40.54,69.27,mungbean,1051.61
22.35,51.37,25.29,6.69,13.78,53.62,58.09,lentil,1613.82
28.07,55.32,21.0,4.65,32.81,42.4,55.99,mothbeans,892.09
117.41,20.99,28.12,6.64,17.71,84.47,287.48,coffee,1121.61
2.04,11.35,19.68,7.48,18.81,71.19,150.02,orange,19288.36
26.9,63.99,22.77,6.72,15.23,53.49,182.7,kidneybeans,1833.34
40.98,73.36,34.48,6.88,32.35,62.7,125.56,blackgram,1091.28
37.98,55.17,89.11,7.74,19.36,44.94,52.2,chickpea,1342.26
25.69,35.11,34.14,5.59,20.55,50.45,177.94,grapes,17541.41
88.79,27.84,37.64,6.28,25.29,71.22,271.43,coffee,1283.18
81.96,47.5,42.19,7.86,30.27,94.85,214.61,jute,3165.61
89.71,46.86,36.27,5.82,29.23,68.88,65.2,maize,6142.03
97.01,16.41,47.42,6.61,37.79,63.27,84.16,muskmelon,17440.08
32.58,47.27,33.44,6.52,22.66,67.66,97.2,grapes,17016.4
48.91,70.11,21.42,6.85,29.73,52.52,94.92,blackgram,1080.1
12.42,1.91,46.73,6.23,34.07,64.55,263.62,coconut,12261.67
85.52,55.81,45.41,6.83,29.95,77.24,274.88,rice,4985.58
89.43,71.09,133.19,6.46,32.53,78.47,134.81,banana,37649.23
42.36,60.72,27.06,6.39,30.92,67.91,81.25,blackgram,1129.03
28.89,55.26,30.16,7.92,16.69,42.75,47.15,lentil,1601.41
19.92,61.67,29.68,5.57,24.91,69.95,177.51,kidneybeans,1814.58
98.25,63.53,64.61,6.23,38.92,44.24,59.14,pomegranate,16982.85
18.24,53.3,34.95,6.43,13.3,46.24,69.63,lentil,1566.09
34.21,69.5,20.26,7.36,30.12,50.98,155.67,blackgram,1039.07
119.01,62.77,45.3,7.28,16.47,60.49,129.94,wheat,4258.49
37.54,32.74,37.71,7.04,32.21,68.76,136.42,mango,12674.93
93.78,14.36,58.09,6.39,38.6,65.0,67.91,muskmelon,17764.32
3.13,8.45,37.79,6.43,36.1,91.75,257.62,coconut,11834.46
108.38,56.1,27.95,5.51,25.59,50.15,70.5,maize,6400.4
106.05,20.07,50.76,6.04,33.3,74.87,84.31,muskmelon,18925.93
110.56,78.49,152.36,6.17,30.66,82.44,142.16,banana,34497.87
127.78,57.31,38.19,6.48,24.46,55.55,77.75,wheat,4163.19
5.49,9.39,38.49,5.53,32.02,81.59,148.95,coconut,12822.75
101.52,17.26,51.2,6.56,30.73,60.6,49.14,muskmelon,18384.77
91.21,61.5,27.93,6.78,22.23,50.49,116.58,maize,6318.29
17.22,57.3,33.68,6.52,14.19,48.3,49.45,lentil,1537.51
29.37,53.44,29.84,4.29,32.81,41.4,44.76,mothbeans,896.6
39.61,66.51,27.56,6.38,24.41,55.94,102.13,blackgram,1168.81
18.79,53.05,43.15,6.61,9.91,77.55,133.95,grapes,17255.34
121.49,36.38,27.33,6.09,28.7,55.9,155.3,cotton,2695.09
95.53,72.33,230.73,6.77,30.15,89.33,178.49,banana,35992.11
15.51,66.37,21.46,6.41,24.38,52.76,144.06,kidneybeans,1764.86
27.94,44.45,34.95,6.9,14.5,53.88,87.91,grapes,17701.66
133.42,63.37,46.21,7.33,20.09,56.07,68.98,wheat,4267.77
2.24,4.97,41.79,6.7,31.86,94.34,201.79,coconut,12930.61
93.16,12.17,47.07,6.15,39.52,73.17,77.44,muskmelon,15939.58
85.93,48.13,40.71,6.41,35.39,78.59,286.79,jute,3026.59
29.22,49.43,34.2,4.64,30.14,39.03,39.96,mothbeans,867.74
19.01,5.52,15.46,7.43,23.4,85.69,115.9,orange,18946.75
19.51,50.29,24.91,6.89,33.3,27.99,60.69,mothbeans,935.83
7.75,137.43,208.99,6.09,1.2,66.2,135.8,apple,17933.14
116.28,45.07,63.15,7.06,31.72,48.49,63.05,pomegranate,15558.13
38.04,27.47,44.62,6.73,29.01,69.23,190.58,mango,11787.1
18.16,74.71,29.58,6.22,25.69,45.2,176.43,pigeonpeas,1268.8
83.23,49.74,48.7,7.03,25.13,80.78,180.47,jute,3339.92
33.91,61.59,88.95,6.83,18.67,32.18,57.09,chickpea,1300.87
19.62,51.94,33.45,6.61,9.88,69.45,97.2,grapes,15786.08
90.39,11.33,45.34,7.32,28.54,67.45,35.19,muskmelon,14725.07
112.56,65.82,112.52,6.31,27.34,81.76,190.49,banana,35320.4
28.7,77.15,28.8,6.57,31.79,57.05,168.84,pigeonpeas,1271.73
89.63,47.22,43.53,6.2,25.88,79.82,262.77,rice,5232.94
11.11,14.54,7.75,7.39,19.71,75.36,165.59,orange,23214.16
108.02,42.82,28.2,6.22,35.39,73.38,70.87,cotton,2490.74
15.96,9.13,36.29,5.56,35.98,89.56,259.37,coconut,12102.12
115.89,24.75,60.56,6.05,37.07,65.39,87.35,muskmelon,16997.4
9.93,0.97,40.97,5.65,36.24,74.76,187.82,coconut,13476.73
129.19,48.28,25.49,6.63,29.48,44.19,151.07,cotton,2757.2
21.95,67.23,24.64,6.94,30.68,68.53,171.6,pigeonpeas,1456.0
112.77,21.8,50.11,6.85,33.01,57.6,62.71,watermelon,31684.68
31.16,39.79,38.09,6.14,20.93,61.24,89.4,grapes,17221.37
90.33,55.94,60.06,7.33,34.66,49.92,75.53,pomegranate,16290.44
102.83,46.79,18.4,6.16,32.97,43.45,184.21,cotton,2522.37
26.64,71.31,22.34,6.54,25.22,62.05,147.93,pigeonpeas,1354.56
14.79,6.02,12.91,7.01,13.99,66.89,151.2,orange,21486.18
7.55,6.52,41.31,7.43,32.01,67.76,191.55,coconut,13407.05
38.5,30.04,48.15,6.29,28.36,67.98,152.48,mango,11741.78
113.5,26.47,29.05,7.44,26.86,72.84,284.12,coffee,1236.41
52.11,55.08,59.25,6.65,30.09,83.88,184.09,papaya,46475.42
112.91,19.91,50.0,7.5,38.66,67.47,22.04,muskmelon,17587.62
106.28,50.24,39.96,7.37,21.96,64.24,60.08,wheat,3907.2
24.27,21.88,43.37,5.51,34.82,61.88,102.09,mango,11052.45
25.25,70.75,34.34,5.94,20.92,50.58,125.3,kidneybeans,1838.8
17.67,51.11,23.04,6.31,21.04,35.11,78.85,lentil,1590.59
28.84,20.88,46.82,7.11,27.09,55.22,136.64,mango,11236.26
45.45,55.91,33.34,6.03,29.83,55.51,131.17,blackgram,1037.85
26.13,64.45,34.52,6.8,22.21,49.82,79.32,lentil,1577.11
117.22,10.5,50.46,7.37,26.35,64.94,61.79,watermelon,29390.28
82.48,33.2,40.17,7.29,19.28,80.77,191.41,coffee,1264.09
108.2,41.4,49.62,6.67,31.22,91.3,217.24,rice,5026.81
39.14,56.19,19.13,6.9,33.94,57.99,154.58,blackgram,1076.4
83.99,44.09,54.87,5.53,34.69,82.54,257.9,rice,4870.25
116.63,51.35,47.94,6.17,20.95,94.38,196.6,rice,5040.28
30.45,50.79,30.78,5.91,13.05,70.96,155.66,grapes,16493.4
103.38,21.6,46.4,6.2,24.66,69.31,71.33,watermelon,32699.33
19.4,55.6,21.27,4.47,24.72,37.85,62.85,mothbeans,951.87
23.94,73.14,29.09,7.36,39.46,55.67,148.31,pigeonpeas,1377.37
18.25,38.78,33.46,6.63,14.65,55.0,120.39,grapes,15078.31
49.16,70.83,27.46,7.24,24.33,68.01,199.94,blackgram,1050.12
129.92,47.8,21.65,7.63,27.58,72.48,76.27,cotton,2789.37
109.32,30.31,37.08,6.97,17.0,72.37,165.13,coffee,1293.19
91.86,72.66,58.91,5.56,27.88,80.54,135.41,banana,35812.34
10.03,137.58,205.38,6.33,17.76,54.52,139.46,apple,18702.45
44.01,68.92,32.64,7.13,28.96,56.25,70.76,blackgram,1087.04
94.32,15.09,64.85,7.42,32.12,67.48,38.18,watermelon,29511.13
101.24,64.46,45.9,6.41,14.92,63.39,112.44,wheat,4044.1
1.82,4.01,40.97,6.99,29.99,90.56,150.15,coconut,12085.51
3.31,12.81,8.66,6.84,13.34,70.39,85.62,orange,21071.02
13.85,138.42,201.31,5.59,13.96,56.88,161.21,apple,17994.63
26.52,54.78,30.44,5.54,26.22,26.12,48.47,mothbeans,928.92
111.09,51.07,53.81,7.41,17.99,56.06,96.26,wheat,3758.77
93.53,13.15,52.03,6.8,39.76,77.4,70.05,muskmelon,17955.47
90.97,58.23,26.19,6.58,33.69,63.48,146.38,maize,6464.37
101.46,59.31,59.27,6.78,22.81,86.89,281.72,rice,4732.23
5.87,8.92,44.02,5.83,34.02,79.19,116.34,coconut,11504.67
96.75,17.55,48.04,7.21,35.84,79.58,29.56,muskmelon,17855.13
91.45,32.52,43.51,7.41,19.97,67.79,288.66,coffee,1290.87
19.66,70.67,23.58,6.88,18.22,52.75,169.81,kidneybeans,1814.38
21.05,55.97,28.33,6.53,23.78,54.49,186.85,kidneybeans,1842.06
29.66,36.52,47.66,5.77,8.47,60.87,68.18,grapes,16046.12
22.99,66.39,28.86,6.74,22.16,64.97,128.1,kidneybeans,1871.07
114.96,45.07,52.22,6.33,25.94,88.55,258.87,rice,5114.12
133.34,53.19,18.78,7.04,35.63,42.69,172.8,cotton,2450.01
112.17,58.42,58.0,6.87,34.7,56.86,98.35,pomegranate,18097.64
119.03,20.23,48.93,7.5,31.08,73.72,67.62,muskmelon,17411.99
105.29,17.02,56.36,6.85,32.94,78.32,54.78,watermelon,34291.73
12.46,7.68,36.9,7.19,33.54,73.02,236.14,coconut,12204.47
23.6,38.94,34.8,6.29,16.33,65.41,173.76,grapes,18172.96
22.76,62.53,20.09,6.31,26.53,44.12,127.84,mungbean,1142.21
132.82,36.27,24.86,6.4,35.78,67.66,84.47,cotton,2478.22
20.06,73.71,28.26,6.23,32.34,42.61,138.95,mungbean,1139.95
97.57,73.87,104.42,6.65,34.82,80.07,256.84,banana,35190.74
24.87,40.13,42.99,6.85,8.85,61.25,190.99,grapes,18706.88
105.43,16.18,59.52,6.08,39.94,76.86,43.45,muskmelon,18906.78
28.41,64.33,33.14,5.67,26.26,43.87,38.74,mothbeans,839.22
80.04,44.25,57.89,6.47,22.58,92.81,220.49,rice,4821.49
93.87,19.03,53.46,7.01,29.05,66.9,32.62,muskmelon,18725.07
9.47,10.6,8.17,7.34,14.04,88.02,106.07,orange,24677.48
26.59,55.8,27.11,6.02,31.67,38.4,49.11,mothbeans,927.85
66.33,50.52,51.68,6.3,24.04,76.48,210.82,jute,3128.27
104.54,63.8,69.92,6.99,37.97,47.57,81.76,pomegranate,17411.46
113.82,58.02,23.48,6.23,20.69,67.17,94.74,maize,6072.11
27.42,67.61,19.71,6.8,34.76,46.16,60.1,mungbean,1115.13
28.63,52.77,26.66,3.91,32.11,39.01,69.71,mothbeans,929.44
96.89,63.07,88.97,5.65,34.76,77.55,251.33,banana,34809.19
22.95,64.31,19.85,6.86,15.33,46.34,43.43,lentil,1691.04
69.13,53.92,45.62,6.68,30.5,93.56,310.97,jute,3300.98
18.11,49.29,41.25,6.3,9.8,54.92,115.47,grapes,16933.19
100.32,39.1,44.86,6.06,17.15,78.84,292.52,coffee,1209.29
48.94,62.43,23.74,6.04,22.75,68.63,196.82,blackgram,1072.85
113.17,66.01,227.91,6.99,28.07,77.45,291.43,banana,33505.18
94.97,48.52,53.04,6.8,26.81,79.96,185.5,rice,5162.95
18.37,69.2,30.08,6.77,15.1,53.41,147.1,kidneybeans,1816.01
33.34,59.73,74.6,7.56,26.57,29.57,42.07,chickpea,1229.47
47.3,73.55,30.01,6.3,24.54,68.17,135.92,blackgram,1033.18
107.52,40.57,63.23,5.7,33.1,43.3,114.53,pomegranate,16159.7
35.69,60.5,78.52,6.91,15.08,39.48,99.77,chickpea,1351.84
26.27,73.76,19.6,6.35,30.9,41.96,93.37,mungbean,1094.06
120.21,54.7,37.12,6.51,22.24,49.58,127.25,wheat,4023.37
29.53,33.99,44.2,7.19,30.74,48.23,197.32,mango,12376.74
40.57,57.59,18.18,6.32,31.42,66.57,114.37,blackgram,1084.95
77.26,49.45,51.72,6.86,31.26,74.03,251.3,jute,3383.91
47.91,57.05,23.78,6.8,29.97,61.91,172.23,blackgram,1060.03
112.89,63.35,65.86,7.05,33.53,52.86,85.36,pomegranate,16805.63
8.25,0.58,49.59,6.4,35.82,93.31,189.87,coconut,11472.81
105.47,16.51,59.92,7.21,31.07,59.55,99.6,watermelon,32199.71
6.73,6.54,35.83,5.74,28.07,60.33,295.67,coconut,12542.45
102.19,52.79,44.87,6.98,11.31,51.03,108.12,wheat,3801.37
19.8,79.17,21.46,5.63,30.3,48.36,82.09,pigeonpeas,1267.0
110.13,12.39,56.29,6.21,35.92,67.54,35.95,muskmelon,18760.22
98.55,45.79,55.92,6.86,32.04,80.32,191.12,rice,5178.01
28.28,66.03,26.28,5.51,37.9,52.65,101.63,pigeonpeas,1249.76
20.72,74.69,24.2,6.25,20.69,58.67,184.56,kidneybeans,1788.38
117.17,24.81,49.19,5.98,32.92,71.94,98.53,watermelon,31090.84
41.95,69.18,85.47,6.72,18.73,43.78,69.29,chickpea,1401.33
110.75,41.47,26.07,6.34,21.06,60.52,69.96,maize,5971.84
95.32,64.37,63.64,7.13,33.73,43.8,115.54,pomegranate,16791.82
123.32,61.7,48.15,7.08,19.62,59.76,112.48,wheat,4354.25
23.44,46.63,40.68,6.92,26.43,61.81,139.92,grapes,18709.76
23.35,59.92,31.78,5.61,22.59,52.41,165.44,kidneybeans,1802.04
58.09,52.71,52.51,6.65,33.35,92.72,254.8,papaya,44470.7
108.38,47.38,58.45,6.41,39.93,56.58,94.71,pomegranate,18965.69
19.79,61.68,29.14,4.73,34.06,34.97,39.41,mothbeans,892.75
28.93,58.26,27.36,5.66,22.41,57.31,196.76,kidneybeans,1763.44
39.52,75.49,77.84,6.7,23.74,31.62,98.4,chickpea,1402.27
100.52,10.0,45.56,6.71,38.02,62.65,58.13,watermelon,30519.55
96.2,27.65,43.81,6.28,18.72,84.8,194.38,coffee,1300.05
115.5,60.26,66.01,5.99,26.68,83.14,243.52,banana,33270.64
25.89,57.41,25.62,6.81,25.12,42.6,70.01,mothbeans,942.81
109.46,53.56,50.46,5.78,31.93,94.21,258.28,rice,5213.37
18.98,73.62,21.04,6.79,31.99,65.99,130.47,pigeonpeas,1293.54
26.28,59.89,24.69,5.68,17.87,56.06,131.94,kidneybeans,1755.06
23.76,49.68,32.51,6.16,10.45,60.43,187.74,grapes,17791.08
17.04,17.85,8.65,6.29,22.26,68.58,154.63,orange,21027.59
80.23,54.36,34.95,5.85,33.84,63.26,84.95,maize,6204.74
107.17,16.5,59.03,7.1,34.93,66.38,63.31,muskmelon,18690.85
24.8,63.45,18.98,6.67,23.74,51.54,54.45,lentil,1598.03
99.83,20.95,55.48,6.4,30.77,69.15,66.62,muskmelon,18559.94
114.63,43.54,27.32,5.6,18.5,74.74,129.09,maize,6002.44
16.6,74.02,34.34,6.51,34.47,40.7,148.28,mungbean,1021.87
28.81,61.72,18.32,7.36,13.21,48.42,55.25,lentil,1536.72
25.4,59.33,21.76,5.7,31.21,40.28,80.0,mothbeans,921.88
8.17,9.54,7.31,6.75,15.56,67.69,191.83,orange,20723.13
87.68,41.59,33.71,5.72,19.81,68.5,67.73,maize,6272.48
102.74,58.25,50.74,6.44,23.03,91.01,242.67,rice,5032.74
21.19,40.04,33.47,6.92,24.7,63.0,75.42,grapes,17299.89
62.14,55.89,51.97,6.87,27.74,70.33,203.34,jute,3100.35
28.47,30.08,44.26,7.41,32.95,74.62,102.02,mango,13720.47
8.26,5.27,42.73,5.61,27.96,62.88,218.99,coconut,13428.55
103.76,69.0,49.97,7.31,12.05,48.0,86.83,wheat,3838.97
25.61,60.08,25.93,6.86,30.88,57.7,102.65,mungbean,1117.13
6.42,5.79,42.38,5.87,29.89,79.15,267.96,coconut,13032.84
27.52,56.52,30.59,6.95,26.95,68.48,187.08,kidneybeans,1656.92
67.61,55.9,50.76,7.08,27.83,73.88,186.73,jute,3269.33
117.89,61.05,43.19,6.83,16.49,60.67,140.91,wheat,4417.01
101.3,51.34,43.07,6.12,13.94,64.65,70.9,wheat,4021.1
29.16,58.35,20.63,5.61,19.7,51.05,139.47,kidneybeans,1646.57
103.57,53.33,33.76,6.44,30.14,74.93,109.04,maize,6667.08
25.56,55.13,32.53,5.89,24.05,29.11,42.9,mothbeans,916.22
40.5,55.35,85.6,7.8,27.58,43.96,93.22,chickpea,1360.14
23.61,65.18,19.41,6.72,18.15,60.83,163.9,kidneybeans,1825.03
109.81,42.62,43.97,6.44,31.21,92.89,190.89,rice,5135.21
117.43,64.88,200.24,5.66,33.52,78.61,178.84,banana,35118.92
102.69,23.4,41.26,7.13,17.37,87.14,209.1,coffee,1369.23
22.42,68.85,33.87,7.99,14.03,35.07,46.24,lentil,1649.28
11.46,138.77,198.87,5.72,23.14,52.88,127.72,apple,18709.26
115.68,56.43,36.65,6.73,32.77,59.04,136.88,maize,6140.26
115.79,53.12,21.75,6.2,23.86,48.9,93.57,cotton,2762.11
113.11,60.05,43.35,6.39,17.54,43.8,85.19,wheat,4264.79
94.73,26.1,45.57,6.24,27.81,79.52,35.47,watermelon,30400.73
53.4,57.13,50.02,6.43,26.8,70.5,159.41,papaya,46907.58
90.2,41.7,58.98,6.86,31.03,41.07,110.86,pomegranate,15457.71
20.87,23.57,44.83,6.89,35.59,54.51,150.83,mango,11146.63
45.96,57.67,59.03,6.2,25.62,70.09,229.0,papaya,46641.8
109.53,73.07,123.25,5.98,27.51,86.5,159.98,banana,38228.92
17.7,12.68,9.16,7.24,20.41,84.78,128.0,orange,21319.14
89.74,41.98,55.07,6.82,24.17,79.04,177.86,rice,4885.14
15.19,67.59,32.36,6.33,17.53,64.83,166.95,kidneybeans,1735.09
18.98,63.77,30.23,6.0,38.97,65.69,144.43,pigeonpeas,1311.57
107.27,45.28,57.45,6.23,39.14,41.38,120.97,pomegranate,18084.66
119.59,41.48,42.65,6.74,28.7,90.49,244.64,rice,4655.24
109.69,23.13,62.55,6.46,30.19,78.53,69.91,muskmelon,16700.42
104.6,44.95,37.91,5.88,33.04,69.07,93.7,maize,6214.36
46.92,54.15,49.57,6.62,34.62,85.15,211.85,papaya,46183.29
109.84,40.71,27.85,6.81,25.2,62.49,101.76,cotton,2596.19
91.85,48.16,42.74,6.36,34.96,89.02,239.28,rice,5097.37
39.46,29.45,34.24,7.44,30.68,47.19,80.51,mango,11281.63
48.11,77.02,79.04,6.57,24.57,43.87,80.89,chickpea,1297.57
39.68,27.11,43.96,7.23,24.35,72.24,134.89,mango,11026.39
127.37,51.22,38.06,6.5,20.05,50.98,123.42,wheat,4012.18
123.92,54.97,16.16,7.2,26.18,70.95,171.23,cotton,2567.57
33.16,38.4,47.26,5.79,29.58,63.45,162.68,grapes,16538.26
95.17,44.67,22.76,5.97,18.51,57.7,186.27,maize,6362.63
2.06,4.36,43.58,6.32,30.5,84.34,221.14,coconut,12050.0
118.35,20.75,58.08,7.24,36.22,74.25,67.57,watermelon,31781.23
38.02,35.94,43.45,6.82,33.49,59.83,122.23,mango,11643.81
86.79,43.9,41.16,6.92,26.04,91.68,252.2,rice,4742.64
104.78,15.23,63.15,6.82,29.41,72.51,47.23,muskmelon,18753.73
57.16,69.9,62.19,6.29,30.64,94.07,245.01,papaya,42669.54
104.48,60.37,37.0,6.25,11.99,63.85,78.49,wheat,4025.86
2.35,13.64,19.01,6.11,15.95,65.94,161.86,orange,20863.92
107.28,78.67,178.77,6.68,29.64,79.56,266.51,banana,36277.87
74.04,54.39,59.53,7.84,24.84,89.94,199.58,jute,3457.83
20.84,33.83,36.73,5.61,25.46,64.96,192.03,mango,11789.66
15.4,4.8,42.07,6.46,29.83,65.7,270.03,coconut,12785.2
123.89,39.4,16.87,6.3,39.51,43.03,81.21,cotton,2596.64
91.71,43.07,22.05,6.62,19.68,52.57,127.27,maize,6246.47
55.44,56.71,48.69,6.53,31.94,88.88,157.34,papaya,45153.04
103.36,50.51,20.3,5.64,21.32,69.23,184.89,maize,6454.25
17.73,9.92,36.85,5.74,27.7,90.35,249.64,coconut,11408.2
134.3,50.22,29.11,6.85,38.5,71.35,62.59,cotton,2651.38
48.01,58.48,27.54,7.02,26.67,60.58,151.58,blackgram,1054.92
128.25,44.38,20.57,6.5,27.72,58.75,82.67,cotton,2804.2
31.43,73.54,20.59,6.72,27.63,56.5,139.9,blackgram,1009.14
93.21,10.46,61.54,6.46,28.78,66.36,75.51,watermelon,30113.79
16.81,61.54,29.78,7.17,27.38,46.85,184.68,pigeonpeas,1248.01
18.67,72.65,18.64,6.61,18.5,59.05,153.1,kidneybeans,1664.01
82.17,29.25,40.69,6.14,23.96,69.28,154.94,coffee,1281.66
23.45,61.39,32.59,6.85,23.64,42.44,39.72,lentil,1704.53
20.14,59.13,21.52,3.7,32.71,41.16,31.15,mothbeans,910.36
106.53,61.27,42.36,6.94,23.68,43.77,141.34,wheat,4184.0
98.69,43.54,50.63,5.65,39.68,42.88,129.31,pomegranate,17604.12
16.15,64.77,21.86,6.37,12.11,35.46,44.32,lentil,1590.87
36.82,27.99,31.58,6.26,29.8,70.97,113.51,mango,11674.04
18.84,73.8,27.23,7.17,39.41,54.18,76.93,pigeonpeas,1327.47
115.45,62.16,143.95,5.86,25.37,94.58,246.81,banana,35533.3
49.69,72.89,22.12,7.37,23.79,67.07,93.83,blackgram,1034.13
105.48,35.85,23.5,6.16,38.73,68.12,85.19,cotton,2440.54
92.67,46.94,59.73,6.31,35.28,51.67,101.46,pomegranate,16918.14
90.1,45.9,55.3,6.82,33.52,94.69,297.36,rice,4920.99
37.46,71.65,78.7,7.56,21.39,25.89,49.16,chickpea,1434.29
112.9,12.4,46.43,6.34,38.23,70.32,76.48,muskmelon,17184.53
80.62,70.82,125.44,6.49,27.2,94.22,166.24,banana,35941.39
17.07,57.34,19.17,6.65,24.43,63.91,105.33,kidneybeans,1707.35
7.3,124.45,203.04,5.91,2.42,60.38,175.1,apple,17624.58
85.96,36.84,35.84,6.56,27.24,80.31,155.8,coffee,1268.28
24.43,51.2,22.96,6.43,17.27,38.97,36.49,lentil,1599.12
92.5,56.58,24.74,6.15,32.63,56.26,195.01,maize,6526.58
36.18,64.42,30.35,7.01,28.02,60.25,75.62,blackgram,1127.55
57.17,55.48,48.37,6.53,25.33,90.1,183.37,papaya,44167.4
122.1,49.81,23.8,6.42,38.62,53.28,79.71,cotton,2857.56
22.92,61.41,28.83,6.41,32.95,51.47,146.15,mungbean,1192.78
106.2,45.61,53.61,6.07,25.31,46.88,104.93,pomegranate,17926.48
125.69,50.65,28.6,7.4,35.92,42.81,175.33,cotton,2617.66
88.45,51.38,40.07,7.82,31.37,84.52,313.01,jute,2937.04
20.12,61.01,20.16,4.95,25.07,26.05,33.23,mothbeans,916.37
90.49,17.63,62.76,6.22,34.82,69.14,71.29,watermelon,29638.96
29.89,64.44,34.19,6.14,14.76,35.62,72.08,lentil,1467.28
24.43,55.85,28.96,7.64,13.0,51.89,22.26,lentil,1669.96
118.35,58.72,66.2,6.08,29.17,43.39,69.64,pomegranate,17358.01
46.92,71.34,30.34,6.97,33.53,62.27,79.79,blackgram,1020.07
24.65,68.04,19.75,6.62,31.43,45.18,96.64,mungbean,1160.54
29.03,23.5,38.61,6.42,32.33,73.11,169.46,mango,12794.88
136.09,67.55,54.19,6.34,23.98,54.28,92.25,wheat,3751.75
111.02,45.04,34.63,7.11,20.13,52.17,192.94,maize,6343.07
102.54,48.31,29.05,6.17,34.38,69.39,143.53,cotton,2423.85
27.36,51.87,28.57,5.66,24.58,33.46,41.14,mothbeans,896.59
95.5,22.87,56.56,7.24,28.84,79.27,40.98,muskmelon,16735.35
17.74,59.72,25.97,6.97,12.4,40.45,23.04,lentil,1657.41
21.9,48.18,45.52,6.39,27.12,74.62,146.45,grapes,18149.16
19.82,1.5,33.47,6.0,30.41,65.17,164.45,coconut,11046.67
93.86,30.57,38.15,6.11,16.23,82.96,204.92,coffee,1374.4
17.75,129.44,202.17,6.51,13.58,50.15,120.66,apple,17225.21
40.14,73.94,21.41,6.76,26.14,66.45,80.75,blackgram,1132.81
28.97,72.08,33.8,6.12,35.75,64.3,196.72,pigeonpeas,1261.22
43.96,74.89,19.61,7.3,27.01,50.34,136.3,blackgram,1044.69
102.66,16.04,54.24,7.04,34.4,74.3,73.93,watermelon,32736.68
2.77,138.9,198.46,5.79,5.09,55.91,147.71,apple,18146.84
105.34,16.89,46.56,6.37,31.38,69.69,77.56,muskmelon,19405.56
107.13,72.28,152.19,6.82,27.46,90.95,237.9,banana,38467.95
44.7,62.83,46.0,6.1,31.6,93.8,155.11,papaya,44739.01
123.19,62.54,42.07,7.02,21.56,64.96,99.25,wheat,4196.26
30.58,48.76,32.61,6.66,17.32,67.93,90.32,grapes,17251.96
73.44,53.86,51.53,6.77,29.92,91.9,186.08,jute,3376.77
96.38,62.95,198.32,5.92,28.02,82.08,186.43,banana,37027.42
39.39,73.66,77.58,6.85,20.05,23.77,79.97,chickpea,1367.14
25.81,64.23,31.24,5.68,30.72,44.56,33.66,mothbeans,875.93
27.38,26.69,49.84,6.94,27.33,67.57,86.84,mango,11570.45
29.81,41.23,35.07,6.74,22.91,72.19,103.83,grapes,16190.13
29.39,53.23,21.83,7.77,17.46,42.42,65.26,lentil,1520.42
104.89,68.52,35.52,7.25,11.15,44.87,50.39,wheat,3653.68
48.14,67.97,85.94,7.68,26.02,29.78,90.47,chickpea,1259.06
107.1,65.72,57.7,7.46,35.9,59.71,96.81,pomegranate,17991.61
98.55,53.8,43.27,6.5,25.65,87.37,156.01,rice,5267.4
118.69,47.81,23.24,6.47,22.41,54.48,174.09,cotton,3043.71
30.82,20.95,48.26,6.4,33.1,49.43,180.19,mango,12256.97
102.72,63.74,58.2,7.07,32.65,44.5,113.12,pomegranate,19318.94
26.98,61.92,34.38,6.32,29.94,51.09,108.29,mungbean,1082.4
15.17,53.44,19.22,7.02,20.16,35.21,29.69,lentil,1435.52
25.12,52.34,32.34,5.37,29.15,42.17,53.15,mothbeans,915.57
46.65,67.15,52.55,6.03,31.94,90.51,217.74,papaya,46314.42
87.6,60.22,51.68,7.17,24.83,80.68,211.42,jute,3182.25
87.66,40.5,58.55,6.17,24.61,86.97,151.1,rice,4769.71
116.97,50.2,53.31,6.68,24.31,47.17,136.63,wheat,3975.25
45.56,58.25,33.86,7.49,23.59,63.66,130.58,blackgram,1032.53
112.02,65.96,44.73,6.71,36.72,47.89,61.12,pomegranate,16814.51
107.17,11.56,53.43,7.07,28.82,65.23,84.71,muskmelon,19347.36
80.07,42.24,57.26,5.5,27.62,84.79,199.96,rice,4750.66
27.28,72.59,19.93,6.49,34.76,50.9,75.88,mungbean,1064.65
79.0,47.83,55.14,6.3,33.62,87.84,151.5,jute,3128.64
18.06,62.82,25.53,5.63,25.24,27.16,33.37,mothbeans,866.96
129.51,39.19,26.7,6.67,26.2,44.25,176.25,cotton,2434.0
57.4,57.17,46.15,6.38,30.33,90.83,244.78,papaya,43198.68
62.14,64.68,50.89,7.22,24.59,70.3,175.27,jute,3008.41
104.56,24.43,61.95,7.34,37.16,72.09,57.29,muskmelon,17448.18
17.49,65.3,31.92,7.41,23.22,42.42,61.42,lentil,1564.13
23.44,53.36,32.89,7.19,18.69,46.35,24.97,lentil,1682.21
40.84,58.21,24.6,6.2,26.71,58.0,84.57,blackgram,1145.64
117.28,52.87,54.08,6.22,17.83,44.92,57.64,wheat,4107.43
18.95,79.9,27.02,7.23,38.67,57.96,126.52,pigeonpeas,1328.86
15.24,127.6,207.16,6.93,5.6,62.29,113.13,apple,16107.29
24.1,37.76,30.4,7.26,24.54,69.81,125.35,mango,10516.12
114.1,42.34,47.87,7.1,38.61,54.19,125.64,pomegranate,15631.48
15.06,71.72,21.4,6.45,21.92,57.99,183.35,kidneybeans,1582.05
27.71,45.54,42.21,5.66,10.76,71.8,195.79,grapes,18878.28
16.78,66.1,26.02,5.5,38.81,47.48,157.13,pigeonpeas,1331.07
9.37,5.81,48.96,6.06,36.69,87.29,136.58,coconut,12911.13
19.25,50.31,34.46,7.43,22.56,50.86,64.15,lentil,1517.53
36.88,26.07,32.59,6.97,26.87,63.16,171.28,mango,11217.91
21.38,63.11,33.81,7.53,19.0,45.9,70.97,lentil,1580.2
53.04,53.41,53.22,6.68,33.58,78.77,250.42,papaya,47068.49
99.45,46.09,24.71,5.52,24.3,57.96,64.36,maize,6425.02
6.47,1.23,37.14,7.08,33.08,87.69,280.46,coconut,14043.88
106.51,24.11,40.14,6.98,17.89,88.3,228.4,coffee,1368.23
105.56,40.05,59.87,5.92,20.93,84.17,169.35,rice,4796.9
42.64,69.18,52.1,6.95,27.85,81.72,232.57,papaya,44257.56
27.32,65.66,28.68,6.87,14.0,45.11,29.55,lentil,1673.23
110.04,12.53,50.79,6.29,37.47,74.5,41.31,muskmelon,18109.95
49.7,69.03,52.6,6.53,29.54,81.43,287.66,papaya,48307.49
41.24,52.43,58.43,6.53,32.38,84.83,164.38,papaya,43637.57
15.53,64.89,26.13,6.52,28.26,60.32,89.46,pigeonpeas,1327.15
92.63,54.62,65.4,5.6,32.16,56.83,117.16,pomegranate,18281.99
15.85,131.24,198.22,6.23,10.88,78.29,103.32,apple,17700.41
19.48,11.55,12.78,6.9,11.71,67.03,103.78,orange,22674.39
46.41,59.92,85.72,7.41,29.53,44.14,49.21,chickpea,1308.27
107.53,12.45,63.49,6.82,31.55,71.92,48.26,watermelon,31297.01
38.08,74.44,29.8,6.71,26.0,57.32,149.46,blackgram,1088.04
23.3,74.63,20.03,6.64,19.01,52.34,142.19,kidneybeans,1700.22
8.74,123.49,207.53,6.04,4.58,68.05,185.76,apple,16567.73
96.23,11.05,52.82,6.56,37.21,73.43,81.05,muskmelon,17358.67
116.58,60.51,41.35,6.16,16.22,43.1,91.04,wheat,4216.41
22.95,65.41,19.01,5.58,22.21,62.48,104.72,kidneybeans,1854.5
10.94,16.45,12.12,6.18,15.51,79.21,122.13,orange,22408.19
106.2,10.83,49.1,6.9,31.48,66.66,30.17,watermelon,31080.65
115.48,66.4,40.13,7.12,11.11,59.14,129.2,wheat,4065.51
33.17,70.92,27.91,6.22,33.29,58.53,92.96,blackgram,1058.25
40.16,58.83,31.56,6.71,30.3,55.95,77.53,blackgram,1105.99
43.03,59.58,31.62,6.4,29.54,56.0,78.76,blackgram,1074.55
21.63,65.27,32.45,7.02,20.22,39.78,76.1,lentil,1675.81
77.18,46.36,50.38,7.85,29.9,81.82,290.17,jute,3291.58
89.9,39.89,41.71,7.08,19.6,66.79,250.34,coffee,1150.28
20.5,65.15,21.32,6.39,31.5,42.17,120.11,mungbean,1154.31
98.55,61.11,36.05,5.75,20.12,60.42,181.81,maize,6420.55
9.06,8.82,34.82,6.55,36.13,72.36,194.54,coconut,13108.66
92.77,68.68,187.03,6.05,30.59,75.12,176.98,banana,38266.28
27.61,60.48,21.3,7.1,19.64,43.06,60.78,lentil,1605.15
8.85,13.77,16.09,7.13,24.68,65.78,197.72,orange,22289.96
26.09,53.44,20.44,4.85,33.58,31.62,33.13,mothbeans,901.2
45.02,74.78,78.4,7.02,20.01,24.23,48.24,chickpea,1375.4
105.4,27.03,45.42,5.75,33.61,76.18,51.51,watermelon,32926.89
18.37,143.74,200.87,5.7,13.01,70.11,112.89,apple,16910.63
1.99,18.48,10.01,6.73,21.28,82.98,125.36,orange,20292.38
25.1,68.01,18.04,6.43,17.93,57.5,170.63,kidneybeans,1716.14
17.58,57.43,34.82,6.64,34.17,29.27,57.12,mothbeans,868.22
94.94,43.04,58.92,6.95,25.8,40.02,95.67,pomegranate,17028.25
42.9,52.29,52.81,6.23,30.74,83.11,174.37,papaya,44714.95
70.15,63.91,47.05,6.58,34.96,93.38,341.31,jute,3111.84
83.56,52.89,56.31,7.23,32.83,79.05,292.64,jute,3184.71
133.65,46.23,27.9,7.11,33.63,41.97,153.75,cotton,2498.58
132.25,37.36,17.78,6.8,27.98,70.99,133.39,cotton,2524.65
35.44,68.87,21.65,7.44,34.88,59.16,122.18,blackgram,1064.57
89.14,54.69,53.27,7.8,33.07,94.1,199.11,jute,3152.86
19.41,51.94,20.94,7.69,21.11,40.92,35.8,lentil,1506.1
111.79,34.85,34.57,7.07,20.28,70.26,276.45,coffee,1335.99
43.88,74.74,24.11,6.41,26.92,65.65,97.86,blackgram,1039.91
15.06,63.99,30.56,6.44,32.08,40.3,141.72,mungbean,1112.57
104.91,24.43,47.45,6.89,33.96,60.05,33.5,muskmelon,18055.6
103.89,36.93,30.13,6.55,25.23,70.86,300.0,coffee,1267.2
23.25,50.39,29.82,3.6,29.16,26.05,46.53,mothbeans,950.26
28.65,51.08,32.38,3.83,31.45,31.84,62.93,mothbeans,880.14
88.89,48.86,42.01,6.11,30.79,82.99,189.17,jute,2778.95
118.02,16.82,62.37,7.1,31.43,71.39,87.67,muskmelon,16903.03
110.54,56.85,47.98,6.75,11.4,41.83,68.57,wheat,4066.16
6.38,0.6,46.66,7.31,28.28,89.67,266.64,coconut,11910.29
15.13,59.85,34.63,6.98,17.53,62.31,107.69,kidneybeans,1637.76
113.56,78.95,214.2,6.11,31.12,85.53,160.66,banana,33623.93
16.56,136.3,196.22,6.51,11.28,73.35,149.4,apple,16505.01
27.01,72.63,31.82,5.84,31.51,48.22,194.61,pigeonpeas,1274.48
111.1,59.44,50.01,5.72,20.21,79.59,169.77,rice,5077.84
17.12,74.23,31.76,6.94,17.61,50.36,143.73,kidneybeans,1679.25
12.17,0.84,39.09,6.06,27.02,78.17,172.94,coconut,12333.81
19.18,61.73,29.75,5.97,29.81,42.52,41.39,mothbeans,917.36
4.34,4.45,40.66,5.74,27.79,76.94,181.87,coconut,13246.51
16.72,19.64,16.43,6.35,13.92,76.14,158.02,orange,19887.93
122.57,58.84,49.1,7.26,18.44,57.5,124.97,wheat,4262.81
112.98,47.78,62.79,6.06,32.21,53.48,103.35,pomegranate,16531.3
105.6,68.1,44.88,6.1,37.94,51.66,96.16,pomegranate,17367.48
90.11,25.48,59.77,6.2,24.12,74.64,36.96,watermelon,29175.04
112.14,62.64,40.73,5.75,28.42,41.79,126.96,pomegranate,15735.04
118.51,67.04,193.5,6.33,25.78,84.4,105.83,banana,34621.39
31.25,29.6,31.31,5.55,36.39,59.22,172.23,mango,13582.62
7.71,10.79,12.21,6.62,16.58,73.21,81.82,orange,24152.85
99.98,68.09,83.08,5.83,27.85,78.47,143.46,banana,37147.39
95.59,24.05,55.93,6.33,37.43,71.74,45.71,muskmelon,17491.01
26.68,66.94,31.76,6.39,24.57,69.53,139.1,kidneybeans,1763.56
101.75,68.24,120.56,6.0,27.25,83.77,123.55,banana,38613.52
96.92,11.44,45.21,6.03,32.78,61.09,47.62,muskmelon,16882.39
99.92,52.86,57.34,7.0,29.2,92.8,286.29,rice,5164.41
105.27,44.7,37.17,5.61,28.12,74.6,134.41,maize,6382.29
85.03,50.38,32.98,6.97,24.23,68.66,77.38,maize,6209.29
94.22,16.65,45.63,7.02,33.55,71.2,68.9,muskmelon,16953.51
91.29,68.07,81.44,6.56,29.95,87.8,194.86,banana,35479.87
15.31,9.56,42.78,6.2,34.21,88.16,182.93,coconut,13194.51
116.81,66.28,49.89,6.68,23.9,49.86,106.55,wheat,4222.38
26.99,41.92,44.36,5.54,13.08,57.84,76.45,grapes,18416.42
102.81,73.62,134.15,6.11,30.77,86.94,269.0,banana,38799.83
32.68,22.05,34.88,6.26,25.63,70.44,95.29,mango,11844.0
116.74,64.35,53.29,7.07,16.95,64.36,53.93,wheat,3909.31
91.89,28.82,49.58,6.16,37.45,65.16,75.02,watermelon,29677.55
15.61,51.32,32.25,6.21,22.71,41.13,38.55,lentil,1507.63
46.28,56.23,26.2,6.77,24.57,51.79,79.74,blackgram,1054.84
9.37,2.39,47.41,7.17,29.75,80.33,211.39,coconut,13065.99
112.66,42.11,41.33,6.39,22.19,91.49,196.55,rice,4755.16
116.67,13.34,60.2,6.06,32.24,73.07,77.84,muskmelon,16466.25
44.62,65.06,50.43,6.53,26.57,81.52,166.29,papaya,45660.3
28.45,33.81,46.78,5.62,36.2,46.27,197.62,mango,12453.07
27.98,79.44,31.2,5.93,26.69,50.23,122.07,pigeonpeas,1290.51
101.4,76.33,91.28,6.3,29.48,92.0,187.75,banana,35027.6
111.0,26.61,39.78,6.15,16.67,70.64,209.96,coffee,1283.16
19.96,55.75,19.09,4.12,25.64,25.56,66.11,mothbeans,886.92
37.07,59.01,20.31,7.11,24.76,54.46,114.26,blackgram,1057.35
17.54,47.4,32.35,6.02,27.57,63.59,185.23,grapes,17173.23
17.06,75.85,19.34,6.5,34.68,65.54,127.52,pigeonpeas,1302.26
96.93,37.9,27.56,7.06,20.58,68.18,233.85,coffee,1180.55
100.89,44.29,42.79,5.78,25.16,76.94,292.1,rice,5140.47
81.0,52.78,36.23,5.75,20.12,64.21,92.8,maize,6009.72
8.61,143.44,207.23,6.43,14.45,74.49,101.5,apple,17506.9
18.82,7.0,9.26,7.3,18.6,75.68,136.79,orange,21236.28
34.92,35.22,30.46,6.68,12.61,70.55,130.47,grapes,14863.01
90.71,59.37,26.62,5.88,30.36,61.71,64.38,maize,6210.96
5.49,9.22,7.07,6.22,15.19,84.16,129.59,orange,20183.24
117.86,68.16,225.57,6.67,33.62,75.34,195.48,banana,33878.54
22.75,73.6,34.97,6.98,32.29,50.55,119.91,mungbean,1089.42
15.79,60.57,29.66,6.84,17.42,37.46,38.11,lentil,1643.48
45.52,65.83,18.91,6.94,32.34,57.87,101.85,blackgram,1072.82
46.72,60.21,61.73,7.0,32.56,89.75,254.91,papaya,46992.6
11.51,2.51,48.44,7.07,36.52,73.64,232.35,coconut,12132.09
30.48,71.31,31.67,7.33,23.16,52.16,183.46,blackgram,981.06
87.61,49.97,50.15,7.86,27.61,91.22,250.25,jute,3137.1
99.71,42.84,60.31,6.16,29.88,46.37,70.63,pomegranate,17478.89
24.56,48.57,23.02,4.54,29.31,25.22,41.79,mothbeans,921.56
19.91,56.21,25.31,6.47,12.82,36.42,30.93,lentil,1645.99
117.25,66.3,41.42,7.14,24.09,56.52,93.17,wheat,4231.55
93.57,65.92,126.28,5.77,32.46,84.5,277.16,banana,36828.62
22.35,67.27,21.64,7.84,19.37,42.79,54.9,lentil,1639.29
121.18,51.24,24.17,6.23,30.11,50.34,135.45,cotton,2724.54
100.08,41.71,26.7,6.27,39.0,58.99,166.18,cotton,2453.4
18.06,126.68,208.85,6.45,10.3,63.09,156.28,apple,16173.66
21.31,70.97,33.94,5.76,24.17,56.16,132.15,kidneybeans,1780.83
87.03,28.42,28.63,6.69,16.01,89.13,239.49,coffee,1284.58
104.06,35.99,15.95,6.38,28.48,74.27,93.77,cotton,2443.58
21.45,55.94,23.16,7.04,34.51,56.63,95.71,mungbean,1140.75
0.43,8.46,5.66,6.61,24.13,89.38,164.04,orange,18754.73
28.17,68.24,30.49,6.21,29.28,46.36,136.67,mungbean,1109.8
20.19,69.54,27.2,6.29,17.34,63.81,139.2,kidneybeans,1831.04
24.69,71.56,31.81,6.25,29.54,40.41,139.93,mungbean,1094.07
35.7,73.67,33.69,7.11,28.1,50.94,73.68,blackgram,1042.73
35.79,60.0,34.57,6.26,22.42,68.99,109.78,blackgram,1057.77
90.03,10.35,47.92,6.15,33.88,78.0,25.92,muskmelon,14896.36
26.94,60.23,26.27,5.81,33.98,64.95,69.46,pigeonpeas,1299.2
117.14,59.29,39.19,7.23,12.98,57.92,126.0,wheat,4291.78
86.81,51.48,23.4,5.54,18.89,73.25,70.21,maize,6149.47
84.01,54.84,59.68,7.77,27.55,72.99,273.97,jute,3227.53
28.35,60.98,34.56,6.77,22.81,57.84,171.11,kidneybeans,1686.46
100.87,64.44,54.22,5.64,30.42,38.96,108.95,pomegranate,18376.72
44.33,62.27,61.21,6.1,25.27,89.03,198.43,papaya,46693.36
105.52,62.72,43.15,5.61,39.76,57.91,131.23,pomegranate,17029.24
98.15,27.86,35.37,6.43,21.22,68.17,283.88,coffee,1284.35
0.88,0.85,43.2,6.94,36.68,60.12,147.39,coconut,11821.56
27.1,73.03,22.84,6.15,39.21,66.52,113.53,pigeonpeas,1241.92
60.95,51.79,44.74,7.77,24.27,87.5,301.24,jute,3119.22
37.03,34.3,42.49,6.95,25.87,56.54,175.83,mango,12144.36
113.79,18.26,54.15,6.94,34.14,72.83,76.18,muskmelon,17545.11
20.85,45.25,20.96,4.02,25.27,38.08,36.82,mothbeans,858.98
26.09,64.31,22.36,7.37,26.22,55.37,142.86,pigeonpeas,1257.43
18.85,139.62,206.17,5.74,4.26,67.2,143.06,apple,16034.0
25.02,67.14,22.03,5.59,25.22,61.48,141.44,kidneybeans,1807.31
63.58,64.95,47.86,6.3,31.26,70.35,235.11,jute,3000.48
12.8,130.5,195.52,6.74,12.87,70.6,157.52,apple,18317.51
132.71,52.03,15.17,7.65,25.92,57.79,158.6,cotton,2423.13
30.95,55.92,77.86,7.86,25.96,28.73,97.76,chickpea,1279.61
103.28,18.08,56.67,6.36,27.55,68.03,77.09,watermelon,34413.58
19.52,51.53,20.01,6.23,25.15,32.97,71.75,mothbeans,914.9
28.08,64.58,34.32,5.72,33.84,33.96,69.37,mothbeans,803.48
40.9,69.92,58.33,6.05,32.73,79.03,269.47,papaya,44310.4
22.71,52.96,23.52,5.97,30.47,41.96,57.68,mothbeans,977.36
27.41,46.17,28.63,5.81,25.6,36.05,42.16,mothbeans,891.81
118.52,13.26,58.63,6.37,28.57,58.94,70.98,watermelon,29008.58
131.29,68.75,53.05,6.03,21.88,51.28,128.96,wheat,3792.41
24.32,68.43,31.14,6.27,31.28,58.48,146.05,mungbean,1140.7
25.4,36.65,48.5,6.44,31.02,46.59,175.04,mango,10313.55
118.66,12.63,55.78,7.5,28.17,60.94,38.89,muskmelon,16457.44
25.42,35.82,41.25,6.67,29.67,53.16,121.68,grapes,19375.18
34.69,32.91,34.67,6.16,31.73,46.06,168.57,mango,12331.12
35.08,30.56,41.12,5.59,25.05,72.44,144.98,mango,13142.26
118.59,70.92,112.44,6.12,30.69,87.39,153.58,banana,36094.83
50.47,59.83,55.59,6.1,29.34,81.2,299.66,papaya,48920.36
106.05,36.89,22.06,7.42,26.29,57.42,171.84,cotton,2645.64
22.13,36.41,35.08,6.55,28.2,68.85,167.65,grapes,17098.38
132.94,54.73,26.06,6.83,36.35,49.54,193.58,cotton,2443.43
25.71,62.05,25.48,6.92,27.27,50.53,78.91,mungbean,1145.28
103.02,66.6,104.53,6.97,27.73,77.76,171.89,banana,37480.65
28.19,68.81,20.92,6.24,23.66,68.75,163.43,kidneybeans,1700.39
104.95,23.36,49.28,6.3,32.31,69.31,43.05,watermelon,32420.4
40.03,70.41,87.97,7.4,22.99,36.13,72.45,chickpea,1373.64
2.62,121.83,195.8,6.34,1.92,62.75,170.97,apple,15250.39
131.73,49.98,25.62,6.77,26.79,68.35,196.44,cotton,2681.58
25.44,62.43,20.21,3.79,34.93,25.18,65.41,mothbeans,847.11
29.3,45.37,34.61,6.71,29.51,60.89,178.9,grapes,18568.84
91.57,45.16,51.72,6.11,23.28,91.32,279.09,rice,5083.61
92.74,35.25,26.92,6.7,22.43,85.2,276.88,coffee,1172.51
111.75,49.33,40.64,5.66,27.94,36.21,130.42,pomegranate,17052.87
133.17,47.63,27.18,7.07,33.48,58.5,139.42,cotton,2689.57
18.39,68.41,19.65,5.53,15.99,57.3,197.5,kidneybeans,1762.97
29.9,32.48,46.99,6.86,35.2,67.28,157.67,mango,12803.64
47.03,62.61,79.01,7.33,16.96,30.56,51.66,chickpea,1331.77
2.52,11.08,16.31,6.45,18.15,68.18,163.79,orange,21998.29
116.86,60.87,43.4,5.65,27.43,55.17,111.46,pomegranate,15999.72
34.59,66.31,77.05,6.24,29.16,30.95,78.32,chickpea,1355.38
23.03,59.39,32.75,6.62,19.92,64.94,100.7,kidneybeans,1765.46
17.05,121.03,199.84,6.4,16.47,65.07,139.89,apple,16523.88
86.15,40.0,29.58,7.07,18.97,67.05,153.73,coffee,1161.68
17.07,70.37,33.65,5.52,25.84,55.43,156.26,pigeonpeas,1225.86
35.74,77.61,83.11,7.23,28.3,21.46,88.64,chickpea,1347.26
99.3,70.34,227.91,5.66,30.99,80.64,107.34,banana,38421.6
21.69,63.11,31.4,6.65,33.17,44.48,61.46,mothbeans,878.98
17.46,63.59,19.31,7.98,13.87,42.66,34.27,lentil,1550.54
125.73,63.0,40.41,6.56,10.68,59.67,93.3,wheat,4070.4
1.56,13.87,7.35,7.49,11.33,66.89,174.48,orange,22270.69
22.54,60.2,23.12,6.52,24.73,45.74,53.72,lentil,1748.0
109.4,13.29,64.53,7.13,30.81,70.27,75.25,muskmelon,17760.22
24.47,62.84,25.33,6.55,31.57,66.37,124.83,pigeonpeas,1419.49
97.01,18.44,60.37,6.51,32.29,70.23,66.1,watermelon,31291.18
16.43,68.18,28.41,6.28,21.0,53.06,150.06,kidneybeans,1731.65
12.95,12.34,18.15,6.6,18.64,68.25,138.84,orange,21690.6
67.97,50.25,46.02,7.92,34.93,85.93,248.85,jute,3267.12
106.25,40.72,40.11,5.58,29.09,91.03,185.78,rice,4597.01
12.35,6.17,43.14,6.77,34.92,88.49,295.49,coconut,13112.35
96.45,28.73,26.2,6.43,16.05,68.54,214.02,coffee,1312.01
56.16,66.86,59.69,6.23,30.27,94.23,221.66,papaya,43767.43
23.03,47.04,35.9,6.21,28.7,58.08,170.31,grapes,18888.86
27.76,51.86,24.91,4.69,34.03,27.62,58.71,mothbeans,911.56
20.49,71.6,23.98,7.07,27.58,50.42,70.22,pigeonpeas,1356.97
24.58,60.16,28.74,6.14,36.59,49.71,161.69,pigeonpeas,1315.67
108.43,67.9,157.0,5.58,32.76,88.85,205.86,banana,36904.44
40.34,73.4,31.88,6.58,33.52,57.56,105.26,blackgram,1066.43
56.46,54.82,47.25,6.76,29.42,82.17,264.28,papaya,43924.86
101.39,29.26,36.86,6.85,20.26,84.53,203.62,coffee,1507.74
33.66,41.78,33.14,5.69,26.08,75.71,92.74,grapes,15709.98
125.79,64.36,46.34,6.74,22.15,57.03,77.81,wheat,4411.62
113.4,43.81,61.98,6.59,28.97,48.58,124.75,pomegranate,15639.22
20.16,59.3,33.01,4.1,26.26,36.62,72.19,mothbeans,904.98
7.25,1.11,34.43,5.55,33.96,63.74,277.53,coconut,11599.96
28.93,60.96,21.97,4.54,28.2,33.11,70.87,mothbeans,886.17
19.63,50.53,33.42,5.74,17.72,53.58,149.81,grapes,17371.03
44.03,61.27,81.08,6.64,23.31,36.48,98.1,chickpea,1320.58
19.37,60.69,22.64,6.65,23.47,68.06,122.93,kidneybeans,1837.93
24.77,62.83,23.94,6.06,17.74,35.91,48.13,lentil,1607.79
32.63,49.32,34.62,6.79,22.61,76.85,176.81,grapes,16552.31
17.84,7.48,33.13,5.74,31.47,79.65,184.64,coconut,10968.3
39.84,64.97,34.46,6.28,32.05,50.11,151.72,blackgram,1138.09
4.58,18.44,16.03,6.75,16.93,86.46,103.45,orange,21650.57
21.86,79.11,18.9,7.29,25.91,54.78,72.29,pigeonpeas,1380.65
109.86,53.98,39.52,6.98,14.91,55.38,139.03,wheat,4129.52
118.45,22.13,41.03,6.63,24.68,66.36,151.55,coffee,1064.99
117.87,44.62,29.79,6.53,38.41,45.84,153.11,cotton,2824.31
96.76,69.26,116.26,5.66,26.99,91.07,230.45,banana,37354.15
21.48,49.52,26.17,4.07,31.34,37.11,70.5,mothbeans,930.28
118.46,54.47,23.67,6.72,34.2,46.88,195.28,cotton,2647.4
18.68,60.87,26.48,5.74,26.55,58.94,135.23,kidneybeans,1822.82
131.52,42.96,26.86,6.84,36.31,71.34,122.62,cotton,2793.26
36.87,55.56,30.64,6.36,30.38,61.18,126.01,blackgram,1088.28
20.23,73.8,31.18,6.54,39.35,68.13,128.91,pigeonpeas,1316.39
45.84,56.55,24.92,6.1,33.9,64.86,159.25,blackgram,1095.78
57.24,62.78,52.97,6.39,30.47,76.33,213.43,papaya,45657.23
131.63,52.36,26.42,7.01,24.55,68.65,151.14,cotton,2559.17
116.26,60.56,56.63,5.61,33.04,77.76,135.32,banana,33839.06
105.39,22.9,59.23,6.54,34.74,62.33,54.7,muskmelon,18767.89
84.24,64.11,199.82,5.54,31.1,75.68,123.18,banana,33997.15
112.45,50.25,43.68,7.06,22.02,55.11,134.69,wheat,4054.96
48.39,62.48,76.43,7.71,28.4,42.85,50.52,chickpea,1246.35
38.83,57.73,88.33,7.2,20.83,32.67,51.99,chickpea,1379.75
25.79,52.28,28.83,6.74,17.85,48.64,67.78,lentil,1690.61
96.65,34.06,27.34,7.33,18.28,68.2,239.85,coffee,1281.2
139.12,59.5,37.62,6.08,24.18,46.65,100.41,wheat,3835.6
111.73,21.03,32.34,7.28,26.06,80.91,166.28,coffee,1206.42
31.67,74.33,21.88,6.74,23.49,62.94,120.81,blackgram,1010.87
115.21,64.36,28.86,6.19,30.81,63.57,96.02,maize,6222.69
23.23,71.35,25.84,6.28,29.87,56.76,111.41,mungbean,1170.71
91.7,22.63,59.02,6.26,36.16,66.59,23.97,muskmelon,16138.54
53.33,69.89,53.03,6.14,26.38,82.76,207.56,papaya,45557.9
100.1,54.24,55.54,6.34,32.29,43.49,77.37,pomegranate,18878.85
28.4,67.57,28.67,7.21,24.36,50.12,61.0,lentil,1543.1
84.91,56.62,43.07,5.77,28.99,92.49,179.47,rice,4728.76
20.68,64.61,30.97,5.91,21.45,56.7,178.5,kidneybeans,1883.93
50.44,63.62,45.99,6.39,32.71,72.72,267.36,papaya,46481.01
16.97,59.28,25.71,6.82,21.14,43.4,25.34,lentil,1717.34
98.74,45.19,40.9,6.22,34.39,88.05,224.33,rice,4882.13
95.71,22.45,51.79,6.63,36.19,77.7,68.3,muskmelon,17968.02
108.38,43.46,41.83,5.78,34.7,84.17,267.61,rice,4897.42
24.25,75.5,30.85,6.67,26.27,45.43,170.59,pigeonpeas,1361.79
110.09,57.46,27.69,6.15,30.19,67.92,193.08,maize,6325.5
106.61,38.67,27.39,6.77,26.61,60.88,95.62,cotton,2501.18
20.85,62.57,18.61,5.88,23.38,57.21,115.83,kidneybeans,1852.66
104.01,11.99,57.77,7.19,32.92,79.56,38.03,muskmelon,19869.15
104.56,68.59,53.95,6.47,15.33,51.31,91.62,wheat,3575.87
21.15,54.88,30.08,7.27,21.3,51.44,26.07,lentil,1668.1
17.99,55.53,23.67,6.54,30.3,53.8,76.14,mungbean,1125.48
107.32,43.21,24.19,6.4,27.74,74.97,63.63,maize,6214.57
105.83,45.95,17.71,6.83,23.34,55.4,173.12,cotton,2692.02
15.53,126.48,195.76,5.7,12.58,52.7,124.98,apple,15777.92
29.38,60.14,28.37,5.92,22.79,51.87,173.42,kidneybeans,1758.13
10.4,7.06,38.05,6.8,27.07,72.87,282.91,coconut,13039.51
104.87,62.77,68.5,6.73,33.11,93.55,131.85,banana,34642.35
36.04,32.0,49.06,6.2,32.02,68.0,137.13,mango,11846.27
28.02,62.04,22.24,6.69,25.92,58.75,143.91,pigeonpeas,1228.68
27.2,50.27,32.3,7.15,21.83,50.14,74.19,lentil,1561.45
96.55,10.75,58.07,7.0,35.98,71.25,43.97,muskmelon,17586.2
40.54,61.52,53.46,6.41,29.3,72.84,176.89,papaya,45954.79
114.29,24.01,62.93,5.97,34.58,77.25,51.59,watermelon,29875.5
112.6,21.12,53.57,6.91,35.18,74.41,54.93,muskmelon,18173.65
25.11,33.33,43.52,6.55,30.85,57.5,115.49,mango,12310.42
18.27,45.83,30.05,6.56,27.92,72.64,103.98,grapes,17569.58
102.25,78.57,78.96,6.03,32.83,81.16,188.59,banana,34789.72
10.0,5.0,30.81,7.09,34.01,84.08,106.85,coconut,12815.84
118.2,65.31,62.55,6.53,31.43,35.91,119.84,pomegranate,16340.76
103.25,42.49,25.15,7.97,38.06,59.67,168.83,cotton,2659.63
11.3,3.73,45.98,7.02,35.64,68.64,299.51,coconut,12624.14
106.86,44.75,57.06,6.02,32.8,80.98,238.55,rice,4983.51
24.1,62.35,28.46,6.63,33.78,54.37,69.94,mungbean,1133.66
23.65,57.41,26.9,6.62,25.02,30.75,73.29,mothbeans,981.15
0.06,6.89,10.29,6.72,25.85,85.55,176.19,orange,20340.52
23.75,38.38,37.48,6.04,21.15,63.12,195.18,grapes,18467.84
26.25,74.12,21.45,6.41,28.05,57.82,96.62,mungbean,1072.46
21.68,32.28,31.92,6.42,28.98,65.42,166.91,mango,10389.38
109.19,20.5,51.08,6.25,33.38,75.1,82.07,muskmelon,18047.96
29.01,55.08,32.25,4.49,30.97,36.13,76.21,mothbeans,880.46
30.61,27.83,37.65,6.62,25.41,51.46,89.46,mango,13114.88
82.88,78.42,158.17,6.54,26.31,76.79,170.74,banana,33751.26
134.02,46.41,25.68,7.76,27.55,63.18,103.19,cotton,2655.26
96.78,29.96,39.28,6.68,23.25,67.54,264.57,coffee,1409.15
3.9,10.03,19.95,6.99,14.7,83.45,90.96,orange,21852.39
113.18,46.93,26.79,5.58,32.77,64.56,101.74,maize,6422.89
31.4,65.16,32.31,6.19,31.11,58.25,74.58,blackgram,1047.92
23.68,36.29,46.45,5.9,21.6,68.28,67.86,grapes,15987.9
7.42,2.38,33.94,6.47,35.1,91.0,152.06,coconut,12597.46
20.72,68.44,29.7,6.96,17.43,57.86,196.47,kidneybeans,1822.49
81.62,52.39,33.09,6.57,22.04,70.71,195.82,maize,6098.73
27.95,53.84,30.25,6.56,22.5,67.55,156.92,grapes,16076.4
28.43,26.2,46.55,6.51,30.45,48.4,98.39,mango,12563.92
27.95,56.91,20.59,6.17,17.23,64.72,105.8,kidneybeans,1597.72
62.3,62.08,57.07,6.71,26.69,86.83,301.33,jute,3099.12
113.48,61.79,73.38,6.22,32.9,81.72,113.89,banana,33009.34
17.51,57.63,23.21,4.84,31.91,26.43,47.14,mothbeans,907.41
20.41,43.41,38.91,6.59,27.11,59.64,159.2,grapes,18049.37
3.53,9.58,19.73,6.13,17.46,72.39,80.88,orange,19948.62
117.3,24.44,59.2,6.49,25.25,79.98,31.09,watermelon,32295.44
112.58,65.48,50.3,7.27,23.43,50.86,126.69,wheat,4125.93
57.8,69.52,61.89,6.14,31.4,87.42,265.75,papaya,43568.97
8.04,149.88,206.34,5.9,0.19,65.82,170.59,apple,18292.94
47.02,56.69,32.6,6.89,24.9,69.55,192.17,blackgram,1053.78
94.83,62.84,55.96,6.54,27.84,41.03,108.88,pomegranate,15490.1
16.43,69.5,28.33,6.53,25.76,58.52,88.35,mungbean,1094.2
99.1,26.17,54.29,6.9,37.96,62.49,73.55,watermelon,33098.94
94.04,11.32,48.1,6.68,33.11,62.03,77.59,watermelon,29277.19
11.53,3.75,49.76,6.71,30.36,77.79,256.12,coconut,12898.02
116.19,28.0,49.59,5.82,24.7,71.48,95.35,watermelon,29312.07
111.31,64.18,82.98,6.77,32.02,90.32,170.07,banana,32921.81
27.14,64.65,34.23,6.28,31.16,54.4,115.91,mungbean,1107.46
15.5,70.88,26.65,5.61,23.17,59.99,120.49,kidneybeans,1736.99
12.74,0.02,47.37,7.32,35.72,83.49,105.42,coconut,11391.63
78.01,57.88,47.9,7.83,30.85,88.76,238.9,jute,3302.64
97.48,23.44,42.83,6.64,21.49,79.28,285.99,coffee,1267.96
48.94,58.57,23.17,6.52,30.12,52.73,95.15,blackgram,1026.53
25.17,38.86,33.22,6.12,25.89,48.17,137.86,mango,11249.97
41.49,59.68,77.37,6.53,27.43,23.61,75.23,chickpea,1350.65
26.7,70.54,20.97,6.29,34.39,69.33,154.34,pigeonpeas,1342.41
69.11,59.63,45.07,6.66,28.38,73.39,220.23,jute,3223.98
27.46,47.9,24.52,4.49,26.68,25.51,58.31,mothbeans,892.42
26.95,46.11,29.47,6.53,29.47,26.4,51.42,mothbeans,865.2
32.45,66.46,79.88,6.33,22.97,35.15,41.01,chickpea,1413.53
110.98,58.03,45.58,6.0,12.43,42.34,104.97,wheat,4326.35
119.94,43.85,43.08,6.13,29.3,93.66,297.12,rice,4761.82
123.86,65.85,50.06,7.34,22.09,46.18,105.59,wheat,4145.5
16.26,61.2,27.93,5.79,25.98,33.75,74.03,mothbeans,862.48
28.63,69.06,33.91,6.38,21.93,56.09,170.96,kidneybeans,1662.71
138.56,66.32,49.47,7.3,23.6,48.44,111.1,wheat,3935.69
76.73,48.24,48.84,7.25,25.81,93.7,291.12,jute,3362.13
42.01,57.12,77.65,6.52,29.28,30.29,83.39,chickpea,1358.95
29.96,47.06,37.89,6.98,27.36,74.62,92.2,grapes,17079.62
102.42,46.35,52.91,5.62,25.01,46.33,113.41,pomegranate,17908.26
127.93,50.76,19.3,6.14,37.63,48.1,190.45,cotton,2606.45
44.66,62.12,46.05,6.02,27.61,77.24,165.66,papaya,45327.92
81.97,56.99,50.15,7.97,30.26,91.74,187.87,jute,3299.83
22.36,65.0,26.99,6.43,36.71,51.0,92.0,pigeonpeas,1452.15
119.64,57.61,46.66,7.05,29.83,49.43,57.37,pomegranate,16099.28
82.19,47.54,41.01,7.13,34.36,77.44,266.6,jute,2958.44
29.94,58.53,31.53,7.13,31.88,42.19,89.39,mungbean,1032.67
80.39,60.81,42.11,6.97,32.44,78.56,224.11,jute,3019.8
114.29,45.34,52.16,6.78,39.82,38.86,88.42,pomegranate,16831.41
58.59,69.2,45.28,6.14,27.78,91.19,241.67,papaya,42126.38
81.97,57.1,50.81,6.77,26.87,93.06,296.83,jute,3512.75
17.93,9.51,41.62,7.1,36.05,65.25,153.83,coconut,11727.06
1.22,13.67,10.65,6.12,14.88,73.17,148.99,orange,21275.22
85.94,50.17,48.08,6.21,21.79,77.68,191.71,rice,5273.62
118.79,59.69,45.76,6.6,31.25,81.93,168.58,rice,4607.29
42.52,62.97,72.67,7.2,26.38,39.83,40.89,chickpea,1310.41
36.48,25.31,40.83,6.02,24.65,61.27,117.73,mango,11969.4
42.05,59.73,62.19,6.53,32.61,75.99,216.83,papaya,44077.63
39.99,68.04,73.24,7.45,16.33,37.33,89.4,chickpea,1501.2
48.64,68.29,46.88,6.42,32.94,77.99,289.41,papaya,44345.96
24.82,26.11,36.85,6.29,30.74,45.28,108.74,mango,12111.98
46.67,57.4,32.85,6.07,25.89,52.8,159.08,blackgram,1021.89
92.76,18.51,53.8,7.29,38.16,56.44,89.16,watermelon,31111.54
25.19,59.52,23.06,6.67,23.14,52.32,68.74,lentil,1710.82
13.74,1.4,35.5,7.23,36.7,74.18,126.92,coconut,11823.66
110.25,23.31,27.25,6.63,26.98,82.95,269.71,coffee,1198.19
73.97,50.74,49.68,6.21,36.27,86.78,207.31,jute,3372.65
40.63,66.31,71.45,7.57,16.9,29.86,57.08,chickpea,1381.75
41.62,61.32,21.1,6.25,24.33,56.62,106.48,blackgram,1075.87
7.85,8.57,5.41,6.32,13.13,77.61,132.22,orange,20469.6
17.01,55.86,28.77,6.06,24.56,53.18,25.08,lentil,1705.81
63.25,57.74,42.91,7.6,31.69,88.53,182.85,jute,2997.27
27.44,63.25,26.45,6.83,26.55,48.75,150.59,pigeonpeas,1247.76
0.71,9.7,16.48,6.72,10.08,73.87,149.47,orange,20423.5
82.99,26.96,44.39,7.43,23.23,79.47,244.98,coffee,1213.37
25.01,65.65,20.34,5.81,17.15,61.74,197.34,kidneybeans,1824.05
4.72,12.79,6.97,6.57,25.4,67.35,153.75,orange,21922.82
55.74,62.14,53.74,6.06,29.13,83.63,298.65,papaya,48179.41
122.13,56.88,45.38,6.44,21.99,52.46,142.58,wheat,4144.62
95.08,23.7,52.21,7.19,35.98,66.77,89.15,watermelon,32582.31
115.96,10.34,55.8,6.37,33.74,76.32,68.3,muskmelon,17123.22
123.73,48.92,20.47,6.51,30.81,71.44,148.27,cotton,2779.63
76.96,62.86,51.32,7.84,25.93,90.09,192.65,jute,3312.4
28.79,68.11,29.19,6.77,22.84,60.07,138.97,kidneybeans,1755.26
22.39,24.14,45.78,7.36,30.19,68.76,111.52,mango,11522.68
6.68,12.68,7.91,7.03,17.64,89.59,109.58,orange,22813.32
9.64,137.66,206.68,6.66,12.9,76.47,193.19,apple,18623.07
21.28,60.81,20.49,6.43,27.36,57.97,189.57,pigeonpeas,1336.69
24.95,65.18,30.16,7.65,24.83,48.07,35.14,lentil,1688.06
57.35,68.02,45.85,6.05,30.51,74.17,166.9,papaya,42126.71
104.87,55.99,48.0,7.42,28.81,41.75,118.93,pomegranate,18576.74
112.1,68.99,160.52,6.37,28.96,80.97,176.49,banana,36756.12
29.93,39.01,40.77,6.42,25.01,64.85,131.8,grapes,18695.38
115.75,16.03,55.92,6.04,33.9,68.19,57.42,muskmelon,18203.36
25.55,55.09,20.38,3.81,28.83,43.46,57.89,mothbeans,905.46
116.51,70.46,60.36,6.11,26.61,82.13,209.0,banana,33943.52
102.17,22.29,62.04,6.73,35.62,62.32,71.12,watermelon,33737.67
33.45,73.88,27.37,6.55,24.59,69.9,163.49,blackgram,1035.8
0.74,15.87,13.5,6.68,16.61,75.3,134.37,orange,19578.68
61.14,54.3,44.94,7.66,34.44,89.15,225.65,jute,3089.67
49.74,60.03,48.4,6.91,29.54,73.79,255.65,papaya,48627.74
5.97,15.55,19.17,7.09,14.41,76.63,147.78,orange,21707.5
107.3,42.8,44.0,5.51,31.8,88.3,255.77,rice,4948.26
112.75,58.47,39.21,6.04,32.05,58.8,135.24,maize,5899.45
15.04,65.86,26.21,6.84,25.35,40.71,91.44,mungbean,1085.79
97.22,30.78,34.06,6.9,15.89,78.67,226.77,coffee,1417.13
86.08,48.67,57.78,7.52,29.19,76.13,301.93,jute,2994.39
35.24,32.54,30.19,7.4,29.79,51.97,81.21,mango,12260.5
9.23,10.78,13.68,6.85,11.16,75.37,166.52,orange,24077.69
23.11,39.81,30.53,6.24,8.87,50.13,144.66,grapes,16746.34
61.44,47.74,49.31,7.94,30.32,89.31,238.61,jute,3114.24
17.74,55.15,23.34,6.96,19.1,60.09,174.59,kidneybeans,1658.29
87.24,55.46,40.18,6.42,28.55,77.15,155.55,jute,3075.06
43.72,72.26,18.04,6.31,30.75,55.67,88.42,blackgram,1063.65
25.43,65.71,25.99,5.86,28.7,47.25,82.11,pigeonpeas,1361.17
14.42,9.92,9.17,7.44,13.51,87.86,178.85,orange,22049.19
18.21,66.99,31.57,6.52,28.54,52.58,73.24,mungbean,1099.42
54.79,60.96,57.73,6.75,27.74,92.05,217.99,papaya,47492.04
42.79,66.43,22.06,6.78,28.69,66.47,126.35,blackgram,1143.98
47.86,52.54,45.28,6.79,26.37,77.65,298.1,papaya,45320.71
119.2,15.27,46.19,7.29,36.77,61.36,25.83,muskmelon,17346.47
16.17,66.97,21.06,7.4,14.39,47.0,34.26,lentil,1508.85
103.35,45.96,67.99,7.08,26.72,41.72,122.2,pomegranate,17452.81
25.13,61.94,21.68,5.98,22.97,63.54,174.13,kidneybeans,1808.85
16.42,70.96,28.07,6.12,25.7,46.3,126.24,pigeonpeas,1369.65
105.5,78.83,127.97,6.6,32.26,80.37,284.12,banana,35341.75
117.53,45.89,24.02,6.15,37.61,51.78,96.32,cotton,2873.05
25.8,32.08,46.16,7.29,36.31,56.85,160.91,mango,12465.42
94.32,73.68,87.45,6.97,25.62,94.48,113.76,banana,36872.23
90.43,43.07,44.93,6.76,24.95,88.72,278.46,rice,4912.61
61.93,50.74,51.16,6.24,30.26,70.44,250.93,jute,3144.89
108.71,59.02,42.37,6.78,29.56,77.44,238.24,rice,4808.43
116.92,64.66,33.03,6.9,23.47,71.43,90.49,maize,6073.19
28.37,59.09,27.08,6.39,15.49,51.91,197.17,kidneybeans,1779.14
2.22,17.06,14.48,7.13,25.39,70.66,123.69,orange,20545.79
88.75,38.95,33.17,6.75,21.81,71.05,185.84,coffee,1236.02
116.78,44.65,23.31,7.26,25.78,71.56,175.9,cotton,2956.1
21.23,54.92,22.71,6.65,19.79,39.15,22.55,lentil,1704.74
108.46,28.92,62.53,7.23,29.85,67.53,49.74,watermelon,29893.51
112.34,68.58,36.89,7.49,21.55,42.33,115.62,wheat,3950.61
18.21,62.75,32.5,6.39,15.81,59.46,109.03,kidneybeans,1775.16
19.93,63.92,19.56,7.28,23.82,46.1,41.73,lentil,1638.84
57.34,59.12,56.64,6.94,26.68,92.11,270.66,papaya,48624.65
26.97,65.19,22.86,7.15,34.44,41.91,145.15,mungbean,1135.06
130.43,62.82,48.52,6.5,19.7,44.67,143.77,wheat,4129.21
26.92,57.47,30.94,3.84,29.04,40.94,43.29,mothbeans,891.09
7.82,145.12,201.6,6.86,21.17,55.36,188.51,apple,18508.47
102.62,63.95,169.45,5.86,29.03,87.47,231.31,banana,37585.34
132.9,36.67,17.04,7.36,36.24,52.36,162.94,cotton,2470.57
27.82,58.28,23.49,5.43,24.91,35.91,51.57,mothbeans,906.57
102.96,46.79,24.03,7.64,37.05,43.57,187.47,cotton,2618.91
97.65,57.53,50.55,6.62,32.31,89.99,193.18,rice,5288.03
43.74,56.98,88.16,7.29,21.84,36.49,91.53,chickpea,1301.66
29.28,67.83,32.25,6.59,33.47,53.98,176.84,pigeonpeas,1256.93
8.1,19.71,17.43,7.05,18.77,79.78,133.06,orange,20838.41
57.77,62.86,49.86,6.15,33.42,83.85,177.58,papaya,45456.44
26.5,59.97,33.61,6.21,30.57,52.45,111.96,mungbean,1069.05
19.04,64.44,25.85,6.81,16.67,37.91,39.96,lentil,1668.53
52.08,50.3,56.83,6.48,32.97,76.42,257.84,papaya,45832.87
5.2,0.22,36.02,6.43,35.3,66.32,165.48,coconut,12028.99
38.17,60.62,74.95,7.17,19.77,40.76,37.8,chickpea,1326.98
15.73,67.83,27.09,6.61,28.34,41.04,121.25,mungbean,1101.47
42.09,64.99,22.3,6.79,28.0,67.03,186.26,blackgram,1143.64
109.03,66.81,42.93,6.59,13.69,52.29,130.58,wheat,4012.52
22.58,31.47,38.99,6.72,24.35,66.15,180.49,mango,12222.38
113.16,27.89,59.88,6.65,26.77,73.19,71.46,watermelon,29773.06
86.23,64.38,132.13,5.68,31.89,89.75,244.27,banana,34367.65
26.04,62.33,21.72,6.63,24.44,47.6,55.73,lentil,1632.9
26.94,59.03,21.35,6.65,34.45,51.71,117.15,mungbean,1084.09
23.71,36.73,39.89,5.71,28.68,72.55,178.51,mango,13031.41
54.62,66.25,59.81,6.03,32.35,94.04,205.32,papaya,47006.37
51.29,59.73,47.43,6.76,26.76,90.65,264.65,papaya,46854.6
94.43,52.74,47.06,7.19,36.27,48.41,86.77,pomegranate,16500.94
20.26,45.83,39.36,5.95,9.37,65.31,61.37,grapes,18640.47
113.32,63.7,62.2,5.96,29.34,58.55,97.08,pomegranate,16816.65
18.79,57.27,19.51,5.34,26.61,38.63,67.38,mothbeans,871.08
1.86,16.19,6.3,6.14,14.34,88.06,169.99,orange,20493.43
19.55,50.63,26.29,6.64,13.27,41.18,58.85,lentil,1606.17
29.81,64.36,21.19,7.43,35.34,58.41,82.83,pigeonpeas,1225.68
81.8,58.72,56.75,5.68,20.9,91.69,173.36,rice,4665.43
98.5,14.35,52.26,5.99,36.21,70.97,50.09,watermelon,33038.13
11.72,124.83,201.6,6.46,22.14,62.57,169.93,apple,18236.13
109.22,65.77,50.0,6.14,31.38,59.74,97.17,pomegranate,17881.27
104.58,48.42,29.48,6.25,27.61,42.7,116.39,cotton,2624.03
24.63,58.63,31.59,6.89,34.78,44.87,89.98,mungbean,1104.58
110.56,78.57,94.42,6.83,33.46,92.25,248.1,banana,34078.75
38.88,32.23,35.71,6.67,27.16,59.83,113.5,mango,10406.47
40.02,57.01,27.09,7.01,26.16,50.18,150.81,blackgram,1128.21
116.42,28.37,49.83,5.76,24.78,73.01,43.08,watermelon,30347.03
12.25,127.43,208.66,5.69,20.68,60.78,167.38,apple,16887.26
46.37,64.78,49.74,6.31,30.3,86.25,172.38,papaya,45250.88
110.96,48.78,57.17,6.55,21.41,94.51,264.17,rice,5014.72
46.02,63.21,23.89,6.43,29.39,56.97,112.65,blackgram,1104.26
26.69,62.12,32.57,7.03,37.92,67.37,96.02,pigeonpeas,1235.86
10.76,11.15,14.8,7.36,15.26,68.21,161.09,orange,24916.18
101.52,40.62,25.36,6.38,38.03,56.88,94.43,cotton,2643.49
105.82,12.39,54.83,6.81,29.02,71.26,48.6,watermelon,32064.72
106.95,51.15,36.61,7.09,22.96,43.58,78.83,wheat,3686.28
4.06,10.53,7.96,6.13,12.32,84.74,142.41,orange,21929.31
36.08,28.69,44.7,6.39,31.0,68.21,100.96,mango,12230.65
20.39,74.69,34.2,6.98,32.92,59.55,114.04,mungbean,1072.89
21.88,41.29,49.86,5.78,26.25,65.92,183.27,grapes,17874.5
6.3,139.95,199.96,5.65,12.94,54.63,130.62,apple,18017.21
34.81,76.0,71.57,6.32,20.71,41.35,40.12,chickpea,1277.47
25.26,48.91,20.15,5.96,25.74,40.89,57.85,mothbeans,933.86
101.57,13.19,54.73,6.51,29.82,69.42,34.1,muskmelon,17975.96
18.21,67.9,20.13,6.37,31.14,46.74,123.34,mungbean,1086.88
28.6,56.8,34.62,7.87,15.48,41.81,68.73,lentil,1594.21
16.57,8.88,32.18,5.76,34.99,94.84,212.51,coconut,10923.27
53.94,57.17,52.44,6.44,31.36,82.66,270.64,papaya,46553.31
12.69,14.13,8.32,7.09,15.13,79.27,91.04,orange,21878.95
0.91,8.71,11.35,6.03,23.78,85.75,127.36,orange,20542.33
7.82,3.95,33.06,5.68,34.45,89.82,290.38,coconut,12530.61
104.87,29.79,46.81,6.69,26.64,67.75,66.46,watermelon,31838.49
119.88,22.3,59.69,5.7,36.17,67.72,90.66,watermelon,29606.39
17.36,18.52,17.88,7.12,14.72,66.87,138.64,orange,20160.71
100.25,18.95,49.38,7.44,34.15,75.01,28.8,muskmelon,17300.21
5.21,132.13,206.7,5.55,8.77,77.88,157.64,apple,17915.61
80.81,61.06,39.47,6.81,29.23,63.2,106.8,maize,5749.52
20.53,59.9,27.69,5.52,20.58,66.88,192.81,kidneybeans,1789.58
23.85,55.49,21.07,6.43,22.91,60.21,138.37,kidneybeans,1719.73
12.05,0.17,40.4,7.37,36.84,71.4,256.38,coconut,13265.87
19.47,79.8,28.79,6.77,26.08,69.22,185.53,pigeonpeas,1319.2
113.59,24.78,56.53,6.55,33.2,68.05,51.54,muskmelon,17379.89
35.39,20.76,41.86,6.5,24.52,52.49,80.03,mango,11166.51
82.75,51.07,26.24,6.78,28.45,50.26,145.08,maize,6401.93
17.83,127.08,201.34,6.58,3.31,78.78,174.7,apple,18197.29
19.67,146.34,209.23,6.46,12.07,65.44,145.85,apple,14893.08
4.39,128.64,203.28,5.62,2.22,59.95,170.73,apple,18430.92
22.12,75.53,18.09,5.93,29.45,68.63,133.45,pigeonpeas,1249.81
101.82,45.79,16.94,7.67,35.52,49.99,134.73,cotton,2414.61
30.87,41.23,36.86,6.1,24.38,50.35,186.91,grapes,17120.92
35.6,34.69,39.89,7.17,30.86,52.79,70.53,mango,11924.34
32.38,70.8,84.34,6.95,19.32,33.75,55.53,chickpea,1305.81
16.42,46.53,30.8,4.49,34.76,28.66,47.72,mothbeans,890.42
37.07,60.16,24.34,6.54,29.89,64.88,182.03,blackgram,1128.38
109.74,22.34,53.71,5.85,34.2,65.48,51.38,watermelon,33045.83
17.93,122.03,207.04,6.12,12.95,70.05,109.88,apple,15935.96
29.88,76.9,29.22,7.01,26.92,64.15,93.05,pigeonpeas,1274.67
107.22,66.51,139.26,5.84,30.63,82.17,275.12,banana,37778.53
90.05,41.08,36.42,6.66,26.73,63.86,95.34,maize,6515.64
103.9,23.8,48.59,7.3,30.68,71.78,62.89,watermelon,31545.83
41.01,57.58,52.96,6.47,32.41,84.22,257.03,papaya,44146.63
16.6,65.39,18.59,6.79,34.33,47.36,105.78,mungbean,1075.96
114.32,73.97,107.13,5.7,32.81,86.52,292.69,banana,34506.27
21.64,59.69,24.27,6.25,22.45,58.11,143.13,kidneybeans,1854.71
55.8,58.79,63.1,6.25,27.34,73.22,216.36,papaya,44961.81
112.34,42.71,15.05,7.36,24.24,42.86,160.68,cotton,2638.22
15.05,66.36,23.21,7.92,21.87,39.82,78.73,lentil,1485.52
16.1,66.82,25.42,5.88,24.69,53.52,193.3,kidneybeans,1790.16
33.04,68.92,32.78,7.35,32.94,60.61,172.55,blackgram,1030.37
90.91,42.62,48.78,5.95,25.54,79.72,264.47,rice,5005.31
22.87,59.12,19.77,6.46,31.87,27.4,79.03,mothbeans,921.5
80.04,51.84,20.78,6.05,34.91,72.96,90.11,maize,6038.69
49.28,57.94,20.47,7.1,27.91,65.9,88.34,blackgram,998.61
28.11,74.69,25.35,6.22,37.24,63.93,118.87,pigeonpeas,1261.85
42.22,75.99,72.72,6.39,22.29,21.1,59.09,chickpea,1303.38
89.36,62.09,55.81,6.67,33.25,88.9,231.89,jute,2863.1
28.64,68.37,29.85,7.96,16.28,39.65,21.76,lentil,1584.22
116.21,33.48,28.76,7.26,27.29,82.83,239.04,coffee,1177.14
15.1,73.53,22.54,7.07,25.12,41.94,100.63,mungbean,1053.43
91.01,42.77,45.67,6.51,33.65,79.05,231.31,rice,4783.53
97.84,58.61,52.24,5.55,22.36,79.12,296.36,rice,5207.94
133.5,36.06,21.45,6.39,24.28,68.12,101.05,cotton,2553.7
11.0,9.81,12.08,6.59,17.89,86.2,165.68,orange,23491.45
1.48,9.66,46.06,5.56,35.14,88.95,261.05,coconut,10976.47
102.34,68.05,60.13,7.36,39.58,48.68,101.84,pomegranate,17740.89
34.9,36.11,39.94,6.72,8.0,66.35,152.37,grapes,15645.95
17.19,18.18,11.03,7.07,20.85,78.52,98.19,orange,21860.26
21.0,39.46,48.82,6.07,28.69,76.41,125.87,grapes,16498.63
41.18,63.01,34.67,7.21,23.91,58.34,126.03,blackgram,1078.6
119.45,49.46,23.99,5.72,31.34,63.87,103.0,maize,5784.79
25.13,60.49,25.68,6.64,32.74,40.01,105.09,mungbean,1158.58
10.95,130.08,204.86,5.71,5.49,79.84,141.56,apple,18801.27
94.7,23.12,57.83,5.74,27.68,64.12,99.3,watermelon,31647.71
43.31,58.93,24.9,7.27,29.1,67.92,100.23,blackgram,1088.04
67.55,46.13,44.73,7.7,31.74,81.78,248.28,jute,3011.31
23.98,60.88,23.04,6.88,23.0,45.97,23.34,lentil,1673.01
10.64,144.58,199.75,6.94,19.01,73.45,183.4,apple,18167.97
107.47,59.94,35.66,6.34,20.86,60.93,58.08,wheat,3980.52
105.11,36.24,41.05,6.02,21.95,74.33,241.06,coffee,1279.25
96.06,63.36,43.78,6.15,27.76,37.79,121.11,pomegranate,15737.7
100.5,51.83,23.97,6.25,23.66,56.77,139.44,maize,6768.31
57.04,55.31,47.8,6.6,29.68,76.44,291.44,papaya,45412.03
35.21,72.97,84.83,6.65,28.14,26.72,34.89,chickpea,1324.52
86.72,79.18,121.2,5.65,32.27,89.23,148.21,banana,34707.99
105.94,14.4,45.33,7.41,30.54,71.49,21.09,muskmelon,17147.67
21.03,68.11,33.17,6.72,30.32,46.39,132.06,mungbean,1162.31
19.56,35.42,48.51,5.62,15.24,55.71,129.18,grapes,15933.77
93.73,31.64,36.03,6.25,22.85,75.27,221.64,coffee,1361.7
18.96,72.33,26.26,5.72,36.77,55.65,147.46,pigeonpeas,1396.18
110.58,10.76,47.78,7.09,30.91,63.5,26.23,muskmelon,15606.76
65.05,50.72,58.04,7.15,29.3,76.09,172.58,jute,2937.23
90.49,42.31,31.08,6.73,30.34,58.39,61.72,maize,6313.76
17.38,58.0,34.45,6.77,27.59,55.53,138.77,mungbean,1063.12
33.05,26.4,49.41,6.5,24.11,45.18,192.33,mango,12005.02
94.61,25.12,48.22,5.63,30.25,79.17,51.58,watermelon,28756.25
98.11,12.73,64.68,6.64,37.41,60.98,32.63,muskmelon,16985.42
93.48,66.85,63.69,6.53,25.45,75.03,106.2,banana,36002.48
102.18,20.24,62.45,6.34,36.6,72.28,71.37,muskmelon,18324.57
86.93,78.66,94.26,6.68,31.43,85.36,173.12,banana,32577.3
1.8,18.4,12.6,6.81,25.13,83.75,167.69,orange,21202.07
82.06,50.89,42.66,6.09,28.25,82.75,157.68,jute,3039.77
15.53,62.0,30.22,5.7,24.44,64.31,100.39,kidneybeans,1705.08
88.58,48.22,40.03,7.91,33.86,76.68,325.78,jute,2765.19
80.75,52.53,37.25,6.15,20.18,74.56,154.74,maize,5884.27
19.6,77.76,24.98,6.25,38.71,65.92,195.47,pigeonpeas,1321.32
8.45,133.26,202.77,5.6,14.54,72.51,126.36,apple,18825.15
22.24,53.51,27.82,5.55,28.68,40.15,49.99,mothbeans,963.54
104.84,58.14,54.44,6.9,39.96,37.41,93.82,pomegranate,19607.55
118.79,12.39,45.01,6.64,29.69,71.4,41.8,muskmelon,16473.89
103.61,26.43,64.78,7.42,39.39,55.48,66.1,watermelon,30739.47
119.57,51.12,56.78,6.99,22.12,83.96,208.89,rice,5038.01
22.27,47.3,43.13,6.09,16.75,55.3,60.04,grapes,17999.9
50.83,64.0,46.13,6.92,28.74,75.87,169.48,papaya,46176.68
15.2,57.11,32.2,7.84,12.8,35.62,29.53,lentil,1537.27
115.55,24.47,61.56,6.83,28.84,61.49,33.77,muskmelon,16055.15
53.13,54.14,57.2,6.76,31.52,72.26,161.97,papaya,47542.78
33.56,66.98,75.15,6.01,29.5,41.6,65.96,chickpea,1359.66
29.48,66.9,21.61,5.78,22.67,54.2,155.31,kidneybeans,1689.29
109.03,22.14,52.15,6.87,34.03,64.11,77.73,muskmelon,18664.63
2.3,8.33,32.64,7.02,35.62,70.95,120.27,coconut,11251.56
23.2,60.58,28.25,7.62,17.37,52.77,48.48,lentil,1705.76
87.8,70.57,207.1,6.78,32.52,92.71,220.84,banana,34467.62
117.27,29.36,45.98,6.69,28.79,76.28,64.59,watermelon,28040.62
115.37,61.82,64.88,5.75,36.41,43.2,123.74,pomegranate,15697.28
105.13,49.39,28.34,6.06,22.64,74.7,103.67,cotton,2612.78
65.79,53.64,43.73,6.04,29.93,78.23,169.06,jute,3011.27
8.07,129.84,196.06,6.08,1.31,60.96,196.78,apple,17966.61
17.4,73.05,34.96,6.23,20.94,65.47,103.62,kidneybeans,1634.54
101.07,61.07,49.0,6.97,15.82,53.88,59.41,wheat,4010.21
96.48,19.79,47.55,7.41,30.72,61.76,36.47,muskmelon,16947.58
6.7,7.56,39.63,6.57,34.35,83.28,232.84,coconut,13040.48
0.47,2.19,36.81,6.81,30.76,60.71,203.39,coconut,11593.18
16.37,77.74,24.4,6.55,36.53,54.29,152.63,pigeonpeas,1206.46
19.76,56.47,29.59,3.55,32.56,28.5,44.82,mothbeans,963.97
39.51,63.58,32.17,6.87,30.08,54.72,128.0,blackgram,1103.81
42.26,55.97,72.55,7.0,26.2,31.6,31.21,chickpea,1280.33
29.18,55.38,19.76,6.86,19.11,39.56,73.43,lentil,1513.95
29.49,69.43,19.42,5.54,35.88,49.29,90.35,pigeonpeas,1239.4
106.74,66.64,66.5,5.98,31.91,94.57,138.02,banana,35669.31
90.99,57.73,43.75,5.63,25.13,89.35,271.11,rice,5130.11
101.22,64.78,225.84,6.51,31.87,88.47,235.79,banana,37721.21
36.57,33.67,42.91,7.03,24.98,52.8,137.83,mango,12203.93
3.42,11.92,6.35,6.62,24.05,87.32,142.28,orange,21740.25
116.54,27.67,64.79,6.69,32.2,74.93,37.71,watermelon,29465.68
47.3,56.38,64.88,6.83,30.54,93.61,181.71,papaya,43976.99
89.45,78.68,119.07,6.41,30.61,92.07,122.72,banana,34608.11
125.92,51.38,51.69,6.79,23.61,61.95,131.25,wheat,3920.91
67.35,60.03,48.04,7.73,36.87,78.01,260.23,jute,3095.29
29.65,71.17,20.1,7.15,33.15,44.25,74.87,mungbean,1057.25
124.64,46.62,25.81,7.21,28.31,61.62,79.61,cotton,2814.77
26.03,53.91,34.04,5.83,29.85,38.13,32.02,mothbeans,889.49
13.44,142.28,209.54,5.8,6.17,75.62,109.72,apple,17023.43
29.05,53.19,19.4,4.56,30.66,30.12,43.45,mothbeans,903.63
4.01,120.65,204.23,5.74,0.31,77.87,178.84,apple,17073.18
49.54,55.37,81.94,7.59,19.98,34.96,55.35,chickpea,1239.41
90.02,51.32,21.75,6.94,21.77,54.83,104.08,maize,6427.08
33.93,26.32,40.93,5.98,32.62,55.26,77.17,mango,11829.54
83.81,54.56,59.53,5.98,26.92,83.5,157.71,rice,4833.45
45.45,61.0,45.06,6.72,26.62,93.28,279.09,papaya,47741.22
108.81,40.45,56.0,6.5,26.44,53.65,70.05,pomegranate,17794.65
21.73,67.4,22.31,5.77,30.47,66.8,121.54,pigeonpeas,1361.83
5.21,14.37,7.71,7.13,25.42,69.17,178.43,orange,21940.85
84.89,31.81,41.31,7.18,18.03,75.86,232.82,coffee,1279.7
21.07,56.03,26.61,7.67,20.27,37.8,41.73,lentil,1752.8
103.02,65.42,137.47,6.29,31.66,87.68,180.08,banana,37794.43
23.81,55.52,29.82,6.24,22.5,56.31,114.58,kidneybeans,1741.9
23.94,66.67,30.32,7.89,20.84,41.98,33.9,lentil,1613.15
22.17,38.17,30.72,5.96,15.43,74.33,120.99,grapes,15771.57
21.44,71.59,23.81,6.63,31.0,46.04,98.93,mungbean,1138.65
74.18,54.8,55.44,6.1,32.68,83.76,211.34,jute,3344.96
80.56,40.06,30.21,6.11,21.07,65.34,91.98,maize,5883.72
16.75,131.05,201.23,6.7,13.62,70.6,107.52,apple,16868.15
36.16,69.58,27.65,6.8,34.37,56.45,152.59,blackgram,1121.17
44.84,71.7,78.31,6.81,27.13,27.34,77.94,chickpea,1435.11
105.96,15.39,57.34,6.63,33.7,73.56,52.06,muskmelon,19543.78
101.95,22.91,46.79,7.17,39.47,60.23,74.29,watermelon,32412.2
114.5,45.29,20.84,6.31,32.56,57.23,158.0,maize,5945.43
102.34,26.1,50.48,7.08,38.51,79.52,84.37,watermelon,31557.35
23.09,64.21,34.19,6.29,30.77,54.41,71.49,mungbean,1136.03
101.3,24.7,54.2,6.57,33.64,74.38,81.86,muskmelon,17390.25
111.55,46.05,24.1,6.53,39.77,52.7,176.49,cotton,2773.27
58.05,68.89,50.16,6.51,34.07,72.53,194.64,papaya,44560.17
83.5,55.81,43.36,6.3,33.95,80.73,250.0,jute,3120.02
25.66,64.44,20.48,4.36,34.26,37.61,31.9,mothbeans,861.13
43.41,73.77,31.14,6.91,28.59,68.58,121.32,blackgram,1053.59
91.99,44.38,24.39,6.46,32.87,62.5,67.75,maize,6181.04
85.78,31.47,32.41,6.07,24.89,69.97,283.81,coffee,1329.25
42.7,55.1,84.55,6.75,29.67,37.29,33.66,chickpea,1255.82
1.96,9.17,48.85,6.01,31.35,82.59,122.23,coconut,10945.46
116.54,48.15,23.79,6.01,32.94,65.45,178.91,cotton,2874.67
19.61,56.33,21.95,3.95,31.3,27.68,69.1,mothbeans,926.26
40.87,67.57,32.78,6.81,23.22,68.54,143.5,blackgram,1125.69
92.64,15.04,58.42,6.75,28.9,61.4,68.97,muskmelon,18265.09
137.4,43.51,17.8,6.66,36.73,72.52,93.42,cotton,2564.33
95.1,17.13,58.08,6.47,33.83,70.74,39.27,muskmelon,18065.97
94.29,45.3,52.21,5.81,33.33,93.59,164.97,rice,5053.35
15.24,60.0,22.53,7.37,22.31,37.05,75.04,lentil,1574.04
35.81,35.27,36.39,7.18,36.51,59.22,154.8,mango,12862.96
96.91,28.57,58.43,6.98,31.56,63.87,86.0,watermelon,31035.7
15.13,68.2,20.89,6.59,21.81,58.03,169.41,kidneybeans,1633.05
103.98,18.86,47.01,7.47,28.05,65.35,63.09,muskmelon,17144.31
26.82,64.31,34.61,7.88,19.6,48.72,44.57,lentil,1547.0
3.05,6.77,38.9,5.77,32.61,94.65,110.27,coconut,12600.17
115.39,53.61,42.04,6.43,12.62,59.1,99.63,wheat,4097.49
34.26,59.5,85.63,7.2,17.66,40.35,54.74,chickpea,1272.79
54.82,58.65,64.19,6.04,28.83,73.87,272.45,papaya,43373.06
18.33,17.69,18.08,7.36,13.44,77.85,144.14,orange,18931.16
4.18,128.98,203.57,5.53,22.49,67.34,149.23,apple,16971.28
5.64,136.01,202.06,5.9,18.53,70.03,168.03,apple,19049.65
136.99,46.67,17.49,7.26,29.22,40.61,195.79,cotton,2723.91
11.72,13.77,11.04,6.6,24.46,74.69,138.4,orange,22705.23
15.52,0.52,35.07,5.55,27.06,76.72,240.13,coconut,11589.63
119.47,32.38,32.6,6.11,19.32,78.13,282.13,coffee,1236.46
38.8,62.39,87.68,6.07,24.51,42.65,98.37,chickpea,1360.33
23.69,53.2,29.67,7.57,12.86,47.2,67.43,lentil,1552.72
71.04,64.64,40.48,6.16,28.44,94.69,218.69,jute,3037.16
19.89,0.83,37.94,5.66,33.78,94.03,107.34,coconut,11430.51
72.99,52.92,53.35,7.91,29.95,85.97,185.54,jute,3299.22
23.29,60.72,34.87,3.66,30.76,39.34,45.3,mothbeans,908.28
76.96,57.5,40.07,7.03,36.28,79.95,340.9,jute,3109.58
135.08,46.13,27.01,6.66,24.4,52.38,185.57,cotton,2679.09
102.06,18.7,61.92,6.72,31.29,65.31,59.64,muskmelon,18535.29
95.57,17.25,48.37,6.79,38.32,61.36,46.96,watermelon,30814.57
12.71,124.13,207.68,6.61,17.02,50.44,183.64,apple,16789.67
40.18,64.05,89.7,6.28,21.16,41.83,93.03,chickpea,1429.45
118.21,22.88,48.29,6.02,34.88,76.65,31.66,watermelon,31057.68
56.75,64.99,47.5,6.6,30.92,85.79,291.22,papaya,42191.63
108.93,60.26,228.46,5.7,34.61,76.42,147.61,banana,32162.07
86.33,60.36,45.08,7.93,33.26,72.98,242.1,jute,2878.46
42.96,74.43,89.41,7.9,19.1,20.74,53.06,chickpea,1336.36
29.58,26.05,38.88,6.97,25.05,60.2,74.5,mango,13141.68
105.37,30.07,33.6,7.18,16.24,79.88,271.27,coffee,1436.51
123.6,48.26,29.9,6.55,39.56,66.72,179.76,cotton,2716.71
105.73,23.57,60.08,6.4,35.92,57.4,46.33,watermelon,32789.5
4.15,7.48,8.66,6.91,19.11,69.22,161.78,orange,20448.5
93.29,21.92,51.91,6.1,32.01,74.61,65.9,muskmelon,18105.55
11.66,15.86,19.16,7.09,20.26,70.83,91.75,orange,21768.24
100.76,35.24,37.07,6.08,21.06,88.99,285.61,coffee,1440.27
41.85,62.99,47.96,6.86,28.11,78.6,249.02,papaya,45371.75
23.94,73.12,21.45,6.99,28.0,51.58,106.42,pigeonpeas,1332.87
16.76,73.22,28.07,6.8,34.16,45.42,88.55,pigeonpeas,1347.21
110.96,50.66,40.59,6.29,15.68,49.63,83.9,wheat,3838.98
115.47,42.38,50.03,6.0,36.17,58.31,119.42,pomegranate,15969.34
30.59,28.12,33.89,7.39,26.24,52.96,112.16,mango,12976.28
109.76,52.33,57.15,7.27,30.46,44.95,123.6,pomegranate,17578.76
32.27,71.33,79.64,7.14,15.58,42.66,96.69,chickpea,1363.94
2.63,6.83,8.37,6.36,26.36,68.97,92.62,orange,19988.62
0.08,141.75,196.97,6.91,13.59,50.05,194.49,apple,15640.01
15.07,56.43,26.77,7.86,14.96,45.25,53.99,lentil,1620.29
44.87,67.38,27.52,6.91,27.23,51.42,90.76,blackgram,1069.18
99.93,21.21,54.02,5.88,30.26,55.72,67.62,watermelon,33637.34
98.56,58.85,54.68,5.82,32.89,82.56,277.76,rice,5017.42
25.66,60.59,31.23,4.44,31.19,27.96,54.77,mothbeans,904.47
27.95,61.41,31.07,6.42,28.85,53.94,147.2,mungbean,1082.08
95.02,27.0,29.74,6.16,21.28,77.46,167.17,coffee,1365.39
117.05,17.6,50.47,6.84,35.26,67.03,50.2,watermelon,30636.59
41.78,60.29,85.3,7.47,16.43,34.87,76.07,chickpea,1405.93
32.47,51.74,47.44,5.92,21.59,61.69,104.91,grapes,15699.91
130.81,65.98,47.05,7.29,11.47,46.9,91.42,wheat,4109.25
85.81,64.93,20.6,6.69,29.05,67.04,95.79,maize,5965.95
94.13,15.23,57.22,6.54,35.57,67.23,89.12,watermelon,30995.36
16.52,66.55,22.52,7.04,31.83,40.08,110.91,mungbean,1080.23
108.41,16.73,64.49,6.26,28.92,67.02,35.09,muskmelon,17201.34
23.91,64.42,24.2,6.44,24.94,54.83,134.29,kidneybeans,1889.88
107.02,37.82,44.79,7.2,17.63,77.78,287.36,coffee,1237.88
11.88,19.08,14.22,6.9,10.26,76.39,85.15,orange,21809.1
105.92,43.51,43.45,5.76,36.71,50.05,75.48,pomegranate,16963.33
105.3,47.82,49.91,7.46,30.88,51.99,98.2,pomegranate,18368.07
18.72,9.59,36.83,5.84,31.21,71.15,196.52,coconut,12073.97
20.09,62.45,33.02,6.62,30.98,57.5,98.32,mungbean,1120.85
23.68,66.97,34.36,7.22,15.01,36.85,71.98,lentil,1632.27
23.6,60.17,34.78,6.46,17.17,50.2,62.79,lentil,1597.06
99.99,70.48,60.17,5.78,34.11,81.31,178.78,banana,38393.34
102.43,18.06,61.0,6.18,38.93,75.48,44.43,muskmelon,18758.65
23.51,60.94,23.07,7.08,25.54,58.83,89.44,mungbean,1162.46
117.65,48.1,36.3,7.0,29.35,73.01,117.11,maize,6065.05
100.56,12.89,54.91,6.06,35.29,65.71,83.35,muskmelon,18643.12
23.07,66.61,33.85,6.2,14.92,42.84,37.78,lentil,1602.01
116.02,63.4,53.42,7.32,37.29,37.8,101.5,pomegranate,17387.64
94.66,46.55,47.59,6.53,24.45,93.98,287.45,rice,5401.5
26.57,68.1,33.04,6.46,30.06,40.78,142.13,mungbean,1114.55
26.02,54.14,27.37,5.85,31.18,39.98,40.34,mothbeans,977.85
32.13,22.62,40.8,6.41,31.75,64.82,116.99,mango,12603.11
111.18,67.11,42.8,6.8,24.65,44.66,80.14,wheat,4022.15
25.62,62.45,29.48,6.53,22.54,46.18,63.5,lentil,1705.02
38.15,71.6,79.86,6.76,28.27,39.32,66.84,chickpea,1466.95
112.73,76.98,130.58,6.17,34.57,85.06,298.61,banana,35067.63
15.97,124.83,204.16,5.82,2.8,65.41,198.75,apple,17866.21
11.77,7.26,46.86,5.89,27.85,64.14,133.08,coconut,11846.94
109.53,26.72,46.73,6.72,33.62,70.18,71.22,watermelon,29375.31
27.38,68.11,31.54,6.54,26.05,54.51,120.21,kidneybeans,1664.6
19.61,56.31,22.5,6.11,26.91,57.86,108.92,kidneybeans,1685.26
137.03,43.58,21.8,7.77,25.68,50.95,179.7,cotton,2668.06
18.23,64.81,18.22,7.2,28.32,49.6,130.63,mungbean,1078.27
105.44,59.76,24.83,7.23,22.76,69.4,75.69,maize,6476.32
38.97,77.7,84.23,6.1,28.26,40.67,68.27,chickpea,1358.42
118.41,52.5,54.88,6.25,39.82,54.9,58.14,pomegranate,18870.44
133.98,68.58,40.1,6.21,19.95,52.9,102.32,wheat,3940.36
33.59,69.47,20.83,7.33,27.9,62.7,189.83,blackgram,1077.96
27.12,72.33,25.28,7.1,31.83,50.69,128.79,pigeonpeas,1339.46
7.81,1.09,42.86,7.09,34.8,68.82,229.4,coconut,12185.23
112.08,46.44,47.81,7.44,26.14,37.93,133.18,pomegranate,17004.57
98.36,51.37,42.8,5.67,30.03,84.42,234.79,rice,5189.33
23.62,60.21,29.03,6.17,23.83,41.7,33.48,lentil,1729.81
9.66,0.75,49.2,7.39,30.23,66.85,113.1,coconut,12285.37
7.46,125.41,199.25,6.1,13.53,73.95,108.64,apple,18172.53
0.12,148.62,208.04,6.47,10.98,54.66,155.36,apple,14120.1
100.18,47.85,23.47,7.54,34.35,48.64,162.61,cotton,2823.92
18.43,62.83,26.28,6.52,36.6,62.75,188.13,pigeonpeas,1296.27
19.43,69.48,20.48,6.84,16.21,67.27,149.78,kidneybeans,1720.99
16.09,52.06,34.44,6.49,24.57,48.62,38.03,lentil,1468.13
106.39,62.79,69.33,6.49,28.85,54.79,68.83,pomegranate,17134.72
21.35,71.25,28.44,6.87,25.32,56.79,73.16,mungbean,1136.15
99.15,54.96,63.98,7.37,30.28,54.75,66.53,pomegranate,17917.45
43.55,64.89,75.8,6.06,27.69,20.81,82.5,chickpea,1392.79
17.68,65.69,29.97,7.12,24.04,40.74,35.72,lentil,1625.01
23.74,61.67,24.75,6.59,19.52,61.57,171.05,kidneybeans,1979.16
108.85,29.91,52.35,6.05,28.52,70.43,41.39,watermelon,31780.34
29.48,35.79,39.32,7.23,32.45,73.1,199.64,mango,13557.62
24.4,64.37,32.92,6.28,34.8,40.67,78.73,mungbean,1143.47
20.83,60.75,33.82,7.08,39.73,67.75,107.63,pigeonpeas,1216.72
28.97,64.43,22.54,7.19,29.23,47.43,63.15,mungbean,1114.16
19.24,137.01,209.25,6.76,21.66,76.05,138.62,apple,16048.05
128.9,68.3,51.01,6.59,17.26,59.48,79.26,wheat,3971.89
37.54,75.26,84.39,7.89,21.41,37.7,76.57,chickpea,1330.81
137.7,48.01,22.29,7.56,32.73,53.07,101.53,cotton,2486.54
110.59,44.58,62.19,6.95,36.13,43.62,112.88,pomegranate,17648.81
30.56,66.53,74.43,7.19,15.39,20.88,80.9,chickpea,1337.96
118.21,48.48,49.94,7.4,37.61,42.92,83.6,pomegranate,16118.29
100.52,24.92,25.38,6.14,24.36,77.01,260.16,coffee,1276.16
18.58,54.55,27.91,5.9,34.03,31.1,72.26,mothbeans,934.12
49.65,57.84,31.75,6.85,33.45,55.85,108.5,blackgram,1053.49
16.58,45.39,46.06,5.58,25.15,62.99,191.8,grapes,17016.82
107.82,12.55,52.03,6.17,34.61,60.07,89.52,muskmelon,18013.64
18.22,50.58,20.62,6.67,19.03,37.62,53.45,lentil,1534.3
111.68,25.0,33.88,7.21,23.93,77.59,205.45,coffee,1249.58
3.82,1.36,41.71,7.11,29.0,84.6,234.31,coconut,11939.78
33.62,63.2,79.6,7.15,27.55,39.23,77.33,chickpea,1364.58
7.86,16.02,13.25,6.57,20.65,65.18,162.84,orange,24828.52
19.05,58.32,24.67,5.79,22.15,52.03,126.99,kidneybeans,1833.65
17.28,135.32,200.78,6.92,1.78,64.95,148.69,apple,17867.12
108.98,16.94,46.21,6.41,39.08,71.66,43.99,muskmelon,16891.53
100.47,50.57,36.31,7.09,30.87,74.96,126.99,maize,6537.09
86.49,34.01,33.35,6.28,27.14,87.33,259.07,coffee,1321.94
15.47,51.14,31.31,6.01,18.1,37.15,55.5,lentil,1464.39
97.61,29.33,41.69,6.23,15.66,65.15,224.25,coffee,1334.69
61.55,45.3,53.48,6.24,29.05,70.31,167.36,jute,2998.26
112.29,10.68,57.09,6.73,27.34,66.16,30.43,watermelon,30845.76
54.19,63.43,60.7,6.06,32.66,82.27,196.95,papaya,44628.85
29.47,58.51,18.36,7.08,20.79,44.12,75.69,lentil,1549.71
20.43,48.71,27.69,6.7,27.48,35.16,73.09,mothbeans,925.03
100.25,62.22,35.85,6.5,22.9,54.5,182.97,maize,6171.95
83.16,52.23,21.51,6.86,31.44,71.25,197.38,maize,6192.28
101.79,36.94,30.4,6.85,27.68,72.84,215.42,coffee,1280.42
94.75,10.02,57.13,6.49,36.04,73.8,23.13,muskmelon,16870.66
131.9,67.39,48.97,7.01,17.88,56.32,141.91,wheat,4028.88
103.82,12.51,62.38,6.19,33.82,62.11,75.84,muskmelon,18129.55
86.59,47.2,30.2,7.17,20.92,65.3,165.47,maize,6330.93
129.85,54.17,44.97,6.88,10.04,61.4,111.0,wheat,4153.42
26.26,56.34,29.54,6.82,33.82,43.68,131.48,mungbean,1127.6
90.17,58.38,49.09,6.41,34.77,82.23,271.97,rice,5128.37
18.0,18.13,15.23,7.37,14.68,83.13,89.2,orange,20367.38
25.42,29.69,36.16,7.31,28.98,56.88,188.55,mango,13585.89
32.56,57.25,28.63,6.16,34.48,55.58,73.35,blackgram,1019.71
19.03,57.79,29.74,4.55,24.96,34.79,34.64,mothbeans,929.95
0.4,8.31,41.17,7.0,30.32,65.55,152.93,coconut,12009.78
98.63,18.74,48.55,7.21,36.05,60.42,36.6,muskmelon,18863.9
40.31,67.21,55.53,6.85,31.18,75.02,204.47,papaya,44422.81
76.63,51.64,51.28,7.3,24.04,91.19,161.55,jute,3281.11
24.19,55.37,32.32,4.51,30.1,44.01,46.63,mothbeans,925.26
35.76,75.3,87.14,6.53,28.54,41.22,59.71,chickpea,1318.4
129.96,47.79,20.3,6.0,29.76,53.75,79.42,cotton,2673.6
113.12,51.91,30.18,6.94,22.48,71.36,62.91,maize,6805.97
117.74,42.54,55.92,6.32,28.15,92.98,295.77,rice,4894.35
20.68,65.52,34.05,7.85,14.22,36.21,69.71,lentil,1583.92
16.59,19.19,12.02,7.2,11.71,77.96,189.99,orange,21782.7
107.78,24.46,50.24,6.49,28.29,67.45,67.26,muskmelon,18540.4
8.87,3.23,49.48,7.5,34.81,87.92,181.46,coconut,12568.51
88.11,45.28,39.56,6.37,21.09,58.29,115.63,maize,5786.46
38.02,30.93,31.35,6.19,32.17,54.99,169.83,mango,10927.76
99.3,63.1,30.9,6.33,34.82,51.63,190.5,maize,6571.2
11.86,2.52,33.15,6.43,29.31,73.24,226.61,coconut,11931.28
36.98,27.64,45.87,5.94,25.07,52.4,187.41,mango,11475.06
23.65,55.67,23.59,7.14,17.5,38.21,56.63,lentil,1674.32
72.73,52.28,47.75,7.69,34.67,86.58,287.82,jute,3302.23
3.35,8.01,47.53,5.84,32.01,60.98,228.38,coconut,11912.9
97.42,24.82,63.56,6.07,39.75,75.84,20.19,muskmelon,16334.71
39.8,66.26,21.8,6.54,31.13,50.78,161.05,blackgram,1160.05
13.38,13.21,17.22,6.68,24.64,70.43,195.42,orange,23277.88
18.07,67.2,31.81,7.06,23.01,48.42,28.48,lentil,1485.17
17.52,123.46,195.26,6.06,9.77,73.2,100.86,apple,15396.86
110.69,54.44,37.28,6.99,21.71,59.02,81.63,wheat,3882.2
44.04,79.76,84.46,6.68,24.02,21.99,45.52,chickpea,1288.55
23.2,61.5,30.93,6.52,33.29,42.93,129.25,mungbean,1135.19
105.13,68.61,45.11,7.23,19.81,57.75,121.61,wheat,3960.36
106.57,18.42,46.02,6.95,32.84,78.18,86.56,watermelon,31589.79
12.24,122.54,196.86,6.96,4.45,76.87,127.58,apple,16597.38
3.27,5.11,47.25,6.29,32.08,86.17,264.94,coconut,12526.14
21.05,67.97,27.34,6.81,15.2,65.48,102.27,kidneybeans,1886.9
18.16,19.99,13.98,7.02,16.8,65.21,164.39,orange,20470.22
19.74,61.47,24.65,7.66,20.87,39.27,52.33,lentil,1679.19
43.63,58.92,60.39,6.87,26.48,76.57,241.11,papaya,44894.67
23.46,63.47,22.75,5.57,27.54,69.67,199.8,pigeonpeas,1334.53
42.26,62.43,22.24,6.75,23.74,63.44,131.11,blackgram,1091.48
72.93,45.49,51.82,6.33,31.12,74.73,287.58,jute,3264.78
104.03,51.37,29.58,6.98,24.3,43.09,66.36,cotton,2426.05
24.2,50.15,39.1,6.48,20.99,63.94,71.05,grapes,18743.18
47.8,71.65,21.39,7.02,33.02,68.6,146.69,blackgram,1051.46
118.73,15.25,51.95,6.14,35.41,60.53,54.73,muskmelon,17272.15
105.01,27.2,30.26,6.89,24.62,77.38,284.33,coffee,1349.31
27.95,70.68,29.36,6.5,22.95,60.5,146.39,kidneybeans,1707.75
41.11,51.18,49.02,6.12,28.95,72.01,234.17,papaya,42141.78
52.63,56.78,59.54,6.18,25.01,72.17,216.06,papaya,48615.26
20.59,70.26,21.2,5.81,26.13,65.49,139.98,pigeonpeas,1403.94
101.82,55.98,43.38,6.9,39.54,38.27,62.97,pomegranate,18021.89
48.74,50.87,48.2,6.1,27.14,85.88,235.59,papaya,44341.04
24.45,52.0,46.25,6.53,21.54,65.54,193.95,grapes,16870.64
4.02,1.6,32.72,6.07,35.23,60.97,220.49,coconut,11083.05
21.2,78.06,22.91,5.81,29.65,63.98,181.08,pigeonpeas,1370.48
37.63,55.68,70.54,7.11,29.8,44.49,53.61,chickpea,1321.4
24.52,61.6,27.24,7.18,23.16,47.22,31.75,lentil,1709.91
117.95,56.12,46.44,6.9,35.51,36.64,108.96,pomegranate,17437.75
131.45,50.62,27.83,6.48,37.28,45.92,168.07,cotton,2489.65
3.24,3.35,47.81,5.77,32.9,91.42,102.83,coconut,11816.43
23.04,60.3,26.49,6.75,34.88,53.3,128.62,pigeonpeas,1382.83
24.72,32.01,46.8,6.81,24.61,62.86,155.93,mango,12122.17
30.17,57.37,71.97,7.22,22.89,31.39,78.43,chickpea,1212.47
15.83,9.29,35.25,5.51,33.09,85.65,152.17,coconut,11388.72
96.34,60.27,26.81,7.25,22.65,53.94,102.91,maize,6534.77
116.93,44.92,54.6,6.63,21.47,84.36,180.08,rice,4861.81
17.3,50.71,28.69,4.14,27.33,34.34,41.41,mothbeans,948.52
42.48,57.82,19.46,6.11,29.88,66.09,103.66,blackgram,1050.55
41.25,56.36,76.41,7.26,28.69,28.94,90.2,chickpea,1338.35
104.94,48.94,25.52,6.51,23.0,58.59,123.39,maize,6528.59
4.87,123.25,195.05,6.66,11.42,54.86,108.22,apple,15542.8
25.43,65.66,28.24,6.63,25.84,58.58,89.63,mungbean,1181.43
88.58,51.25,55.11,5.89,32.4,93.55,239.61,rice,5154.72
19.79,121.25,201.56,6.66,20.58,52.49,160.66,apple,16205.32
91.29,25.04,55.98,7.17,33.24,55.05,87.04,watermelon,31901.65
111.14,48.76,26.97,7.26,23.12,55.18,129.16,cotton,2753.23
4.96,143.88,209.84,5.82,24.25,58.05,141.28,apple,15909.0
89.11,45.92,37.17,5.99,24.14,67.87,82.22,maize,6174.13
32.01,68.05,81.99,6.5,24.18,42.49,30.07,chickpea,1333.79
24.36,72.48,20.11,6.9,29.2,57.98,193.89,pigeonpeas,1297.77
91.34,60.03,148.59,5.97,29.34,75.23,180.36,banana,36753.42
108.28,20.17,47.29,6.25,35.65,72.51,77.22,muskmelon,17796.86
106.14,48.98,28.78,5.86,30.86,53.93,168.96,maize,6547.56
7.37,12.52,19.88,6.66,16.78,88.38,159.38,orange,21662.19
112.34,39.11,19.99,7.61,24.05,49.64,134.62,cotton,2652.0
11.18,6.35,48.07,7.41,29.35,67.37,236.75,coconut,12173.11
22.76,32.52,45.89,6.18,30.85,63.81,136.35,mango,12422.04
19.21,144.25,204.95,6.11,10.51,78.52,106.9,apple,16323.63
100.13,19.31,64.06,6.34,33.59,78.39,48.51,watermelon,31055.37
53.83,66.54,62.49,6.16,27.17,73.75,216.83,papaya,44091.01
94.34,62.73,232.74,6.6,25.66,93.11,134.09,banana,35529.21
21.22,60.98,21.39,7.03,25.95,58.04,62.42,mungbean,1126.93
119.36,68.45,66.41,7.27,32.67,47.45,119.71,pomegranate,15215.94
63.94,62.75,56.32,7.31,27.03,94.07,320.63,jute,2878.69
89.1,61.07,32.43,6.63,23.42,73.24,106.36,maize,6123.59
90.4,20.68,26.97,6.16,18.89,89.01,243.1,coffee,1206.63
114.5,13.94,57.43,7.06,32.44,69.75,45.12,muskmelon,18416.04
119.86,38.96,27.5,6.68,27.82,78.71,224.56,coffee,1107.21
84.67,63.16,32.03,7.03,18.91,62.65,147.17,maize,6056.61
42.24,69.59,60.09,6.68,34.04,78.13,209.9,papaya,41639.76
18.34,9.23,16.86,6.48,20.79,82.48,100.92,orange,20388.96
24.81,56.26,24.76,6.18,24.01,37.57,52.74,lentil,1679.74
106.76,15.4,57.85,6.68,30.51,67.89,40.04,muskmelon,19051.3
30.28,51.96,31.16,6.39,8.95,59.24,166.74,grapes,15560.1
48.08,68.23,23.16,7.5,30.93,68.17,70.73,blackgram,1051.52
78.69,61.63,58.49,6.16,24.61,79.07,312.02,jute,3138.4
0.38,137.9,205.13,6.14,11.98,72.26,189.49,apple,17420.57
24.71,66.78,33.03,6.63,37.79,61.75,103.95,pigeonpeas,1375.43
54.11,55.41,53.51,6.89,26.86,70.06,236.72,papaya,47648.45
34.32,73.46,87.11,7.8,20.85,27.99,99.99,chickpea,1309.44
116.61,47.58,23.08,6.94,27.89,55.03,166.44,maize,6109.27
27.33,66.02,21.56,7.46,29.8,61.78,156.51,pigeonpeas,1295.85
110.58,68.6,185.23,6.42,28.37,85.67,140.88,banana,37379.06
107.42,47.85,64.16,6.67,39.25,54.25,124.57,pomegranate,18098.51
29.45,71.17,23.0,6.78,26.2,55.08,73.83,mungbean,1088.39
98.02,78.64,215.35,6.34,30.77,92.74,272.61,banana,33872.97
35.46,57.51,20.53,7.4,30.89,51.01,197.95,blackgram,1064.55
19.52,59.32,31.28,6.97,15.48,36.75,71.35,lentil,1657.69
23.53,57.9,31.58,6.69,30.66,56.82,76.66,mungbean,1098.0
17.45,62.0,25.99,3.95,25.3,35.01,47.68,mothbeans,937.29
34.46,72.15,85.62,6.68,29.18,20.77,39.31,chickpea,1343.83
114.15,37.37,32.54,6.62,26.16,89.96,157.89,coffee,1180.35
44.25,55.27,30.96,6.98,25.57,63.78,87.02,blackgram,1080.31
85.85,63.63,41.92,6.34,32.67,89.35,248.27,jute,2885.86
7.27,16.98,5.02,7.03,13.67,82.36,132.55,orange,21024.15
138.42,47.69,15.96,7.85,27.29,72.46,61.89,cotton,2572.25
95.01,34.35,37.41,6.5,15.64,65.67,223.13,coffee,1343.84
47.13,62.78,82.61,7.25,27.59,38.5,88.84,chickpea,1341.02
96.09,44.47,28.28,7.07,33.45,64.84,101.91,maize,6446.36
47.34,63.07,34.02,7.32,27.47,57.32,157.96,blackgram,1051.29
14.95,1.32,37.22,7.18,32.48,64.79,292.33,coconut,11329.13
36.84,38.21,33.82,6.93,35.36,71.37,129.64,mango,11021.8
8.67,4.24,33.07,5.88,32.0,78.46,207.57,coconut,12126.24
19.52,56.5,33.87,4.52,29.64,41.14,64.59,mothbeans,911.97
16.86,9.89,47.0,6.49,35.7,84.73,122.7,coconut,11631.88
28.52,51.19,31.73,6.05,13.25,78.95,155.55,grapes,15980.71
111.34,10.39,49.73,6.43,38.67,78.31,38.97,muskmelon,17580.94
22.29,67.75,26.92,5.57,25.46,59.13,107.7,kidneybeans,1930.6
15.85,56.34,31.93,6.44,28.29,52.2,112.56,mungbean,1051.1
99.25,35.75,32.91,6.0,21.5,78.7,167.34,coffee,1364.26
24.99,74.79,25.21,6.67,39.81,51.12,142.35,pigeonpeas,1342.41
119.62,10.59,49.27,6.64,31.51,70.9,89.33,muskmelon,16863.4
113.23,32.6,26.35,6.09,23.92,83.89,196.56,coffee,1259.27
83.25,36.17,30.17,6.91,27.77,86.06,277.52,coffee,1197.83
29.24,64.84,30.67,6.42,26.37,54.83,120.64,mungbean,1109.59
15.36,6.34,47.84,6.97,32.19,64.18,260.75,coconut,11375.45
18.82,70.11,26.66,5.55,19.79,68.57,137.39,kidneybeans,1848.17
40.81,60.98,84.26,7.0,17.65,30.31,74.44,chickpea,1353.11
19.64,73.96,32.17,7.07,39.66,60.92,108.37,pigeonpeas,1259.17
117.42,36.38,39.66,6.66,21.39,71.62,272.53,coffee,1165.36
115.61,58.56,40.6,7.03,22.61,59.21,112.78,wheat,4202.66
90.92,65.89,196.33,5.93,25.48,92.48,217.79,banana,35623.53
4.39,19.43,14.65,6.43,26.1,74.94,96.9,orange,20113.22
28.81,64.27,21.89,6.58,25.53,40.23,30.65,mothbeans,840.0
78.8,50.04,48.04,7.45,27.15,72.29,292.23,jute,3241.23
104.77,53.38,15.57,6.7,31.55,59.94,141.53,cotton,2501.13
106.08,60.78,41.73,6.77,30.01,55.84,117.8,pomegranate,17889.76
103.75,25.67,31.44,6.53,27.08,86.66,229.13,coffee,1304.42
103.36,12.87,54.97,6.59,39.87,60.91,23.77,muskmelon,18198.93
16.42,50.54,47.36,6.3,16.28,62.92,152.26,grapes,17122.88
23.57,70.34,24.86,5.77,35.29,55.77,191.17,pigeonpeas,1433.55
89.97,46.69,31.05,5.98,24.69,66.39,177.04,maize,6565.38
16.56,4.46,45.53,7.46,30.57,71.22,108.59,coconut,11015.44
71.84,59.15,53.24,6.95,30.63,83.24,224.9,jute,3218.96
37.14,59.39,81.53,6.79,16.44,34.12,67.65,chickpea,1363.5
98.64,74.34,248.26,5.54,28.96,92.13,225.14,banana,36159.71
16.69,61.91,23.95,6.28,26.67,59.4,191.44,kidneybeans,1855.83
45.51,72.56,80.91,7.63,27.6,34.7,97.61,chickpea,1340.26
24.18,75.54,33.24,6.54,25.53,62.73,197.92,pigeonpeas,1317.8
117.99,59.15,37.54,6.54,32.15,54.57,69.57,maize,5879.93
20.76,63.0,28.88,6.61,25.56,67.52,172.13,kidneybeans,1953.79
15.37,56.86,22.53,6.73,21.32,58.49,166.22,kidneybeans,1635.66
109.81,34.02,44.95,6.13,24.87,69.87,226.65,coffee,1225.49
112.43,18.28,57.34,6.47,29.33,71.81,47.32,watermelon,31088.39
19.16,52.74,24.28,7.41,21.0,41.36,50.51,lentil,1711.18
53.43,56.41,49.66,6.6,33.33,94.17,160.23,papaya,45829.41
93.16,71.67,103.71,5.86,33.28,83.0,154.8,banana,36475.22
97.12,52.22,52.69,6.12,26.13,79.35,238.25,rice,5191.64
97.71,22.93,54.59,7.08,34.74,66.11,39.94,muskmelon,18464.17
20.67,66.99,29.07,6.88,30.75,57.34,82.39,mungbean,1172.17
24.35,49.51,46.97,5.68,9.86,70.68,138.33,grapes,18515.67
110.52,26.45,39.47,7.01,24.77,72.98,226.44,coffee,1286.15
20.33,31.96,45.65,6.8,34.24,49.65,196.32,mango,10632.79
89.51,79.13,122.65,6.23,28.75,77.74,170.52,banana,34744.39
17.67,7.15,44.18,7.24,28.71,84.5,168.69,coconut,11878.47
2.55,149.2,201.99,5.85,3.22,67.81,114.78,apple,16363.64
29.7,57.39,23.84,5.81,17.24,59.82,156.38,kidneybeans,1692.45
2.96,12.88,17.9,6.04,22.37,87.01,175.49,orange,22148.5
104.58,16.9,51.61,7.17,35.87,67.27,56.3,muskmelon,19771.71
0.63,133.87,204.36,6.67,8.9,77.58,184.02,apple,16458.14
13.27,5.98,49.65,6.4,28.05,80.94,173.39,coconut,12066.76
116.82,59.67,43.16,6.33,27.94,39.25,110.78,pomegranate,15987.07
17.25,43.71,47.15,6.56,11.38,72.66,153.44,grapes,16926.17
20.46,26.59,38.46,6.49,27.03,46.02,108.2,mango,11131.43
31.09,57.81,70.14,7.77,25.07,27.46,45.48,chickpea,1227.07
23.95,72.79,19.14,6.02,26.83,53.65,112.73,kidneybeans,1757.79
118.42,47.42,48.5,6.72,27.59,89.73,218.96,rice,4881.23
113.44,54.74,29.47,7.97,36.83,57.52,140.08,cotton,2484.13
107.42,23.17,49.47,7.16,30.71,60.65,65.49,muskmelon,18795.23
32.08,65.63,29.11,6.74,27.07,68.88,161.11,blackgram,1137.05
47.98,57.42,19.66,6.8,30.12,60.22,190.77,blackgram,1017.93
84.04,64.27,43.94,6.83,30.97,76.15,230.38,jute,3041.58
85.53,31.65,29.82,7.35,19.13,88.96,150.62,coffee,1312.59
49.68,56.94,32.28,6.74,23.44,69.05,141.4,blackgram,1004.57
27.38,48.96,36.99,6.89,26.79,67.49,68.43,grapes,18170.3
19.98,75.49,21.85,7.38,29.82,47.6,97.44,pigeonpeas,1293.0
19.06,11.8,8.93,6.22,25.32,70.74,103.23,orange,20695.76
110.42,49.45,49.98,6.43,33.92,84.84,229.3,rice,5168.46
27.0,71.49,22.39,6.13,21.65,50.88,176.98,kidneybeans,1654.03
103.95,46.69,40.81,6.58,34.74,45.4,81.44,pomegranate,17832.52
19.52,56.94,21.64,6.79,26.26,42.01,134.33,mungbean,1115.94
79.17,63.73,40.77,6.99,26.53,83.29,321.33,jute,3090.29
122.61,50.64,22.41,7.26,28.15,54.85,111.07,cotton,2943.44
19.3,61.24,20.32,6.62,35.26,46.24,90.05,pigeonpeas,1266.12
48.54,55.51,27.25,6.38,29.3,64.99,165.61,blackgram,1068.14
105.34,62.88,28.27,6.65,26.07,63.29,69.42,maize,6365.7
19.55,74.86,33.45,6.23,23.67,60.48,176.09,kidneybeans,1606.99
100.43,48.11,16.8,6.18,22.42,70.9,64.71,cotton,2532.22
5.99,8.51,11.6,7.18,11.98,75.0,91.01,orange,22575.05
25.38,67.41,32.15,7.04,31.31,50.77,142.26,mungbean,1107.21
99.63,58.2,62.62,6.55,27.24,58.04,59.59,pomegranate,18857.23
36.5,39.37,42.54,5.96,31.91,50.94,81.09,mango,11236.03
109.04,25.36,55.12,5.97,38.59,72.21,68.4,watermelon,32543.16
28.0,59.28,29.89,6.35,24.62,59.51,119.18,kidneybeans,1713.75
100.88,36.18,22.83,7.94,39.52,43.84,166.52,cotton,2492.59
20.75,63.01,20.67,6.76,14.71,48.03,26.74,lentil,1698.24
32.34,45.79,30.9,6.51,18.99,66.1,117.61,grapes,16116.1
104.75,34.93,30.42,6.09,25.29,72.23,198.19,coffee,1294.03
104.78,51.94,39.65,7.25,12.19,45.67,104.86,wheat,3742.42
115.4,52.11,56.71,5.74,25.84,59.66,65.21,pomegranate,17505.05
25.98,52.58,21.5,7.0,21.7,49.79,56.54,lentil,1564.52
29.63,54.11,45.11,6.0,19.22,56.51,146.83,grapes,16630.8
17.19,136.45,197.95,5.85,8.79,73.82,114.71,apple,16121.29
116.7,51.54,55.14,7.23,36.43,44.44,51.92,pomegranate,17722.86
16.61,76.51,25.82,7.27,29.59,60.69,189.65,pigeonpeas,1331.68
28.78,72.41,23.2,6.14,15.44,60.88,106.34,kidneybeans,1642.39
35.44,65.94,32.34,6.76,22.77,52.54,118.87,blackgram,1086.72
92.32,74.94,120.82,6.38,33.38,75.46,148.07,banana,35572.7
35.28,37.3,31.73,7.3,30.06,68.06,150.05,mango,10786.1
12.95,7.91,40.32,7.26,36.55,94.16,163.91,coconut,12787.01
22.45,66.34,25.85,6.59,27.71,47.1,98.57,mungbean,1212.27
1.49,130.06,209.13,6.19,7.79,68.15,166.45,apple,16534.02
76.46,60.67,40.43,7.97,28.21,81.99,160.11,jute,3113.01
10.59,2.47,40.9,6.91,34.47,94.71,291.53,coconut,13733.11
17.11,51.23,34.83,6.87,25.07,52.43,148.97,grapes,16449.12
111.65,64.76,68.29,5.58,36.62,44.66,123.87,pomegranate,16241.43
30.03,68.21,71.47,7.95,15.08,37.95,47.04,chickpea,1302.02
18.55,146.53,196.94,6.35,20.0,57.12,164.32,apple,14883.49
10.09,13.23,5.08,6.22,19.28,69.54,137.45,orange,21880.99
28.15,51.47,29.54,6.6,32.44,37.57,37.63,mothbeans,872.6
24.95,73.59,31.66,6.42,28.82,47.0,105.44,mungbean,1073.91
117.53,55.74,37.6,6.75,13.3,63.39,50.4,wheat,4087.41
55.57,52.21,46.5,6.1,34.95,93.18,255.08,papaya,45341.88
32.29,49.48,49.31,6.25,28.9,76.58,178.03,grapes,16617.92
83.27,31.81,40.23,6.39,17.38,77.43,262.4,coffee,1239.44
20.29,54.15,33.97,5.56,10.77,79.93,186.86,grapes,16580.66
115.36,68.62,37.98,7.5,15.69,56.22,146.79,wheat,4020.6
41.38,55.16,24.37,7.24,28.02,59.99,150.8,blackgram,1120.97
22.8,64.61,30.18,6.6,23.75,54.03,144.91,kidneybeans,1990.43
134.05,35.97,18.83,6.69,29.07,68.85,66.0,cotton,2674.87
49.89,59.08,18.18,7.42,27.58,57.97,105.84,blackgram,982.38
27.96,70.75,33.9,6.92,28.94,58.41,80.28,mungbean,1050.88
17.29,74.48,21.36,5.62,26.43,67.85,165.57,kidneybeans,1677.48
29.32,56.8,22.78,6.75,22.41,37.42,32.41,lentil,1515.62
97.4,59.85,57.83,6.62,33.36,92.87,227.83,rice,5074.77
39.15,55.8,31.25,7.3,22.17,66.2,197.56,blackgram,1077.81
17.48,49.51,23.76,4.19,29.62,37.66,51.67,mothbeans,886.81
16.74,132.45,207.74,6.21,10.44,57.3,182.79,apple,18374.83
11.91,149.06,199.45,6.61,13.12,58.62,141.25,apple,18091.88
110.15,58.52,60.06,7.38,32.1,57.04,87.74,pomegranate,17578.15
115.29,17.89,54.79,5.68,37.93,55.26,35.83,watermelon,31991.87
11.12,1.88,30.32,6.6,32.94,63.49,208.99,coconut,11793.11
24.0,62.37,29.61,6.14,21.14,38.09,60.62,lentil,1798.38
28.23,62.19,31.99,6.14,16.64,45.5,54.62,lentil,1667.27
116.94,55.99,35.95,6.04,16.45,62.08,74.41,wheat,4153.28
21.23,62.36,33.27,6.18,23.33,65.88,162.79,kidneybeans,1789.35
89.65,46.45,43.11,6.81,24.25,86.23,268.8,rice,4983.13
15.58,61.63,18.92,5.55,27.29,66.43,172.75,pigeonpeas,1123.12
22.06,39.37,32.66,5.74,26.18,52.85,161.48,grapes,16622.95
122.48,52.53,50.03,6.76,20.85,61.73,112.89,wheat,4017.65
28.09,66.63,28.11,6.07,20.07,47.36,53.43,lentil,1588.36
130.33,69.84,50.09,7.28,22.49,58.26,130.18,wheat,3990.77
119.37,47.04,52.76,6.21,34.8,76.88,211.86,rice,4958.77
116.92,47.51,67.21,5.74,39.76,55.83,59.88,pomegranate,17019.34
30.1,37.48,36.25,6.69,14.05,72.2,126.05,grapes,16995.32
92.3,70.08,100.83,5.56,30.85,83.02,178.12,banana,35641.26
115.18,59.77,43.44,7.38,34.91,56.75,86.1,pomegranate,15882.82
19.19,69.02,21.74,6.56,33.67,53.45,101.74,pigeonpeas,1366.67
100.22,52.73,48.17,6.62,25.0,81.61,169.08,rice,5453.12
115.72,23.98,51.08,6.76,34.27,65.29,32.53,watermelon,32398.26
118.22,47.9,23.63,5.88,26.15,71.07,166.12,maize,5940.97
109.49,38.88,20.94,7.28,27.66,57.09,144.0,cotton,2542.21
29.85,50.39,20.02,6.37,13.03,43.76,71.92,lentil,1495.32
49.37,66.55,50.74,6.96,28.1,70.94,180.02,papaya,46226.96
15.33,69.42,23.95,6.01,23.5,47.0,69.04,lentil,1498.97
93.8,49.9,20.8,7.34,24.92,58.2,72.11,maize,6345.06
107.16,21.97,29.56,6.34,17.67,73.36,286.15,coffee,1311.85
20.23,69.5,22.42,6.95,15.97,48.88,68.5,lentil,1549.99
88.97,52.53,52.43,6.75,31.21,88.46,276.58,jute,3093.0
101.68,54.45,29.36,6.4,36.92,72.19,61.82,cotton,2330.5
7.45,4.35,46.03,6.72,34.85,71.85,286.81,coconut,12923.33
137.89,44.11,18.02,6.22,37.04,51.49,167.27,cotton,2589.97
23.07,37.22,32.16,6.57,29.99,55.83,92.14,grapes,16619.39
93.4,76.27,95.16,6.42,32.52,89.06,231.34,banana,33779.3
115.87,50.68,19.1,6.37,37.46,51.88,67.95,cotton,2599.28
37.14,77.82,88.4,7.3,16.66,32.05,47.17,chickpea,1285.01
101.77,40.42,43.21,6.42,39.12,41.22,109.36,pomegranate,16778.57
15.02,13.66,12.55,7.19,26.63,69.9,177.45,orange,24112.65
4.14,16.09,15.15,6.47,25.21,84.51,142.54,orange,20727.01
82.95,55.24,50.98,6.91,24.33,76.95,227.79,jute,3238.52
2.42,4.39,44.77,6.62,30.67,78.0,149.05,coconut,12612.0
47.62,56.92,46.58,6.97,31.93,72.5,204.94,papaya,46575.86
114.16,36.01,28.17,6.12,23.18,89.56,274.79,coffee,1257.64
80.94,46.37,23.42,6.51,19.92,65.65,182.49,maize,6156.47
23.37,52.41,26.87,6.05,32.04,40.06,49.55,mothbeans,979.82
102.4,14.19,57.6,6.01,26.37,70.39,65.9,watermelon,32575.69
3.06,7.11,11.43,6.49,26.78,85.1,186.83,orange,21294.03
96.47,74.99,231.02,6.73,29.95,82.13,232.43,banana,36233.54
30.94,33.93,33.18,6.13,33.31,49.56,180.46,mango,13056.29
41.25,67.72,23.37,6.04,33.56,68.58,132.66,blackgram,1135.35
22.41,47.68,49.75,6.79,29.45,78.53,70.38,grapes,17458.19
21.22,61.7,28.47,6.24,26.68,44.19,99.64,mungbean,1188.41
118.98,67.31,42.73,6.59,14.57,52.97,104.49,wheat,4229.47
29.67,48.3,22.53,3.84,32.84,44.68,44.85,mothbeans,837.98
49.26,59.29,20.97,7.42,34.35,52.98,170.03,blackgram,1015.77
113.09,38.85,25.66,7.12,38.56,66.66,175.66,cotton,2688.58
23.29,56.51,18.16,7.17,18.83,51.24,31.22,lentil,1587.29
43.13,73.75,71.19,7.54,19.03,29.74,36.06,chickpea,1268.23
112.27,42.6,22.68,5.64,26.39,52.02,161.31,maize,6066.97
113.44,46.99,30.38,5.73,33.04,54.38,74.33,maize,6347.05
88.09,33.47,28.51,6.73,27.0,66.52,286.37,coffee,1228.82
83.93,66.02,150.39,5.52,27.52,81.72,192.76,banana,35685.73
58.32,54.2,61.86,6.02,30.89,93.26,293.9,papaya,42462.62
24.35,64.25,32.28,7.41,22.11,46.98,27.02,lentil,1640.92
46.84,69.42,34.21,6.71,34.7,60.22,150.78,blackgram,1014.91
9.97,8.81,8.92,6.96,22.72,86.83,113.39,orange,22569.12
32.77,56.36,84.09,6.91,27.58,21.87,86.08,chickpea,1255.78
4.95,6.64,11.77,6.22,11.46,89.0,137.11,orange,22044.5
3.48,134.59,203.05,6.08,3.73,72.87,145.66,apple,17736.92
25.74,48.98,34.11,6.99,33.01,30.99,63.19,mothbeans,860.38
24.11,71.58,21.73,6.83,28.9,54.88,62.2,mungbean,1092.84
85.51,40.11,23.86,5.97,31.6,72.89,116.83,maize,5855.56
100.1,19.96,62.78,7.25,26.81,68.78,67.38,watermelon,31691.55
53.88,50.2,59.87,6.64,29.12,75.7,174.85,papaya,42639.08
110.29,60.86,41.41,6.43,18.61,44.58,96.91,wheat,4142.43
118.92,51.32,28.21,6.76,35.01,74.95,166.0,cotton,2739.9
23.95,39.11,38.73,6.4,8.07,59.0,135.09,grapes,18095.5
114.98,46.79,50.62,5.87,23.67,78.23,291.0,rice,5110.13
115.12,65.8,36.29,6.38,13.45,64.63,120.61,wheat,4193.37
96.61,21.16,60.39,7.25,36.22,63.81,26.39,muskmelon,17069.1
34.24,72.85,22.52,7.46,28.4,54.42,120.87,blackgram,1045.19
18.98,6.13,15.66,6.13,11.22,71.89,92.19,orange,20088.78
20.22,58.53,25.58,5.63,33.12,35.28,53.76,mothbeans,944.36
96.6,65.35,107.78,6.7,32.52,88.85,237.35,banana,36968.22
46.2,63.98,59.25,6.96,25.84,85.43,211.09,papaya,47827.71
47.13,64.83,72.36,6.53,24.0,23.8,75.85,chickpea,1286.36
76.31,60.92,41.96,7.87,25.46,81.46,199.52,jute,3130.88
91.63,57.57,54.91,6.04,25.1,49.2,119.5,pomegranate,17207.76
82.28,63.97,58.53,7.43,32.42,73.02,167.13,jute,2967.29
6.96,16.11,18.94,6.36,11.38,66.89,88.76,orange,19302.2
19.76,4.44,32.68,6.15,30.59,91.09,292.34,coconut,11414.26
121.94,54.44,35.48,7.41,11.62,43.17,64.65,wheat,4215.61
110.15,37.27,26.81,7.38,38.04,62.45,70.35,cotton,2588.27
22.26,57.78,34.09,7.28,22.14,35.74,71.15,lentil,1686.39
79.72,61.08,49.74,7.98,34.23,71.27,222.81,jute,3355.5
12.27,5.71,32.73,6.39,31.84,76.15,148.42,coconut,13535.03
33.72,59.82,20.49,7.14,31.29,53.78,139.79,blackgram,1047.29
120.41,49.63,28.99,7.94,30.22,61.42,138.01,cotton,2666.63
119.8,53.04,57.28,7.34,32.25,54.53,96.64,pomegranate,17093.16
38.66,71.5,34.98,6.56,22.26,59.86,105.92,blackgram,1068.68
0.35,5.23,37.32,7.12,28.15,81.14,242.41,coconut,11497.22
32.97,66.5,89.8,7.01,22.47,33.97,43.02,chickpea,1281.49
23.24,77.38,28.29,6.52,26.85,62.58,82.83,pigeonpeas,1391.45
60.83,56.01,43.11,6.14,30.22,91.09,247.13,jute,3103.59
64.84,62.31,50.7,7.99,32.89,88.09,265.95,jute,3122.43
108.62,58.19,49.64,7.3,33.29,41.16,57.51,pomegranate,16976.03
72.23,55.13,59.29,7.84,28.97,87.74,252.62,jute,3157.85
17.94,73.93,26.78,6.97,25.86,55.63,195.54,pigeonpeas,1341.71
22.52,66.98,30.05,6.32,24.45,56.38,185.9,kidneybeans,1980.54
96.17,25.83,60.89,7.1,33.88,72.35,52.5,watermelon,30749.89
132.65,64.34,50.17,6.59,22.81,50.35,107.05,wheat,3982.25
29.54,64.22,25.41,4.72,31.48,41.58,54.93,mothbeans,844.06
25.66,40.77,45.47,6.29,19.06,55.42,199.33,grapes,18488.38
122.53,67.64,48.34,6.71,14.82,42.15,74.46,wheat,4148.86
98.04,13.46,54.98,7.3,29.05,67.63,99.69,watermelon,31223.44
88.96,45.74,45.01,5.89,28.74,94.87,298.54,rice,5068.56
91.54,20.11,25.38,7.46,24.68,82.25,276.67,coffee,1177.32
110.06,42.38,41.72,5.76,22.63,91.46,209.78,rice,4945.63
131.23,43.75,16.63,6.17,27.88,65.64,151.51,cotton,2681.06
21.19,38.83,32.87,5.61,24.59,69.79,89.89,mango,10214.03
108.31,14.15,54.53,6.37,36.17,77.08,25.72,muskmelon,19778.07
123.79,62.83,49.2,7.06,22.3,52.09,103.34,wheat,4335.58
49.96,73.66,34.7,6.22,28.4,67.92,157.77,blackgram,993.17
89.4,46.51,58.18,6.29,31.13,86.81,248.02,rice,4888.3
34.38,40.35,38.17,5.86,20.28,59.68,142.79,grapes,16252.73
37.7,64.87,80.96,6.71,25.84,29.52,56.89,chickpea,1497.51
21.34,69.95,33.74,5.98,20.67,61.86,139.33,kidneybeans,1776.31
107.56,15.73,58.27,7.47,28.81,66.61,30.92,muskmelon,18550.11
15.86,3.46,42.13,7.06,36.67,68.81,115.78,coconut,11982.91
113.33,17.99,46.73,6.06,33.22,79.84,40.02,watermelon,30043.73
99.81,72.9,213.32,6.39,31.92,84.68,213.34,banana,37098.42
15.1,127.37,196.81,6.38,14.49,59.47,196.24,apple,16573.68
98.79,66.15,59.62,6.19,33.1,41.49,133.72,pomegranate,17123.95
20.21,49.11,48.77,6.61,8.66,68.14,168.98,grapes,17315.5
32.6,53.83,37.74,5.57,21.22,62.53,128.92,grapes,17173.76
40.57,63.86,80.35,6.09,24.73,34.09,77.67,chickpea,1520.24
22.86,24.62,47.52,6.86,30.76,54.01,189.42,mango,11217.78
102.22,56.04,58.49,6.73,20.55,82.45,157.3,rice,4937.99
101.54,63.75,84.97,5.95,28.03,77.73,266.93,banana,35715.04
41.16,68.32,22.63,7.46,24.98,68.23,125.27,blackgram,1132.86
92.98,23.68,55.52,6.68,38.23,61.24,30.92,watermelon,32419.44
137.47,38.51,22.06,6.59,28.26,52.95,96.4,cotton,2571.73
78.56,55.94,41.12,6.95,24.67,74.21,245.12,jute,3198.62
46.01,67.29,74.83,6.7,25.94,21.66,38.15,chickpea,1478.79
111.74,24.17,56.33,6.73,29.45,75.07,83.8,muskmelon,18600.94
112.67,15.86,55.9,6.2,29.11,64.79,53.08,muskmelon,18242.89
26.66,59.23,25.64,7.65,12.35,52.3,49.11,lentil,1627.2
29.29,41.67,35.41,6.15,24.26,55.81,182.4,grapes,17714.7
0.6,146.87,198.2,5.99,13.09,78.79,134.57,apple,14577.8
10.46,3.05,45.82,6.15,34.34,65.62,113.39,coconut,13741.81
44.36,54.67,59.7,6.35,33.76,86.62,249.81,papaya,44903.89
13.34,17.68,10.63,6.87,14.71,72.11,141.59,orange,21967.97
33.24,49.94,38.34,6.25,10.17,74.32,177.84,grapes,15951.47
46.17,60.0,34.26,6.35,30.13,60.91,88.6,blackgram,1089.82
110.07,60.12,37.02,6.99,12.01,52.78,55.44,wheat,4123.49
123.94,57.08,37.48,6.28,14.98,41.76,55.69,wheat,4077.53
6.65,15.46,15.68,6.67,17.85,89.12,119.15,orange,22429.99
80.25,57.82,44.12,6.43,32.45,86.36,270.01,jute,3287.56
38.62,70.13,33.57,6.83,26.03,51.02,175.2,blackgram,1068.47
110.34,59.67,48.39,6.27,20.19,90.92,228.03,rice,4925.54
104.8,44.11,47.69,6.43,25.59,50.77,52.15,pomegranate,17658.25
90.64,17.19,62.37,7.11,28.42,73.47,77.24,muskmelon,16870.93
30.31,50.96,34.96,6.8,16.27,73.94,125.36,grapes,17934.1
6.33,137.72,209.39,6.15,16.63,63.27,193.26,apple,17458.33
112.1,20.98,61.11,5.71,31.03,55.4,38.46,watermelon,31879.78
22.86,57.68,32.99,6.95,34.22,54.41,82.03,mungbean,1096.13
16.77,68.54,26.85,5.66,31.94,61.29,147.9,pigeonpeas,1324.82
28.81,58.11,23.56,6.64,32.38,56.71,65.27,mungbean,1087.03
32.25,45.75,48.23,5.86,8.6,62.86,88.6,grapes,17325.23
111.48,25.68,58.34,5.98,32.03,66.66,35.18,watermelon,31727.73
139.44,42.29,16.3,7.41,32.01,67.98,146.96,cotton,2428.09
103.1,27.45,26.87,6.39,17.05,87.74,261.01,coffee,1268.99
29.02,46.99,22.14,6.51,32.59,44.89,45.7,mothbeans,833.3
14.28,14.06,6.49,7.19,24.51,87.85,192.78,orange,20230.79
23.55,64.82,33.3,5.94,25.69,43.38,74.63,mothbeans,885.61
65.2,47.91,58.78,7.12,28.55,92.28,207.97,jute,2888.69
95.74,22.2,37.4,6.19,22.67,78.49,239.48,coffee,1270.35
101.62,43.66,46.41,6.48,30.09,83.7,184.3,rice,5250.18
28.99,73.11,28.86,6.54,34.26,42.45,75.19,mungbean,1050.4
28.52,58.3,30.54,7.8,24.87,46.68,62.26,lentil,1605.09
22.88,62.27,18.05,6.45,34.52,45.51,127.67,mungbean,1125.74
106.75,46.56,34.23,5.6,27.57,59.79,171.58,maize,6476.19
19.31,61.1,32.52,6.91,15.23,46.32,48.98,lentil,1633.04
117.68,24.36,51.57,6.33,38.06,65.94,47.64,watermelon,30761.77
114.88,51.44,39.4,6.7,24.86,64.91,147.96,wheat,4027.67
82.14,45.22,50.76,6.73,24.72,86.15,335.75,jute,3011.33
109.96,64.19,50.14,7.4,23.6,54.34,107.92,wheat,3998.14
119.04,14.13,55.59,6.81,31.13,75.59,20.26,muskmelon,18113.4
3.28,3.5,44.02,6.68,36.28,94.57,129.33,coconut,12612.37
81.44,50.69,59.87,6.94,20.61,89.12,195.26,rice,4825.06
19.28,130.25,200.83,6.49,8.82,64.78,190.07,apple,17211.28
111.48,21.27,39.18,6.13,15.36,77.56,167.92,coffee,1251.75
134.41,53.37,20.28,6.63,34.65,47.96,180.99,cotton,2557.38
113.43,56.55,53.78,6.74,35.97,38.37,122.47,pomegranate,20065.58
108.29,30.39,38.82,6.13,20.59,80.0,209.07,coffee,1300.2
112.03,20.96,46.88,7.13,32.16,77.29,20.79,muskmelon,17483.53
17.73,57.13,34.42,6.35,15.94,54.8,48.87,lentil,1540.73
20.17,30.27,35.83,6.57,25.43,69.53,140.68,mango,12161.95
48.23,62.64,21.87,6.27,33.36,66.53,197.52,blackgram,1075.31
43.19,57.63,70.54,6.64,17.88,44.72,51.21,chickpea,1351.92
27.73,62.55,22.46,7.49,27.85,47.53,151.18,pigeonpeas,1267.51
15.23,67.39,21.48,7.1,30.73,44.18,148.12,mungbean,1071.22
93.7,62.24,66.58,6.56,36.59,42.08,99.78,pomegranate,15672.2
84.11,31.51,31.78,6.74,18.4,69.03,217.62,coffee,1216.57
106.08,48.68,29.11,6.42,18.77,60.76,149.75,maize,6717.45
22.17,59.14,33.36,6.88,21.68,43.49,26.11,lentil,1685.25
18.29,64.53,20.85,7.23,19.63,47.44,37.18,lentil,1612.43
29.71,45.03,46.0,6.65,12.48,53.98,158.82,grapes,17378.4
42.52,59.44,47.54,6.31,32.24,86.35,207.45,papaya,45555.45
21.09,66.47,18.47,6.94,18.48,52.82,100.55,kidneybeans,1897.03
87.13,42.52,35.3,7.17,21.17,55.48,105.25,maize,6091.87
10.44,7.69,48.12,6.78,35.44,60.34,196.04,coconut,13094.27
25.21,36.16,44.25,6.6,18.65,77.05,197.75,grapes,18657.51
96.97,18.77,55.11,5.8,29.75,63.7,77.23,watermelon,32599.21
124.54,54.86,21.16,6.37,39.51,56.87,152.61,cotton,2737.65
24.76,62.79,34.96,5.07,26.86,42.06,35.66,mothbeans,848.54
36.38,23.74,44.87,6.83,25.04,55.34,73.6,mango,11161.43
135.08,35.87,29.59,7.64,32.94,42.34,93.62,cotton,2476.19
40.27,68.29,28.0,6.72,27.12,55.32,162.29,blackgram,1125.48
94.74,44.64,57.78,5.59,25.49,45.79,81.03,pomegranate,16544.38
33.54,38.16,39.47,6.48,27.99,64.62,196.78,grapes,16640.51
46.34,66.16,26.34,6.45,25.95,57.77,169.26,blackgram,1152.47
30.86,55.1,88.63,7.38,23.43,28.53,69.94,chickpea,1185.92
93.52,27.26,43.64,7.11,23.03,88.82,279.73,coffee,1339.76
16.74,62.31,28.36,4.01,28.66,33.33,60.03,mothbeans,915.07
34.98,35.8,46.22,6.28,28.73,69.1,145.36,mango,11199.23
119.24,34.74,29.12,7.45,23.86,76.35,287.44,coffee,1165.37
122.27,54.05,48.7,6.82,24.17,50.98,76.85,wheat,4193.71
93.7,55.89,52.45,6.63,31.9,79.24,288.57,rice,5038.38
12.39,1.46,45.09,5.55,33.99,66.42,189.36,coconut,11878.88
65.86,55.89,53.19,7.15,25.67,78.88,298.93,jute,3249.76
93.41,21.27,53.25,7.4,33.45,76.37,29.12,muskmelon,17663.13
42.5,66.09,85.15,7.94,29.4,40.52,72.12,chickpea,1451.42
15.76,64.59,24.01,6.48,29.04,59.02,183.59,pigeonpeas,1244.84
23.86,77.34,28.02,6.61,28.56,61.95,115.58,pigeonpeas,1394.95
44.23,65.37,23.27,6.01,25.0,62.11,84.6,blackgram,1136.35
4.44,1.89,33.8,6.5,30.1,87.23,278.82,coconut,10709.51
16.46,58.33,18.16,6.25,29.78,34.79,58.47,mothbeans,859.53
27.39,59.01,18.12,4.14,32.25,33.08,31.31,mothbeans,848.82
16.89,60.6,33.27,6.94,34.29,57.64,88.13,mungbean,1074.62
26.97,39.55,46.29,5.5,27.54,74.56,195.82,grapes,17305.52
86.95,27.69,43.62,7.04,15.91,87.08,178.33,coffee,1228.41
119.56,50.0,18.13,7.22,26.7,42.98,137.4,cotton,2769.17
102.5,52.19,36.91,6.53,20.52,59.77,109.02,wheat,3685.29
28.3,23.11,44.79,7.16,35.23,72.66,166.84,mango,11947.65
19.93,51.35,23.2,7.62,20.66,39.77,63.15,lentil,1666.32
46.18,75.97,85.9,6.42,24.49,38.92,82.2,chickpea,1312.24
104.12,28.31,44.21,7.2,27.47,77.97,195.34,coffee,1243.57
1.65,131.3,203.29,6.76,9.2,76.69,154.61,apple,17016.46
15.82,75.99,26.61,6.41,31.31,60.17,162.82,pigeonpeas,1305.41
106.76,14.65,53.09,5.75,30.56,66.67,90.04,watermelon,32786.91
106.38,41.72,29.38,7.72,29.92,49.65,140.89,cotton,2455.35
44.38,56.94,32.77,7.12,26.07,60.43,181.82,blackgram,1078.69
31.2,63.99,75.96,6.44,25.59,36.48,67.48,chickpea,1306.05
127.18,54.81,43.4,6.32,11.93,49.5,107.58,wheat,4369.05
25.48,74.64,30.77,5.88,30.24,54.81,165.98,pigeonpeas,1351.13
19.09,60.57,34.87,6.89,15.91,63.13,145.69,kidneybeans,1719.33
26.77,67.09,20.88,6.82,32.58,57.1,88.68,mungbean,1120.89
12.65,9.4,44.61,7.43,33.65,69.38,260.05,coconut,11651.75
113.66,52.97,26.94,7.18,30.79,57.45,144.93,maize,6214.85
25.0,52.79,33.4,6.9,22.44,40.99,38.48,lentil,1541.78
115.84,52.08,37.89,6.05,29.19,52.2,126.35,maize,6307.21
29.06,60.54,24.85,7.67,24.22,44.58,28.23,lentil,1700.34
97.4,61.11,224.11,6.29,33.08,82.84,217.71,banana,33636.3
15.94,67.66,27.1,6.37,26.65,56.2,61.39,mungbean,1070.9
90.1,28.6,42.11,6.95,27.27,73.87,192.09,coffee,1376.08
37.71,31.35,37.84,6.5,36.14,63.4,99.77,mango,12226.73
111.42,14.88,45.64,5.65,24.74,62.0,38.9,watermelon,30055.63
1.43,10.82,12.77,6.58,15.43,71.43,131.3,orange,21356.61
102.8,61.47,40.05,7.09,32.23,58.09,94.28,pomegranate,17557.71
15.17,55.71,31.47,6.23,16.8,57.17,116.53,kidneybeans,1635.45
3.79,13.98,14.09,7.25,18.87,83.62,186.69,orange,22320.82
64.73,59.49,56.2,6.79,28.28,85.19,154.35,jute,3157.21
110.17,23.93,46.78,7.17,37.97,63.52,84.58,muskmelon,15532.48
28.69,55.68,27.02,6.27,34.24,48.83,97.66,mungbean,1083.7
4.79,15.88,8.37,7.36,24.16,71.31,176.18,orange,22131.06
105.16,63.78,53.88,6.64,23.52,42.46,54.3,wheat,3966.56
16.06,58.81,32.62,6.73,18.55,35.43,33.45,lentil,1526.33
19.02,122.01,209.61,6.13,8.84,69.5,149.6,apple,14911.17
31.2,39.46,32.83,7.4,31.33,72.12,85.33,mango,11778.37
106.82,14.99,45.17,6.02,32.66,75.66,85.97,muskmelon,18029.89
31.22,71.38,80.1,6.91,25.79,38.96,89.24,chickpea,1400.19
82.08,62.31,33.83,7.4,23.34,62.15,163.84,maize,6198.29
84.46,47.69,41.21,6.55,23.11,81.04,209.12,rice,4944.48
89.96,56.52,43.74,6.68,26.76,85.19,230.06,jute,3047.8
45.99,51.6,57.36,6.71,30.2,81.11,277.16,papaya,45016.75
26.73,55.64,25.26,6.49,33.24,53.55,115.3,mungbean,1104.49
27.08,29.39,33.94,6.88,26.15,45.16,127.13,mango,12367.03
107.04,24.6,62.78,6.83,35.88,64.67,95.67,watermelon,32718.3
35.55,39.47,44.17,6.95,32.01,74.33,108.97,mango,11425.68
42.08,64.18,61.2,6.89,27.19,86.98,162.86,papaya,45634.99
96.47,22.05,50.56,6.02,33.1,73.65,72.67,muskmelon,17209.09
16.19,132.27,204.16,6.16,15.6,54.55,130.01,apple,17914.74
105.62,63.93,125.56,6.56,25.32,79.18,299.18,banana,37102.56
25.37,35.04,34.64,5.73,15.6,75.75,192.64,grapes,17748.7
101.96,64.68,58.9,6.26,26.21,36.67,71.37,pomegranate,18822.43
113.48,20.76,50.24,6.4,31.26,73.41,40.59,muskmelon,17351.24
19.42,63.97,20.15,6.6,24.68,33.27,61.59,mothbeans,897.56
24.55,60.89,19.51,6.74,26.32,67.14,133.39,kidneybeans,1815.22
96.36,69.47,167.0,6.96,32.48,88.68,186.38,banana,39001.56
24.92,73.52,34.88,6.62,30.39,43.41,122.46,mungbean,1056.06
117.83,70.0,44.31,7.39,35.6,47.47,131.15,pomegranate,14227.88
4.34,141.72,196.74,6.03,8.21,56.84,147.68,apple,15900.36
98.73,28.62,61.36,7.27,24.96,75.85,71.01,watermelon,30827.08
104.26,48.89,48.86,5.61,32.04,92.86,151.65,rice,5331.66
109.33,11.11,59.2,6.12,34.21,72.44,54.93,muskmelon,18269.19
17.56,12.42,14.59,6.97,18.79,72.62,188.38,orange,21696.95
18.34,59.45,28.2,6.19,19.65,61.13,197.01,kidneybeans,1759.48
110.99,62.98,152.52,5.54,25.9,76.62,111.44,banana,35352.69
26.81,68.49,32.5,6.47,30.01,53.54,75.16,mungbean,1084.75
4.62,9.95,32.72,6.13,35.49,64.63,175.23,coconut,11225.41
82.1,58.91,47.85,6.89,28.68,75.09,155.78,rice,4996.78
1.09,12.18,16.32,6.99,10.47,78.08,119.63,orange,21439.57
73.35,58.82,57.97,6.41,25.66,76.51,292.51,jute,3207.61
67.21,56.55,56.61,7.42,33.88,76.52,333.64,jute,3253.93
7.16,146.04,207.76,6.56,7.73,73.94,123.16,apple,16185.74
18.04,19.72,5.88,7.03,26.14,80.2,85.65,orange,18929.5
17.77,137.83,198.95,6.21,11.94,61.94,175.36,apple,16427.95
103.59,50.5,39.04,7.13,24.86,63.21,100.42,wheat,3691.46
44.8,70.34,25.2,6.76,24.49,61.91,118.09,blackgram,1080.12
18.27,58.07,21.6,6.3,30.83,45.65,142.16,mungbean,1117.23
15.58,51.36,44.08,5.63,11.23,63.57,101.98,grapes,16939.18
86.13,70.4,87.03,6.2,29.3,87.09,201.91,banana,35945.95
10.14,148.55,206.46,5.74,5.2,67.88,133.33,apple,17499.93
108.74,64.16,166.31,6.78,29.77,81.29,215.11,banana,36126.08
3.62,142.93,205.2,6.34,21.67,71.29,171.67,apple,16719.98
18.34,61.07,33.27,5.51,32.39,55.6,153.12,pigeonpeas,1207.65
137.27,65.23,53.45,7.38,19.74,63.21,91.67,wheat,3777.17
115.09,14.89,58.18,5.8,36.72,78.33,33.31,watermelon,32608.94
41.48,77.43,89.71,7.56,15.98,28.07,92.76,chickpea,1310.18
34.33,34.93,34.76,5.68,24.95,64.41,89.5,mango,11438.16
25.3,22.36,38.25,6.49,36.78,46.12,146.72,mango,11676.66
119.01,49.24,22.1,6.04,34.32,42.44,178.49,cotton,2939.13
68.2,46.43,53.45,7.02,25.66,87.43,185.6,jute,3225.43
15.74,8.1,43.22,5.88,33.33,84.97,146.66,coconut,12054.62
38.31,21.97,39.56,6.6,25.6,67.12,131.77,mango,10823.26
119.72,25.6,47.77,6.6,30.48,70.84,76.8,watermelon,29761.27
20.08,76.68,25.17,6.55,33.44,59.07,93.77,pigeonpeas,1325.45
100.15,63.05,30.15,6.38,22.63,66.47,139.75,maize,6772.95
109.71,66.04,50.73,5.92,35.37,38.44,121.39,pomegranate,17455.52
109.4,44.05,53.9,6.79,21.98,87.29,164.26,rice,5217.37
99.76,61.4,35.41,5.54,25.74,65.45,124.46,maize,6445.44
52.4,61.96,46.58,6.78,33.22,85.19,192.14,papaya,47284.25
117.91,19.27,53.01,7.1,30.49,61.83,26.12,muskmelon,18331.65
94.44,13.3,64.51,7.46,37.21,72.21,66.82,muskmelon,15820.16
110.52,59.4,58.12,6.96,28.25,76.56,277.47,rice,4913.12
24.11,31.74,37.17,6.59,32.32,70.17,121.07,mango,12363.86
27.28,75.46,26.78,6.49,37.53,55.62,86.53,pigeonpeas,1312.7
118.7,18.54,59.22,7.12,34.52,60.82,50.16,watermelon,31421.11
118.91,24.04,52.86,6.09,39.86,73.08,68.51,muskmelon,16550.85
132.16,52.03,41.17,6.85,10.64,41.98,119.61,wheat,3853.37
21.63,71.86,32.15,7.49,29.84,67.55,173.82,pigeonpeas,1363.61
101.56,59.89,37.48,6.36,21.21,43.27,130.69,wheat,3872.91
92.15,21.9,46.89,6.54,25.42,70.68,61.95,watermelon,29691.36
94.28,27.68,56.44,6.91,38.11,69.71,42.62,watermelon,30483.79
134.83,39.81,18.44,6.88,37.87,41.37,121.79,cotton,2620.88
19.18,48.1,31.39,3.71,34.65,43.55,35.92,mothbeans,900.71
22.53,45.05,44.67,6.45,21.45,66.73,88.13,grapes,17982.77
20.58,55.12,26.64,3.9,30.58,39.4,60.55,mothbeans,996.23
27.3,63.51,18.82,6.9,19.75,57.22,175.95,kidneybeans,1725.81
35.59,63.57,72.46,7.44,23.35,25.85,73.61,chickpea,1283.34
29.42,69.84,30.1,6.63,33.41,41.78,127.47,mungbean,1058.08
19.94,56.94,20.69,7.39,15.64,38.53,50.2,lentil,1636.03
37.98,28.23,43.41,7.27,35.32,45.27,90.57,mango,12354.16
0.5,19.42,16.42,6.73,24.33,66.9,168.76,orange,19420.04
30.54,72.28,23.75,6.3,27.32,64.21,183.22,blackgram,1083.86
114.37,21.54,52.76,6.81,38.64,58.95,51.78,watermelon,33181.99
111.95,61.1,41.68,6.41,16.9,44.54,102.96,wheat,4373.26
113.84,10.16,60.28,7.08,35.03,66.34,83.49,muskmelon,16196.83
28.95,49.45,21.05,5.37,28.7,40.94,32.1,mothbeans,908.1
96.69,77.05,229.16,6.53,29.31,80.63,165.04,banana,35067.97
109.18,19.44,57.12,7.48,36.57,78.15,86.62,muskmelon,19819.21
76.91,63.26,57.42,6.61,28.76,77.76,256.03,jute,3184.79
108.8,66.09,43.75,7.06,11.22,51.75,52.82,wheat,4126.41
101.36,13.37,54.67,6.08,35.74,56.18,89.7,watermelon,33525.04
82.79,76.75,98.25,6.78,32.2,93.42,274.05,banana,32250.44
29.78,58.83,30.26,5.31,31.8,39.45,33.32,mothbeans,917.88
54.63,69.53,45.37,6.99,29.1,81.95,236.6,papaya,42690.29
119.58,53.22,28.67,7.84,29.2,56.57,175.59,cotton,2510.54
74.8,50.34,46.44,7.26,29.61,82.19,349.79,jute,3478.07
115.67,14.3,51.29,7.45,33.48,76.69,62.81,muskmelon,17130.63
33.15,66.24,74.06,7.76,25.36,28.53,66.95,chickpea,1355.8
23.15,70.55,32.24,6.47,31.16,51.14,80.46,mungbean,1090.97
121.29,51.77,19.59,6.2,24.35,62.07,136.41,cotton,2579.85
27.42,28.12,41.82,6.36,31.22,74.0,100.87,mango,13003.43
28.3,61.39,21.6,6.83,12.87,44.51,45.43,lentil,1605.05
105.18,33.57,30.66,6.66,23.17,74.0,296.79,coffee,1352.71
58.51,58.01,50.21,6.38,31.12,88.09,249.27,papaya,44415.58
52.47,61.1,51.87,6.64,34.0,88.04,153.44,papaya,47950.47
77.69,59.43,46.68,6.48,27.43,78.73,243.51,jute,3275.38
109.76,67.09,35.69,7.06,24.99,40.19,66.1,wheat,3797.8
27.14,73.03,31.08,6.34,32.33,62.54,141.74,pigeonpeas,1304.89
12.01,123.33,197.39,5.7,4.17,63.84,105.1,apple,16888.28
119.0,53.94,26.87,6.71,30.07,74.92,193.52,cotton,2676.92
7.09,133.84,196.52,6.97,6.72,63.24,170.9,apple,17437.04
117.57,28.19,36.04,6.01,24.23,86.8,153.0,coffee,1338.65
14.35,2.86,36.98,7.39,34.36,62.52,191.55,coconut,12426.06
121.57,68.7,42.71,7.25,11.13,58.5,148.84,wheat,4328.15
115.96,22.33,62.95,7.45,36.56,63.25,22.55,muskmelon,16327.03
44.46,57.47,58.53,6.56,26.2,75.63,282.88,papaya,47688.02
88.21,59.75,58.11,7.66,25.01,76.46,298.3,jute,2991.6
106.87,45.01,59.15,5.59,36.12,51.58,78.09,pomegranate,17194.25
26.13,35.74,33.73,5.89,29.35,54.53,154.04,mango,11901.86
83.91,63.35,53.4,6.37,29.36,93.5,188.32,jute,3119.75
26.24,75.38,26.65,7.13,39.13,63.04,79.25,pigeonpeas,1356.53
93.12,61.75,38.34,6.48,34.26,71.88,175.53,maize,6365.12
27.55,36.92,46.5,5.72,31.37,54.17,140.31,mango,11225.55
73.56,48.67,54.15,7.9,36.45,94.89,200.45,jute,3179.82
37.85,66.47,19.0,6.97,34.29,63.51,130.39,blackgram,1127.53
119.37,45.58,29.76,5.8,23.95,67.93,84.42,maize,6083.76
91.35,20.44,34.13,6.56,23.79,66.76,288.51,coffee,1247.24
29.94,50.82,22.16,7.2,17.4,47.75,55.18,lentil,1512.7
111.77,58.41,47.71,5.87,30.61,41.38,118.72,pomegranate,18387.21
6.05,140.69,205.31,5.53,5.85,69.39,122.41,apple,18336.61
15.82,17.7,5.52,6.62,20.17,81.47,187.39,orange,19656.2
7.13,121.33,206.79,5.97,10.74,67.37,100.06,apple,16102.28
6.93,142.64,203.97,5.52,3.55,52.56,117.87,apple,17761.07
5.43,1.92,33.06,5.8,34.2,84.78,162.23,coconut,12059.51
98.11,13.43,49.79,5.76,28.18,75.53,50.13,watermelon,31551.02
6.15,15.31,16.88,7.37,16.72,89.81,92.47,orange,22690.02
119.27,60.02,69.53,7.14,25.67,35.1,51.77,pomegranate,16349.83
24.33,71.35,29.37,6.84,39.39,53.66,105.47,pigeonpeas,1449.75
110.04,15.62,45.01,7.03,26.58,61.31,46.47,watermelon,31688.01
43.97,50.45,58.33,6.55,26.35,74.99,249.33,papaya,44549.73
86.61,45.07,43.21,6.78,28.76,89.7,194.4,rice,4750.11
26.04,74.52,18.2,6.53,28.42,45.77,133.57,mungbean,1043.69
19.51,62.17,21.21,7.38,35.0,68.03,99.67,pigeonpeas,1221.79
19.93,51.99,33.66,7.91,17.7,46.61,21.74,lentil,1611.68
26.61,55.78,33.56,6.36,21.05,50.21,189.77,kidneybeans,1621.94
102.55,46.61,42.73,6.68,34.17,50.52,53.16,pomegranate,17026.56
105.88,75.59,175.32,6.12,31.28,80.05,212.27,banana,37608.0
95.06,28.51,39.08,6.04,19.6,83.57,233.21,coffee,1311.11
89.55,57.82,47.86,6.16,33.82,93.13,298.31,jute,2921.28
26.67,71.51,21.56,6.31,25.8,57.84,142.99,kidneybeans,1892.24
45.47,57.7,54.15,6.22,31.19,79.4,159.02,papaya,49141.82
139.14,42.23,23.41,6.49,39.41,49.04,187.95,cotton,2659.53
102.9,42.9,58.92,5.95,28.67,89.0,247.38,rice,5097.29
14.53,5.53,17.84,6.55,11.63,82.46,169.66,orange,20944.35
22.96,39.59,46.56,5.74,25.33,74.32,103.13,mango,10538.3
13.96,8.97,48.57,5.54,35.8,93.55,190.53,coconut,11519.21
91.69,29.12,32.29,6.58,20.16,65.42,205.1,coffee,1381.85
23.44,51.63,34.2,6.14,29.58,33.6,79.79,mothbeans,914.7
137.49,45.77,22.75,7.34,24.74,58.58,67.1,cotton,2722.51
90.57,64.58,81.81,6.71,28.07,88.52,208.03,banana,33558.66
31.41,58.85,31.85,7.02,34.62,64.2,123.64,blackgram,1023.42
87.73,42.07,57.32,6.38,25.38,83.17,214.73,rice,4831.43
118.41,20.99,55.22,7.29,28.74,61.53,30.86,muskmelon,17518.58
26.25,68.05,22.67,6.11,18.6,52.51,78.29,lentil,1605.67
118.22,54.76,42.32,6.46,36.82,43.97,52.3,pomegranate,15907.0
1.15,125.31,208.77,6.97,6.93,58.32,161.03,apple,16109.23
85.19,57.33,44.48,7.56,36.25,74.02,200.7,jute,3148.09
107.25,51.35,58.9,7.31,31.61,48.86,89.34,pomegranate,19483.44
3.83,15.81,9.49,6.69,25.31,74.32,114.72,orange,21597.72
116.15,44.12,31.56,7.01,24.29,71.69,112.22,maize,6221.01
22.77,21.37,48.13,6.48,25.16,66.5,79.64,mango,10729.1
11.0,1.44,45.92,6.94,31.31,94.43,200.12,coconut,12610.67
25.19,70.05,29.49,5.77,20.38,65.96,186.64,kidneybeans,1760.27
12.17,6.87,17.85,7.12,14.88,79.5,188.26,orange,20876.96
27.72,79.29,23.58,6.98,29.28,60.27,173.65,pigeonpeas,1254.15
112.17,26.22,39.54,6.39,20.01,76.08,262.62,coffee,1249.24
99.95,50.63,42.1,6.1,33.76,87.62,176.63,rice,5345.42
15.22,65.18,24.69,7.08,32.22,40.72,131.06,mungbean,1105.36
45.07,66.0,47.03,6.79,27.01,81.4,272.07,papaya,42655.01
28.64,56.02,24.87,6.98,32.44,57.03,126.55,mungbean,1063.79
89.63,59.32,25.73,6.74,31.59,59.64,66.55,maize,6251.04
113.9,16.04,58.77,5.5,29.32,75.99,40.58,watermelon,32272.51
16.88,74.61,25.21,6.3,17.73,58.98,198.47,kidneybeans,1743.48
90.52,41.42,55.34,7.44,31.12,46.81,133.48,pomegranate,16285.36
17.22,73.38,19.96,6.44,16.24,52.92,102.05,kidneybeans,1583.2
12.76,124.37,205.76,5.98,12.55,54.85,125.63,apple,17820.96
96.07,40.42,48.3,7.49,30.05,40.28,92.14,pomegranate,17102.2
15.35,56.58,23.72,6.88,19.78,67.75,146.24,kidneybeans,1597.84
20.03,64.19,25.66,5.71,26.72,50.31,101.01,kidneybeans,1838.29
102.5,17.72,49.82,6.48,35.16,66.97,98.21,watermelon,33571.4
107.2,51.54,15.31,7.38,36.7,41.25,165.99,cotton,2584.58
56.82,68.33,52.56,6.9,32.09,85.62,233.07,papaya,44559.15
64.74,60.41,45.93,6.68,26.28,80.87,216.91,jute,3041.65
25.22,50.01,45.15,5.99,15.72,50.49,75.86,grapes,18345.6
43.54,64.04,70.05,6.48,26.46,37.75,53.17,chickpea,1325.02
1.95,9.61,11.88,6.51,15.39,73.8,97.05,orange,23175.21
105.28,53.72,23.84,6.64,34.25,40.09,100.3,cotton,2451.22
109.25,49.63,53.74,6.18,30.02,44.42,54.82,pomegranate,18313.66
13.41,5.49,46.77,7.39,36.24,82.37,245.58,coconut,12766.61
17.0,60.22,19.76,5.83,26.94,34.44,40.0,mothbeans,863.96
95.1,22.71,56.99,7.08,37.4,61.34,87.01,watermelon,31244.98
103.8,28.92,26.61,6.11,26.14,67.26,190.71,coffee,1315.03
28.4,68.02,28.17,6.31,29.36,52.23,67.37,mungbean,1092.89
20.03,77.71,26.1,6.99,32.27,56.62,148.96,pigeonpeas,1362.52
102.67,28.31,43.34,6.46,26.52,83.56,251.98,coffee,1386.29
109.92,26.16,40.75,7.22,21.66,77.7,226.43,coffee,1313.07
96.16,38.93,39.05,6.63,26.94,89.21,230.09,coffee,1286.05
131.81,54.57,46.84,6.23,14.55,62.22,104.41,wheat,4071.75
86.46,23.27,29.39,7.45,19.64,72.9,184.4,coffee,1167.57
17.68,74.01,19.09,6.33,16.08,61.36,139.01,kidneybeans,1697.36
97.9,67.69,69.93,5.99,28.18,44.6,87.9,pomegranate,16671.22
96.25,16.67,50.31,6.49,28.71,71.04,44.61,muskmelon,17964.55
98.05,46.13,39.25,7.32,24.88,61.22,112.52,maize,6402.06
24.76,52.93,33.89,6.04,29.8,29.14,62.45,mothbeans,924.35
33.0,25.25,31.73,6.61,27.42,71.2,100.69,mango,12436.16
17.87,0.35,39.74,6.04,34.53,89.29,224.0,coconut,11671.22
62.4,46.13,46.9,6.48,24.36,71.0,219.03,jute,3007.63
3.17,17.04,10.17,7.2,13.23,79.99,140.61,orange,21329.27
97.15,69.21,240.21,6.04,27.37,76.56,204.52,banana,37240.98
108.53,17.41,53.43,6.24,31.17,68.2,53.16,watermelon,34329.46
16.87,123.34,209.62,6.93,15.22,71.36,103.71,apple,16057.63
101.71,43.98,20.99,7.51,23.0,54.08,180.14,cotton,2711.25
104.11,41.39,23.37,5.82,23.13,53.62,189.07,maize,6186.93
97.35,50.29,26.24,6.15,29.69,51.02,155.45,maize,6408.09
29.95,59.29,20.2,6.89,16.94,67.59,165.05,kidneybeans,1564.95
106.01,23.1,52.12,7.38,28.12,69.31,30.27,muskmelon,18804.33
108.15,52.23,37.4,7.5,16.18,40.05,145.29,wheat,3780.25
18.54,48.11,23.87,4.39,31.3,29.62,62.82,mothbeans,905.4
62.27,47.21,49.84,7.48,26.46,78.0,217.31,jute,3152.41
87.53,53.51,50.85,7.82,27.9,88.07,265.44,jute,3175.98
1.95,10.7,5.96,7.16,18.88,84.99,131.52,orange,20115.07
25.5,63.62,32.59,6.25,39.47,47.95,177.92,pigeonpeas,1298.73
24.38,27.13,43.19,5.57,25.51,53.51,83.83,mango,12122.22
40.2,59.26,48.87,6.89,29.31,78.8,231.6,papaya,44341.1
5.86,19.8,19.1,7.03,16.24,74.91,84.59,orange,20691.63
112.08,23.62,29.2,7.35,24.63,71.57,258.11,coffee,1128.86
17.65,42.45,32.61,5.85,19.77,73.7,91.47,grapes,16126.6
39.13,25.53,35.05,5.91,30.92,48.22,144.19,mango,10697.35
33.54,24.72,35.59,6.21,31.51,53.11,97.06,mango,12376.58
95.38,28.24,49.7,6.93,25.01,60.02,52.39,watermelon,29768.98
112.49,55.47,63.39,5.64,30.03,59.0,77.49,pomegranate,17050.97
59.5,58.33,45.6,6.85,27.75,73.72,281.88,papaya,41763.92
80.49,49.09,56.51,5.94,26.88,83.85,195.29,rice,4959.73
6.92,0.99,35.25,5.66,31.87,82.88,101.05,coconut,11365.38
106.73,16.0,48.93,6.42,30.01,76.07,39.11,muskmelon,18071.41
42.17,70.7,82.45,6.64,15.96,25.25,40.81,chickpea,1339.57
38.29,31.06,47.78,6.32,31.73,73.64,86.13,mango,11368.38
24.93,63.38,21.78,6.62,18.12,53.25,115.45,kidneybeans,1874.55
101.08,45.59,20.75,6.92,27.33,68.1,72.27,maize,6595.12
33.26,58.66,26.71,6.5,27.62,65.96,76.94,blackgram,1080.89
118.98,53.5,54.69,6.1,26.28,49.71,79.3,pomegranate,18149.61
99.95,37.91,27.22,6.11,26.17,84.43,175.08,coffee,1314.9
19.99,60.21,18.7,4.19,24.25,40.57,79.19,mothbeans,902.58
24.8,63.08,34.44,5.49,35.0,40.35,56.19,mothbeans,871.06
28.41,57.6,33.79,7.42,15.91,36.9,68.92,lentil,1495.16
17.19,16.63,10.84,6.7,16.76,84.63,83.48,orange,20995.61
6.12,0.83,49.07,7.07,36.52,74.01,251.4,coconut,11613.62
83.25,38.54,26.92,7.21,25.14,81.49,267.38,coffee,1169.44
14.55,128.58,203.56,6.97,2.95,58.05,168.4,apple,17527.51
25.25,30.66,41.43,7.04,30.06,68.6,79.0,mango,12779.15
113.85,36.71,29.52,6.94,37.42,42.08,178.28,cotton,2565.32
113.86,22.4,38.53,6.62,23.76,86.88,247.93,coffee,1245.17
62.56,47.23,48.65,6.25,25.94,72.03,208.81,jute,3051.36
33.14,38.91,47.56,6.89,26.09,59.5,85.44,mango,10848.27
80.01,77.66,195.86,6.94,27.92,90.76,260.3,banana,31538.05
58.01,59.26,48.56,6.19,27.89,75.57,208.24,papaya,44858.06
18.41,135.88,197.8,6.03,5.53,57.93,189.04,apple,16899.15
114.09,65.95,47.22,6.88,25.07,53.03,89.51,pomegranate,16675.95
22.8,62.14,25.23,6.8,32.47,49.15,114.01,pigeonpeas,1401.22
53.8,60.62,57.19,6.04,31.59,94.24,223.75,papaya,47045.21
22.21,61.93,22.22,6.09,35.76,61.85,165.86,pigeonpeas,1317.3
17.05,69.49,19.66,6.87,22.65,59.87,148.47,kidneybeans,1625.83
27.75,74.59,32.89,6.97,34.63,57.5,198.32,pigeonpeas,1269.82
25.15,60.66,19.18,6.81,32.32,50.35,60.51,mungbean,1086.94
18.23,63.85,19.85,6.32,28.99,53.99,90.5,mungbean,1117.0
23.7,68.82,22.54,7.22,32.88,68.08,150.72,pigeonpeas,1414.03
13.55,145.9,198.64,6.93,22.84,62.58,197.68,apple,17002.87
81.74,43.63,44.73,5.87,28.57,83.33,157.39,rice,4700.01
47.23,55.52,61.64,6.97,25.62,79.76,191.96,papaya,45594.03
23.57,68.18,30.23,6.19,19.98,51.0,36.49,lentil,1638.74
119.32,66.74,41.14,7.14,12.11,47.68,94.57,wheat,4155.36
19.78,40.83,43.42,5.85,9.95,79.33,104.05,grapes,18201.88
28.97,62.07,30.76,6.73,23.35,46.64,55.99,lentil,1588.23
22.34,21.54,45.73,5.68,32.9,56.4,176.82,mango,10641.37
90.66,22.06,47.99,5.53,39.48,70.82,30.76,watermelon,29455.33
45.49,74.32,21.41,6.03,32.68,58.07,140.77,blackgram,1081.85
3.18,131.17,196.07,6.98,12.39,51.5,160.79,apple,16843.9
0.49,9.78,34.24,7.47,32.45,66.71,129.06,coconut,10114.36
103.02,26.7,61.85,6.12,26.86,64.16,71.43,watermelon,30657.5
39.5,31.4,45.99,7.47,34.98,57.23,183.86,mango,11184.16
18.18,54.97,31.85,6.84,18.81,56.68,75.79,grapes,15775.75
21.26,76.15,26.94,5.95,33.71,50.45,65.41,pigeonpeas,1328.82
13.58,17.26,7.32,6.92,16.25,83.66,149.61,orange,21988.51
123.83,52.38,39.9,6.49,20.97,44.6,66.58,wheat,4044.96
21.07,36.61,47.21,6.15,20.68,79.55,127.3,grapes,16002.33
34.74,57.42,32.85,6.12,30.17,57.35,199.45,blackgram,1044.39
115.93,56.16,52.48,6.29,25.42,47.97,90.42,pomegranate,18411.97
97.98,12.76,62.49,6.8,35.39,60.16,38.25,muskmelon,17153.71
17.56,135.09,209.41,5.94,5.85,70.11,157.28,apple,16694.96
28.09,51.94,20.53,5.33,34.91,28.76,68.89,mothbeans,871.57
89.58,37.38,42.44,6.99,15.97,70.8,242.8,coffee,1201.27
20.01,64.38,29.29,6.61,32.42,64.09,110.0,pigeonpeas,1343.58
4.23,121.97,198.76,5.54,18.37,67.22,154.38,apple,17433.51
32.54,38.03,30.79,7.01,32.51,70.45,171.13,mango,10412.99
22.33,48.49,28.31,3.91,26.17,41.08,41.76,mothbeans,959.77
69.57,45.19,56.34,7.55,28.16,84.36,215.64,jute,3061.62
15.38,60.47,20.67,6.96,17.83,54.03,162.09,kidneybeans,1691.7
91.61,77.09,74.38,6.55,27.26,82.06,100.61,banana,35930.24
25.21,55.82,32.09,4.94,34.84,42.15,44.03,mothbeans,908.29
5.72,1.73,48.09,7.04,31.48,91.68,221.63,coconut,12002.52
58.91,56.59,64.88,6.71,26.31,80.32,187.3,papaya,44481.77
105.24,29.0,59.55,5.72,28.82,68.04,61.58,watermelon,32168.81
106.41,62.21,50.82,7.23,14.64,53.72,106.3,wheat,3870.56
38.24,35.54,32.98,7.17,30.26,66.27,161.34,mango,10848.19
8.13,6.74,5.32,6.62,13.15,85.87,194.27,orange,19763.79
19.95,74.07,18.62,6.55,33.67,45.48,84.81,mungbean,1078.32
27.75,67.55,19.03,6.08,28.63,66.75,127.62,pigeonpeas,1277.28
24.64,69.4,29.09,6.92,26.45,58.45,85.72,mungbean,1103.05
44.19,58.92,86.92,7.9,17.29,37.3,65.41,chickpea,1288.95
113.48,63.24,47.61,7.41,24.42,57.02,131.78,wheat,4248.26
96.94,51.04,50.02,6.53,29.79,94.84,299.91,rice,5403.32
33.69,76.16,81.58,6.81,18.75,30.92,97.03,chickpea,1331.22
136.53,51.77,43.14,7.41,24.26,50.28,116.74,wheat,3967.92
111.25,42.21,59.94,6.82,24.26,91.74,165.96,rice,4787.74
115.46,57.02,37.91,5.81,34.19,65.32,153.52,maize,6108.77
136.81,53.12,26.46,7.47,32.81,67.81,84.93,cotton,2417.54
81.08,66.83,177.5,6.06,28.81,89.45,220.43,banana,34845.21
15.76,64.14,33.89,6.66,22.16,49.58,78.68,lentil,1553.92
110.66,36.45,44.83,6.45,23.16,71.41,278.08,coffee,1126.21
24.72,35.77,35.03,5.8,35.07,56.49,93.92,mango,11717.15
127.81,41.07,23.05,7.67,35.05,52.59,162.55,cotton,2769.24
86.92,53.26,59.35,6.31,35.0,83.15,177.68,jute,3031.04
119.56,14.99,53.29,6.44,38.04,63.94,28.94,muskmelon,17368.22
115.06,45.13,49.3,7.04,27.45,38.64,82.56,pomegranate,17134.98
119.08,56.77,39.56,6.28,21.45,63.79,64.02,wheat,4340.41
84.31,58.32,44.6,5.56,28.32,82.42,274.47,rice,4885.81
24.69,59.66,27.25,6.63,26.27,53.13,112.75,kidneybeans,1828.22
113.76,40.76,26.36,7.0,25.23,53.13,172.09,cotton,2670.84
47.04,73.1,76.79,7.53,25.92,35.02,69.09,chickpea,1379.32
27.98,62.95,25.39,7.57,12.7,51.26,68.64,lentil,1713.99
117.2,48.8,67.94,6.72,32.63,54.46,70.29,pomegranate,15510.07
21.45,65.64,29.03,6.88,32.9,60.28,123.51,pigeonpeas,1389.16
28.49,54.62,29.86,6.29,21.82,39.47,55.64,lentil,1615.44
46.63,64.15,56.94,6.95,26.46,93.47,183.02,papaya,45084.48
83.38,58.72,42.75,6.94,32.01,86.87,267.39,rice,4649.51
105.29,74.81,234.25,6.34,27.76,76.42,153.22,banana,37205.91
19.56,121.04,208.17,6.23,5.67,65.1,141.22,apple,14396.6
24.04,37.6,44.19,6.04,13.47,68.85,193.61,grapes,17057.62
21.1,25.45,32.16,6.39,32.28,60.93,175.46,mango,10236.02
24.63,47.37,30.52,5.9,11.47,62.4,185.03,grapes,18213.24
123.45,56.45,48.95,7.44,18.81,56.61,93.71,wheat,4214.06
132.0,48.3,18.34,7.56,27.7,61.08,190.85,cotton,2564.55
86.45,50.02,43.05,6.54,26.69,82.62,195.23,rice,5028.38
110.63,58.56,24.94,5.82,24.08,69.39,157.31,maize,6179.38
19.24,65.85,26.95,5.87,19.17,68.84,125.06,kidneybeans,1939.53
32.53,47.73,39.09,6.78,25.13,64.09,141.18,grapes,17148.5
116.02,42.97,51.45,6.79,38.78,40.98,101.03,pomegranate,16316.09
26.12,55.76,27.33,6.65,31.25,54.62,89.25,mungbean,1110.01
108.7,54.44,60.31,6.4,25.64,40.65,134.37,pomegranate,19978.65
24.66,64.75,18.8,6.41,36.81,53.13,170.9,pigeonpeas,1281.62
99.62,60.37,139.02,5.54,29.05,87.94,125.18,banana,37351.83
15.0,60.74,27.81,6.66,16.4,41.35,46.72,lentil,1654.55
38.74,66.68,26.95,7.1,22.85,65.71,106.81,blackgram,1184.65
28.88,65.4,29.36,6.06,15.71,69.16,199.46,kidneybeans,1738.19
85.48,62.89,222.45,5.89,31.12,84.27,286.85,banana,33411.86
40.8,75.77,85.38,6.88,17.94,41.59,33.97,chickpea,1384.58
116.8,60.6,119.91,6.89,33.37,87.34,145.86,banana,34321.85
33.0,26.86,38.86,6.67,36.0,65.16,103.08,mango,13133.74
104.56,26.25,58.0,5.79,26.94,76.18,47.49,watermelon,32144.45
22.05,38.95,43.0,7.36,25.73,68.05,100.53,mango,10608.57
6.07,147.41,205.85,5.8,18.5,57.57,143.13,apple,17733.13
25.05,40.94,35.1,5.92,18.14,56.93,132.44,grapes,18951.69
30.59,58.76,28.49,7.19,33.49,56.01,120.8,blackgram,1030.89
46.39,61.36,19.39,6.21,26.65,66.27,152.46,blackgram,1101.46
26.79,64.94,27.16,6.67,27.65,45.53,65.72,mungbean,1164.19
18.9,54.49,26.93,6.03,21.61,41.01,45.61,lentil,1638.13
15.26,143.18,208.19,6.16,7.96,68.01,140.99,apple,16119.52
81.09,43.46,35.96,6.43,32.98,65.89,147.29,maize,5966.16
139.91,53.21,39.05,6.81,17.22,54.29,54.91,wheat,3729.13
23.65,62.23,29.96,6.36,28.06,69.03,162.15,pigeonpeas,1279.24
20.3,61.5,34.85,5.85,28.83,50.9,187.57,pigeonpeas,1244.06
92.58,48.84,55.95,7.16,33.47,47.24,131.78,pomegranate,17893.19
110.94,63.96,173.7,6.24,27.6,75.82,225.96,banana,36068.08
49.06,69.39,79.78,6.77,25.63,23.53,49.33,chickpea,1373.61
1.59,9.75,39.87,6.21,34.77,83.47,108.37,coconut,11160.15
82.15,60.59,21.94,5.63,30.9,63.41,118.04,maize,5800.63
65.83,55.08,43.52,7.38,35.72,86.9,325.53,jute,3310.79
109.74,45.0,19.5,7.23,23.97,54.29,142.82,cotton,2627.5
4.47,8.14,16.69,6.89,16.87,86.57,149.9,orange,21608.69
106.52,62.79,154.98,5.67,29.45,87.33,131.1,banana,35855.78
22.09,49.89,23.94,3.52,27.86,27.38,36.42,mothbeans,949.35
52.38,62.99,48.44,6.65,26.65,88.87,191.29,papaya,45567.3
43.86,65.87,86.07,8.0,20.24,26.11,48.72,chickpea,1343.05
29.16,72.06,24.88,6.6,38.29,67.82,119.01,pigeonpeas,1284.48
111.58,18.29,60.12,5.73,28.82,75.19,36.18,watermelon,32667.38
18.12,70.92,22.55,5.57,25.77,62.38,196.37,pigeonpeas,1411.15
132.23,45.51,29.3,6.73,29.56,68.57,181.66,cotton,2708.85
41.49,68.96,70.3,7.72,24.3,38.62,64.57,chickpea,1276.66
29.04,46.99,38.98,6.51,11.45,66.55,132.7,grapes,18748.66
29.43,66.83,28.05,6.05,21.78,56.39,100.11,kidneybeans,1655.37
85.18,52.59,48.3,7.59,25.15,85.02,342.52,jute,3205.99
16.51,125.75,199.3,5.74,18.86,50.81,130.19,apple,16343.92
14.83,12.06,14.65,7.15,18.5,70.45,127.61,orange,21001.63
91.85,14.6,63.51,6.78,34.42,62.44,80.65,watermelon,28949.61
98.94,45.34,46.63,6.28,26.58,75.43,273.94,rice,5265.61
26.99,51.9,26.75,3.91,34.24,27.19,40.42,mothbeans,920.84
25.16,63.72,33.43,4.22,32.17,40.86,73.22,mothbeans,876.14
115.84,56.31,37.59,7.04,14.11,48.62,59.04,wheat,4141.99
30.78,21.39,30.84,6.4,26.84,45.22,158.32,mango,11962.8
41.64,64.83,47.75,6.39,28.57,84.23,253.42,papaya,42627.17
10.49,12.36,6.62,7.22,25.52,89.61,109.76,orange,24784.88
19.4,64.58,33.91,6.28,33.78,52.54,159.86,pigeonpeas,1248.61
24.74,31.21,47.52,6.08,28.27,61.52,75.2,mango,11950.55
15.39,11.3,19.78,7.16,23.78,70.12,162.43,orange,21813.81
31.63,22.69,34.0,5.86,36.38,68.2,138.8,mango,12113.62
108.29,40.28,55.46,7.45,37.88,40.81,94.89,pomegranate,17454.8
16.33,7.82,43.62,7.16,33.85,82.32,133.54,coconut,11806.46
5.34,19.12,9.15,7.38,25.9,77.62,194.07,orange,20550.85
117.52,63.12,197.38,6.56,31.82,88.26,104.46,banana,30522.95
84.41,64.53,23.52,5.89,20.47,64.25,122.11,maize,5606.75
21.6,64.4,30.73,6.94,19.56,57.01,161.05,kidneybeans,1917.87
95.06,19.45,46.81,6.8,35.36,73.76,28.77,muskmelon,17947.68
28.4,34.86,49.01,6.32,24.58,64.84,86.79,mango,12310.58
26.86,52.0,22.12,6.04,32.64,44.09,37.38,mothbeans,913.67
49.64,62.48,62.03,6.51,30.09,81.62,240.1,papaya,45275.28
95.02,55.57,24.55,6.66,19.38,60.87,85.58,maize,6525.84
17.99,58.59,30.73,6.59,23.39,50.52,126.0,kidneybeans,1640.58
25.51,49.86,41.11,6.66,24.8,72.75,119.98,grapes,18540.77
90.25,18.97,50.36,6.52,39.22,63.01,41.25,watermelon,29876.86
19.65,54.95,25.5,7.16,16.78,54.27,20.35,lentil,1691.72
20.98,63.43,31.56,6.98,21.78,51.58,110.29,kidneybeans,1810.33
27.24,65.31,21.93,6.95,31.67,65.41,84.4,pigeonpeas,1331.77
62.26,57.19,46.36,6.59,28.12,81.26,207.43,jute,3157.63
23.02,49.08,27.67,3.97,32.76,36.68,54.1,mothbeans,967.37
22.37,58.81,22.6,7.0,31.34,49.29,89.84,mungbean,1143.34
26.74,63.26,24.93,7.34,27.57,46.54,153.22,pigeonpeas,1372.02
30.83,20.19,30.92,6.73,34.33,58.71,94.75,mango,11514.65
103.64,13.44,60.39,7.12,34.27,74.92,41.74,muskmelon,19191.44
4.69,124.35,206.13,6.28,22.39,66.28,150.55,apple,15439.39
25.52,59.67,21.56,6.21,27.82,44.93,128.79,mungbean,1088.86
4.52,6.54,19.48,6.7,25.41,76.92,163.96,orange,20161.8
112.63,51.45,53.9,6.67,20.13,61.03,149.1,wheat,3887.95
77.53,59.21,45.36,6.27,31.54,92.58,328.52,jute,3229.58
47.7,56.27,88.6,6.86,24.77,29.86,86.96,chickpea,1186.8
116.05,54.17,23.88,6.19,28.04,62.67,80.81,maize,6293.55
91.04,77.5,160.52,5.73,32.39,78.14,244.08,banana,35136.35
5.77,5.57,46.7,6.45,32.66,71.46,132.02,coconut,12026.72
10.15,3.0,42.23,5.52,35.16,89.56,256.7,coconut,13525.38
5.42,14.48,7.22,7.4,20.25,76.71,177.38,orange,21506.98
3.65,130.94,204.26,5.8,1.27,76.16,123.92,apple,18017.52
42.6,58.78,48.08,6.2,28.39,86.52,167.53,papaya,45146.41
24.27,46.22,35.08,6.11,15.04,74.74,164.08,grapes,19192.17
9.81,125.88,200.8,6.98,19.13,66.62,193.55,apple,19716.94
5.58,6.42,6.39,7.36,21.82,72.78,108.6,orange,20032.91
28.01,48.61,49.55,6.24,13.49,60.87,189.14,grapes,17091.15
20.96,67.24,20.12,5.74,18.64,53.42,167.71,kidneybeans,1812.65
15.32,58.68,33.79,6.16,23.78,38.89,31.35,lentil,1573.1
22.79,47.48,43.55,6.27,11.64,70.92,94.61,grapes,18558.25
109.6,17.41,49.11,7.35,30.68,76.81,69.12,muskmelon,19007.34
18.52,56.04,25.44,5.52,15.85,61.91,172.45,kidneybeans,1727.98
105.38,46.87,48.41,6.94,31.28,85.82,192.68,rice,5251.79
28.33,51.65,24.47,4.56,32.9,43.61,61.55,mothbeans,955.54
90.21,40.78,33.81,6.37,25.07,56.25,135.3,maize,6274.42
26.29,73.15,29.67,5.89,35.63,52.78,199.82,pigeonpeas,1322.38
30.09,48.47,38.4,5.76,25.37,76.14,114.86,grapes,18991.09
114.93,68.26,56.29,6.49,36.47,59.79,86.2,pomegranate,17256.65
2.87,148.25,196.37,5.76,1.44,61.93,159.09,apple,15452.98
19.24,60.19,22.82,6.01,22.26,61.67,125.57,kidneybeans,1804.2
109.54,48.06,51.24,6.58,27.63,93.14,212.9,rice,5217.24
21.82,78.74,34.32,7.42,37.28,56.56,93.39,pigeonpeas,1281.12
15.69,12.79,12.15,6.14,25.62,72.08,125.95,orange,23672.87
40.9,56.66,56.69,6.82,28.11,77.49,260.49,papaya,46482.72
97.5,32.49,30.27,6.66,23.43,85.61,184.04,coffee,1357.0
49.99,69.46,86.17,7.49,27.84,43.86,43.52,chickpea,1273.61
110.86,73.93,104.43,6.2,29.33,91.34,261.64,banana,32954.23
15.56,3.23,34.43,6.52,27.83,79.31,173.98,coconut,11381.63
22.16,64.91,19.13,6.86,25.35,65.24,190.44,pigeonpeas,1357.95
108.87,64.68,51.55,6.89,18.87,48.46,94.63,wheat,3729.28
115.01,21.53,30.7,6.15,20.18,65.13,267.42,coffee,1127.47
23.85,63.16,22.33,3.73,29.61,30.21,52.55,mothbeans,923.43
29.72,68.62,26.93,7.36,19.86,39.07,59.18,lentil,1502.21
89.28,63.07,50.84,7.54,26.24,93.43,154.67,jute,2963.52
74.07,53.84,40.03,7.89,26.25,72.82,227.17,jute,3208.82
27.47,66.49,33.89,6.64,32.72,55.58,119.09,pigeonpeas,1295.27
18.14,44.13,41.24,5.57,12.92,77.57,183.2,grapes,18757.74
17.34,5.48,45.08,6.17,27.15,87.32,256.3,coconut,12221.67
24.22,38.07,39.52,6.41,28.68,60.49,113.94,mango,12570.06
25.77,62.72,32.49,6.78,23.04,38.67,32.0,lentil,1677.03
108.67,68.28,69.9,5.52,39.59,38.06,95.64,pomegranate,17262.41
97.46,21.97,41.8,6.54,23.72,81.05,287.15,coffee,1366.83
22.21,69.41,30.09,5.8,15.44,56.08,115.71,kidneybeans,1882.02
19.79,6.43,45.46,6.78,35.05,73.67,186.87,coconut,11032.53
20.74,64.3,25.22,5.73,17.64,51.3,111.53,kidneybeans,1963.61
106.75,10.22,48.15,6.56,35.49,63.31,60.24,muskmelon,17259.73
21.96,36.25,36.19,6.47,27.84,51.25,62.33,grapes,16176.69
114.66,54.92,57.71,5.82,27.97,90.59,186.85,rice,4679.08
2.23,5.06,35.4,5.5,34.8,81.97,205.58,coconut,11364.68
97.18,24.8,48.78,6.85,29.39,61.12,54.15,muskmelon,17244.08
138.22,37.42,18.46,7.26,39.12,72.69,190.39,cotton,2342.85
23.6,61.17,18.6,6.73,17.89,62.63,154.89,kidneybeans,1788.92
17.19,57.54,34.82,7.04,12.44,41.95,60.25,lentil,1597.42
104.41,52.0,69.14,7.08,26.17,38.97,52.26,pomegranate,17872.82
106.25,52.08,55.0,6.68,23.09,52.06,142.24,wheat,3844.68
133.15,52.78,53.2,6.8,18.79,52.75,53.6,wheat,3987.92
20.56,74.41,33.21,5.97,15.37,56.17,120.47,kidneybeans,1681.9
28.89,56.16,25.2,5.5,24.43,53.32,192.49,kidneybeans,1664.02
85.38,60.2,56.87,6.18,25.59,70.47,175.01,jute,3113.66
18.97,74.8,18.76,6.79,15.93,60.58,145.21,kidneybeans,1679.68
66.14,56.02,58.02,6.44,25.62,78.62,343.07,jute,3117.85
10.67,143.3,204.48,6.73,17.72,72.68,129.88,apple,18410.13
0.79,7.86,37.04,7.01,34.35,81.69,226.23,coconut,11819.83
98.2,12.87,64.53,7.21,32.18,70.4,57.33,muskmelon,16730.73
101.46,68.07,52.56,7.28,33.92,48.1,63.62,pomegranate,17521.91
117.44,30.14,34.39,6.46,20.84,67.77,252.63,coffee,1271.73
21.06,72.75,28.29,6.29,16.91,68.29,155.67,kidneybeans,1819.9
48.0,64.73,33.81,7.2,23.95,50.94,166.31,blackgram,1074.64
55.99,52.08,61.15,6.57,31.2,91.97,256.5,papaya,41853.49
1.41,17.9,12.21,6.76,13.83,88.15,189.73,orange,21069.11
136.39,65.87,36.17,6.64,20.47,64.67,95.84,wheat,3938.02
18.09,63.11,28.81,6.36,23.68,66.73,140.91,kidneybeans,1814.45
27.64,66.73,26.82,7.12,27.88,60.72,123.14,pigeonpeas,1388.76
116.83,27.81,38.15,7.45,21.06,84.48,295.46,coffee,1209.47
31.76,78.82,83.68,6.86,18.01,41.84,44.11,chickpea,1302.09
14.87,8.48,30.21,7.26,29.65,93.93,186.05,coconut,11762.16
7.42,126.99,198.55,6.05,23.11,75.05,151.24,apple,18237.88
41.7,66.42,48.79,6.27,33.41,76.43,276.69,papaya,43602.25
29.44,56.21,33.35,6.81,34.19,51.3,133.89,mungbean,1062.01
65.97,59.13,59.29,6.36,30.6,79.03,270.09,jute,3041.11
25.61,74.79,30.31,6.98,26.11,46.58,113.75,pigeonpeas,1329.64
105.07,41.77,26.34,7.25,27.9,60.3,125.11,maize,6103.59
7.86,9.84,33.68,7.5,29.3,65.89,271.67,coconut,11232.33
21.47,48.4,31.92,4.41,34.38,44.44,75.44,mothbeans,943.47
17.19,64.61,30.77,5.9,25.53,67.65,183.3,pigeonpeas,1244.41
49.28,66.75,49.22,6.96,25.13,90.13,253.74,papaya,46590.69
29.14,65.42,24.04,6.24,30.84,47.6,141.82,mungbean,1149.19
16.02,58.94,25.08,6.62,27.01,43.47,37.05,mothbeans,892.65
29.65,51.2,27.59,4.59,24.04,44.95,42.0,mothbeans,923.25
108.4,17.43,51.14,7.39,37.82,59.59,34.02,watermelon,31347.95
21.0,50.11,30.27,7.08,13.02,45.87,23.25,lentil,1561.21
40.82,63.05,25.86,6.51,34.3,55.06,123.22,blackgram,1163.05
34.56,52.23,40.05,6.75,11.28,65.88,123.02,grapes,17059.52
44.74,65.05,21.54,6.0,31.19,63.25,156.5,blackgram,1099.98
108.75,29.54,35.43,6.13,25.18,66.78,208.05,coffee,1388.52
26.33,74.52,18.29,6.82,26.16,58.21,144.18,mungbean,1045.23
31.3,34.87,43.56,7.48,27.58,45.0,74.97,mango,12920.8
20.64,35.42,45.44,6.2,29.33,67.36,198.25,mango,11527.33
16.04,79.87,28.82,6.01,31.75,68.75,124.23,pigeonpeas,1212.83
36.41,68.38,26.25,6.11,26.52,52.04,78.18,blackgram,1116.79
105.68,37.41,19.77,7.73,33.52,43.76,71.05,cotton,2590.53
101.97,51.16,30.24,5.93,33.96,65.96,185.94,maize,6624.78
26.6,63.64,20.02,7.73,15.39,54.92,43.13,lentil,1613.65
18.31,2.63,30.13,6.73,31.93,87.26,119.5,coconut,11649.81
104.83,50.37,20.33,6.03,33.59,61.48,161.61,cotton,2671.79
17.53,55.24,23.5,4.88,27.47,25.08,64.42,mothbeans,885.32
27.08,72.55,18.76,6.97,26.47,53.97,93.45,mungbean,1088.47
30.95,51.62,38.42,6.1,12.29,79.27,103.54,grapes,17887.59
16.76,2.7,40.46,6.74,30.06,72.3,202.1,coconut,12159.49
27.78,72.07,24.02,5.88,27.02,63.6,128.33,pigeonpeas,1357.88
46.99,58.03,59.29,6.9,33.94,84.39,244.42,papaya,47767.89
43.33,73.5,84.99,7.77,20.24,36.34,49.62,chickpea,1380.31
74.73,55.46,44.91,6.77,27.4,72.52,236.33,jute,3428.0
24.32,69.61,31.5,7.11,25.81,51.43,127.39,mungbean,1150.58
23.27,51.09,34.0,5.57,34.57,32.0,30.11,mothbeans,924.78
29.52,57.16,28.17,6.68,30.78,59.13,90.72,mungbean,1065.25
94.98,66.62,41.47,7.35,27.08,55.3,51.53,pomegranate,16020.31
117.93,55.3,42.85,6.64,23.19,46.76,139.37,wheat,4341.38
89.02,50.54,31.17,5.74,31.89,56.87,136.9,maize,6599.21
2.95,7.74,13.87,6.26,20.86,87.89,107.53,orange,22150.37
37.14,33.53,41.83,7.14,30.15,61.43,105.71,mango,12769.31
32.59,51.68,32.57,6.38,23.32,57.55,147.69,grapes,14910.4
25.57,54.5,26.34,7.32,23.67,37.21,73.53,lentil,1687.36
65.02,55.05,58.55,6.39,33.5,71.09,217.17,jute,3142.72
80.06,66.96,180.18,6.32,30.6,78.15,158.95,banana,33157.57
113.19,68.64,48.64,7.46,16.25,53.44,98.71,wheat,4164.39
2.26,11.23,11.26,6.46,23.5,73.44,155.05,orange,21824.41
17.72,135.31,207.0,6.6,16.64,55.75,127.64,apple,16746.36
138.09,62.3,42.63,6.06,19.0,42.31,104.25,wheat,4009.55
16.38,60.07,19.35,6.55,28.46,64.44,180.76,pigeonpeas,1155.05
17.97,76.86,34.39,6.43,39.0,69.95,130.64,pigeonpeas,1248.03
38.72,57.76,34.77,7.08,29.91,59.63,162.49,blackgram,1067.82
104.69,35.73,25.9,6.92,19.4,77.9,204.56,coffee,1282.47
45.25,60.62,63.19,6.11,28.48,84.42,261.03,papaya,46418.28
66.89,64.41,50.21,6.32,29.28,76.52,183.74,jute,3090.12
42.65,57.85,20.8,6.71,31.98,53.47,189.02,blackgram,1097.18
85.24,42.48,58.55,6.1,24.51,84.77,249.43,rice,4886.47
37.38,67.85,33.15,6.97,30.4,66.34,91.47,blackgram,1111.02
97.85,20.6,55.48,7.26,34.14,71.73,32.68,muskmelon,18349.73
116.87,39.49,25.92,6.7,34.7,64.74,81.87,cotton,2725.98
21.42,38.19,45.27,6.21,36.79,54.33,118.17,mango,9692.24
38.99,64.84,77.58,6.84,16.94,30.6,57.26,chickpea,1424.97
97.83,19.3,64.98,6.27,34.34,67.51,35.29,muskmelon,17309.84
93.69,48.16,48.8,5.69,21.38,88.35,248.33,rice,5365.85
10.27,12.85,13.38,7.05,11.88,77.22,89.98,orange,26187.82
30.47,63.24,21.47,7.5,34.08,66.04,108.46,blackgram,1068.63
114.81,33.6,37.24,7.5,19.51,86.26,166.45,coffee,1297.48
97.7,58.84,22.71,7.35,26.17,56.49,93.81,maize,6404.46
111.15,54.34,48.99,5.91,21.45,93.05,218.37,rice,4956.83
82.81,39.42,28.43,6.41,25.94,78.87,184.0,coffee,1074.25
119.82,62.35,38.03,6.32,14.05,54.94,94.19,wheat,4393.15
17.06,66.95,30.65,6.89,27.76,57.09,115.06,mungbean,1155.17
28.76,63.06,29.61,4.36,34.67,40.31,63.69,mothbeans,927.88
24.1,53.87,20.54,7.73,13.59,49.11,45.02,lentil,1566.27
8.63,129.65,205.86,6.24,13.88,54.56,137.52,apple,18874.21
27.08,25.45,36.23,6.22,28.12,70.31,142.95,mango,13733.06
17.84,135.06,209.35,6.74,18.87,55.3,134.44,apple,17047.3
94.04,74.41,73.27,5.71,26.26,89.65,218.31,banana,36005.69
23.9,58.4,20.47,6.55,12.19,41.38,54.85,lentil,1634.41
103.38,65.49,46.8,6.17,11.19,58.77,79.29,wheat,3954.25
19.0,139.93,204.02,6.69,2.53,75.99,150.05,apple,17582.35
24.32,63.08,19.1,6.24,20.6,45.62,70.0,lentil,1648.89
10.25,5.33,35.84,6.53,36.69,68.91,160.92,coconut,13479.73
35.36,78.66,77.67,7.3,29.64,33.77,51.37,chickpea,1310.47
92.18,37.88,30.08,6.53,26.54,67.52,224.1,coffee,1227.67
51.2,62.14,60.99,6.25,30.62,81.9,277.28,papaya,46389.65
3.23,5.08,40.1,7.26,32.32,79.27,163.8,coconut,12504.9
85.13,77.19,69.55,5.88,25.15,94.86,228.29,banana,32874.81
48.82,70.89,21.15,7.32,32.98,64.9,137.2,blackgram,1056.69
95.07,20.35,51.25,6.4,39.53,63.89,45.11,watermelon,32234.47
135.26,45.28,26.71,7.76,30.4,43.43,127.29,cotton,2528.46
87.01,48.42,42.14,6.83,32.91,71.31,212.58,jute,2943.32
114.96,11.14,50.11,6.14,34.07,79.29,65.44,muskmelon,17621.28
4.81,8.45,30.21,6.34,36.62,63.95,252.13,coconut,10744.88
40.25,62.46,23.6,6.27,32.99,64.1,113.07,blackgram,1187.33
119.08,26.69,53.08,7.28,26.46,56.05,39.47,watermelon,30503.47
112.01,48.51,23.0,5.87,27.02,71.15,69.89,maize,6278.57
100.65,27.2,46.77,7.06,37.02,74.4,81.41,watermelon,30004.29
15.74,60.89,19.51,6.66,30.22,51.08,94.61,pigeonpeas,1192.91
27.97,61.32,24.76,7.38,32.53,50.52,112.74,pigeonpeas,1284.19
5.32,135.4,208.12,6.61,14.4,68.68,110.89,apple,18142.69
27.87,69.82,25.03,6.41,34.23,51.33,96.49,mungbean,1090.15
116.01,65.88,74.24,5.6,26.98,79.44,277.74,banana,32924.21
27.73,70.88,25.51,5.88,27.3,55.8,126.56,pigeonpeas,1417.35
8.81,9.95,8.94,6.97,25.67,68.66,169.0,orange,22167.83
113.3,24.18,27.88,7.36,25.47,75.09,243.91,coffee,1241.87
96.32,12.26,49.69,7.07,35.53,70.74,54.67,muskmelon,17226.4
23.43,73.87,18.0,5.62,35.48,65.07,161.89,pigeonpeas,1352.75
26.37,61.67,31.73,5.29,28.08,43.91,61.71,mothbeans,872.76
42.65,67.79,89.84,6.35,29.03,30.04,62.76,chickpea,1356.56
8.87,13.48,5.93,6.38,25.76,66.04,116.19,orange,21536.73
59.8,58.23,59.66,6.18,34.33,71.98,293.37,papaya,45579.74
121.95,53.43,25.24,6.54,31.26,61.08,179.02,cotton,2763.36
112.88,67.97,46.26,7.38,14.5,42.87,105.62,wheat,4166.45
42.45,70.59,29.84,6.69,30.95,63.27,70.87,blackgram,1145.9
64.32,55.01,42.77,6.85,28.2,83.58,246.76,jute,3143.2
29.57,68.07,19.64,6.68,25.5,47.9,142.38,mungbean,1093.05
99.95,49.87,59.42,6.07,25.96,86.7,169.21,rice,5283.3
112.83,15.78,56.55,7.4,39.82,62.55,58.91,muskmelon,17963.09
41.38,62.25,84.07,7.64,21.98,44.68,91.54,chickpea,1412.81
108.8,66.25,49.73,6.33,16.77,51.57,132.64,wheat,4025.49
34.5,55.69,70.76,6.27,23.56,40.2,92.08,chickpea,1243.82
81.78,70.92,142.82,6.13,32.84,86.99,100.28,banana,36075.88
83.22,23.86,30.9,7.03,23.73,68.43,217.4,coffee,1229.4
100.03,79.04,99.5,5.68,25.23,83.88,120.16,banana,36290.25
122.09,54.23,51.39,6.75,10.51,57.08,145.05,wheat,4193.86
119.95,47.36,23.68,6.06,25.23,56.27,108.57,maize,5983.98
16.87,70.06,27.65,6.82,34.75,46.97,132.07,mungbean,1100.48
95.58,21.64,64.83,7.44,33.82,77.16,87.06,watermelon,30227.86
124.25,52.02,40.46,6.79,23.09,56.98,59.04,wheat,4217.17
28.85,50.1,21.76,7.38,16.18,36.22,65.78,lentil,1502.54
19.35,67.02,24.77,7.64,12.66,39.37,30.21,lentil,1624.94
94.41,12.92,61.86,6.58,36.49,55.29,49.99,watermelon,30094.77
110.82,13.78,51.99,6.1,30.64,63.9,71.47,muskmelon,17834.43
15.81,71.38,18.99,7.08,25.43,42.56,76.22,mungbean,1022.6
15.46,37.69,35.88,6.84,24.44,68.52,81.36,grapes,15590.05
105.04,43.01,21.17,5.81,32.0,68.6,192.83,maize,6315.46
93.35,28.03,50.57,5.89,32.19,75.18,65.72,watermelon,29689.04
124.79,46.88,16.71,7.52,33.38,74.41,137.36,cotton,2816.37
26.17,62.93,27.53,6.25,33.09,47.69,193.72,pigeonpeas,1321.67
12.5,17.59,11.69,6.26,13.82,76.91,117.45,orange,22242.76
109.68,37.25,20.21,6.12,32.81,59.11,188.49,cotton,2635.63
117.84,19.6,49.27,7.47,37.47,56.4,37.87,watermelon,31279.0
35.8,73.97,23.62,7.06,26.96,51.7,191.7,blackgram,1062.27
18.15,125.34,201.33,6.48,20.56,72.14,112.15,apple,16618.91
116.34,58.28,32.54,6.35,26.68,62.73,62.85,maize,6208.19
107.36,50.37,19.46,6.62,24.2,47.93,65.43,cotton,2595.53
116.84,51.8,43.67,6.53,20.81,54.48,99.16,wheat,4266.31
100.15,36.59,24.15,6.74,37.83,42.88,147.33,cotton,2534.99
115.87,22.09,33.28,6.5,27.62,68.62,262.22,coffee,1199.76
81.56,37.03,42.27,7.31,17.37,89.41,249.22,coffee,1050.97
3.39,3.03,36.51,7.33,28.38,73.0,291.86,coconut,11628.59
105.57,55.66,44.22,6.88,32.76,91.97,184.15,rice,5101.98
102.13,64.76,38.42,6.64,17.31,44.61,59.46,wheat,4069.25
41.32,59.36,34.49,7.42,30.06,69.68,135.36,blackgram,1080.42
22.45,51.2,32.21,6.45,23.42,53.33,24.37,lentil,1654.8
106.11,63.75,35.95,6.43,12.1,51.03,91.44,wheat,3839.54
22.5,58.06,18.81,6.4,24.32,50.72,178.36,kidneybeans,1842.44
55.69,64.52,59.57,6.34,30.23,84.64,206.55,papaya,44436.62
23.97,57.6,30.12,5.44,33.63,42.19,52.11,mothbeans,963.76
90.96,20.86,47.92,7.01,38.44,76.93,40.93,muskmelon,16944.57
95.23,57.99,32.81,7.08,33.25,67.0,69.47,maize,6446.26
94.88,54.4,31.35,7.16,22.02,57.41,102.25,maize,6749.53
20.45,73.92,28.02,6.19,29.15,61.32,83.04,pigeonpeas,1354.83
18.07,54.62,33.11,7.75,20.71,38.28,42.87,lentil,1632.54
32.25,24.68,33.24,6.56,29.66,54.11,98.37,mango,13275.34
73.43,45.4,40.54,6.6,30.39,80.82,263.78,jute,3052.41
22.19,73.47,22.52,6.53,31.6,57.73,70.34,mungbean,1152.43
96.49,58.97,26.87,6.23,34.91,63.89,156.51,maize,6561.46
131.26,57.55,35.25,6.76,17.61,50.92,83.97,wheat,3931.34
62.03,59.07,46.98,6.06,33.78,76.37,328.7,jute,3148.03
122.3,69.69,39.96,6.11,18.43,48.22,82.23,wheat,4028.48
55.46,62.13,53.24,6.95,25.11,87.24,211.62,papaya,48788.38
83.76,57.79,47.9,6.52,22.24,94.23,176.77,rice,5044.3
39.75,29.12,40.67,6.01,24.1,67.52,164.09,mango,11735.91
35.76,67.25,22.19,6.49,34.1,64.59,165.69,blackgram,1131.53
17.38,49.03,28.21,6.93,28.24,37.97,37.62,mothbeans,896.64
102.49,42.04,53.06,6.93,27.69,83.66,155.38,rice,4911.43
49.62,65.98,33.64,7.14,30.42,56.53,73.51,blackgram,1053.97
22.96,31.28,49.68,6.04,33.5,49.86,191.17,mango,11380.71
17.97,7.22,8.4,6.81,25.24,66.23,105.92,orange,20973.24
20.8,55.72,24.98,6.55,25.04,56.94,72.95,mungbean,1119.66
19.34,140.29,195.82,6.41,10.92,72.62,188.39,apple,16078.03
106.8,76.69,161.62,6.03,29.67,83.8,166.5,banana,35341.99
85.12,49.01,47.42,6.89,29.66,91.46,216.51,rice,5021.64
46.97,70.54,81.67,7.21,23.18,21.48,78.88,chickpea,1406.0
7.28,2.05,46.56,6.23,32.27,77.54,231.91,coconut,11640.02
90.98,56.6,45.04,6.32,27.22,39.85,55.18,pomegranate,16417.68
81.46,51.08,32.34,7.24,19.88,54.92,134.17,maize,6127.81
7.57,18.3,18.84,7.3,16.93,79.68,116.74,orange,20834.48
96.89,72.46,244.36,6.51,28.05,76.21,163.54,banana,36085.52
21.7,54.85,20.63,6.07,20.73,52.51,38.87,lentil,1606.89
19.86,50.63,25.06,6.63,25.49,31.5,39.62,mothbeans,932.12
8.75,9.75,35.92,7.27,30.45,66.28,130.45,coconut,12668.64
91.36,55.76,47.66,6.97,33.25,81.03,265.53,rice,4938.52
31.82,78.44,89.27,7.23,20.68,40.83,44.33,chickpea,1190.32
18.13,46.34,36.8,6.84,23.68,54.41,181.9,grapes,17541.36
31.44,60.53,25.08,6.87,29.1,61.36,186.51,blackgram,1064.24
67.71,48.3,45.54,7.83,24.56,81.42,202.88,jute,3160.34
25.19,63.28,28.69,4.37,30.68,33.04,51.12,mothbeans,864.07
93.23,57.58,47.46,6.35,24.06,78.21,266.24,rice,4865.98
108.81,18.32,52.82,6.45,30.53,55.65,81.94,watermelon,34343.5
16.06,6.22,13.88,6.94,13.36,65.77,181.32,orange,20539.04
39.11,71.58,22.32,7.33,33.81,69.2,93.53,blackgram,1074.96
128.84,51.18,46.96,7.22,11.01,52.81,75.86,wheat,4092.63
113.42,22.77,62.58,7.31,30.71,66.07,69.56,muskmelon,16630.49
6.21,148.0,203.15,6.7,15.25,58.65,150.01,apple,17428.92
56.75,63.49,52.04,6.65,33.29,88.74,279.3,papaya,46197.57
94.82,14.65,58.56,7.35,28.71,77.41,35.42,muskmelon,18398.7
107.54,51.53,47.08,7.48,20.08,57.77,148.46,wheat,3853.9
81.86,59.0,34.74,7.49,23.91,57.14,123.43,maize,6197.48
110.75,21.3,37.56,6.57,19.35,71.23,177.1,coffee,1243.9
72.6,62.03,49.83,7.47,35.77,79.84,327.79,jute,3221.95
87.35,34.92,28.98,6.12,17.28,85.81,201.98,coffee,1203.23
119.43,56.35,37.98,6.95,20.17,67.49,127.8,maize,5889.9
23.53,71.75,24.22,7.11,31.48,56.06,84.57,mungbean,1158.26
27.34,57.01,26.7,6.78,33.91,41.87,90.47,mungbean,1100.54
111.04,23.62,45.23,6.25,36.47,71.37,42.34,muskmelon,16466.3
19.59,44.71,34.71,6.49,16.08,73.65,144.27,grapes,17825.15
21.59,59.72,21.78,7.98,23.6,47.01,77.63,lentil,1689.9
20.62,25.63,43.14,5.77,33.26,63.64,125.86,mango,10805.0
114.91,55.08,23.53,6.61,22.35,74.41,64.59,maize,6404.41
88.08,65.32,203.75,5.91,32.04,86.67,270.98,banana,34975.72
103.39,14.43,54.77,7.13,32.73,78.91,35.26,muskmelon,19752.65
115.16,47.57,26.66,6.84,20.54,73.24,110.94,maize,6016.23
71.2,64.86,57.13,7.11,33.71,93.41,295.46,jute,3130.38
111.44,22.92,50.5,6.2,38.21,63.14,61.09,watermelon,32967.22
29.46,66.85,18.13,5.54,25.59,62.91,176.31,kidneybeans,1651.96
81.98,43.28,32.77,5.92,21.84,69.48,100.03,maize,6152.96
98.38,64.05,34.14,7.49,23.02,69.73,137.78,maize,6541.68
26.7,37.78,46.98,6.13,27.0,72.8,101.29,grapes,17541.01
91.39,13.87,60.23,5.95,39.88,74.66,89.4,watermelon,30888.69
41.51,60.72,57.29,6.64,25.93,91.09,223.46,papaya,44116.07
25.62,61.54,22.72,3.92,30.87,36.8,43.51,mothbeans,889.93
101.29,26.08,60.68,6.87,30.81,66.05,45.82,watermelon,31811.59
80.03,56.72,48.34,6.5,31.98,73.85,311.98,jute,3183.4
24.69,67.67,27.39,6.81,31.12,40.85,68.0,mungbean,1136.0
48.39,74.08,78.66,6.55,22.5,28.2,95.99,chickpea,1326.47
39.44,63.7,82.79,7.04,16.94,41.73,55.13,chickpea,1406.91
65.52,45.68,52.48,7.05,24.04,89.12,234.77,jute,3003.41
26.47,56.7,19.81,6.98,31.9,51.24,133.85,mungbean,1099.97
16.33,74.08,19.71,6.55,31.3,46.83,121.43,mungbean,1034.58
33.23,22.06,32.58,6.38,29.88,72.41,105.9,mango,11563.09
119.19,10.2,62.12,6.33,28.82,65.21,54.98,watermelon,29478.77
50.0,74.06,72.16,7.8,26.16,28.31,65.16,chickpea,1241.54
113.65,22.6,61.79,7.19,33.49,72.48,80.04,muskmelon,17199.68
83.87,46.9,54.48,7.16,27.57,75.96,207.65,jute,3126.44
13.82,142.51,197.47,5.98,6.62,63.41,146.49,apple,16695.39
7.69,128.93,195.82,5.8,18.25,55.15,190.12,apple,16801.09
0.65,146.24,197.02,5.81,13.21,76.14,141.41,apple,15595.44
31.4,59.27,82.46,6.61,18.22,25.72,45.04,chickpea,1253.32
14.14,19.33,12.54,7.33,19.19,77.82,91.35,orange,22758.39
20.22,53.0,33.06,6.99,21.49,77.46,85.04,grapes,16506.38
80.99,30.41,35.65,7.12,19.66,66.85,202.42,coffee,1256.26
118.88,12.99,55.28,6.38,37.68,63.76,87.31,muskmelon,16626.13
9.93,1.11,38.18,7.18,27.41,68.81,265.31,coconut,13073.3
22.48,38.13,34.6,7.38,27.44,68.98,71.36,mango,11812.49
35.22,35.62,44.05,6.99,36.52,73.33,153.78,mango,12422.39
39.25,25.11,39.85,7.4,32.8,62.57,112.37,mango,12019.69
2.47,1.61,40.24,6.64,29.12,69.49,156.82,coconut,11928.55
23.8,74.25,34.13,5.97,25.36,65.85,177.58,kidneybeans,1689.72
18.15,5.04,31.79,6.77,30.66,72.37,181.64,coconut,11858.74
100.69,63.64,144.54,6.59,29.92,81.27,233.27,banana,37243.19
43.58,68.28,86.13,7.79,20.74,37.25,46.09,chickpea,1364.97
96.35,21.22,34.3,6.46,17.21,74.66,265.51,coffee,1338.01
139.24,49.27,15.18,6.95,22.39,57.89,107.31,cotton,2467.95
114.24,57.73,35.91,6.28,26.99,50.84,113.62,maize,6282.1
87.84,54.03,58.78,7.73,33.67,92.95,202.8,jute,2955.46
20.02,73.1,20.48,7.49,36.58,55.43,105.68,pigeonpeas,1338.37
100.52,11.36,60.89,5.65,28.82,71.72,83.49,watermelon,30062.47
109.99,18.01,45.56,5.61,30.28,69.86,41.96,watermelon,30638.74
106.98,54.26,60.62,6.87,25.16,57.69,81.28,pomegranate,18213.74
89.19,65.15,102.49,6.91,27.45,85.19,169.98,banana,37543.02
113.94,19.41,49.18,6.9,33.24,76.53,88.86,muskmelon,18516.35
71.37,60.34,41.01,6.55,27.72,84.22,316.83,jute,3190.24
30.42,60.99,84.2,7.51,20.89,36.42,72.85,chickpea,1231.16
91.46,58.5,40.5,6.33,29.51,77.12,171.05,rice,4841.89
102.2,60.56,51.28,6.25,25.95,45.42,62.71,pomegranate,19263.38
22.12,65.78,19.39,7.99,23.18,41.36,72.23,lentil,1650.99
32.64,76.58,70.01,6.11,20.47,37.17,53.92,chickpea,1202.31
93.83,29.34,47.25,7.22,33.19,75.79,74.38,watermelon,29084.64
116.81,53.76,41.78,7.06,13.07,42.34,138.8,wheat,4158.5
86.74,50.0,35.72,6.68,19.72,63.43,125.53,maize,6509.39
22.28,60.0,23.76,7.24,17.04,46.74,40.99,lentil,1728.2
58.13,62.27,58.85,6.59,28.39,76.22,245.03,papaya,47199.3
92.69,59.06,45.82,6.27,23.84,93.72,174.69,rice,4933.51
113.73,72.12,248.72,6.72,32.22,77.47,266.52,banana,33574.96
35.41,56.12,82.83,7.14,20.06,23.68,97.05,chickpea,1369.04
39.58,74.25,87.94,7.65,17.76,22.29,41.86,chickpea,1340.42
15.35,56.01,33.37,6.82,24.69,53.99,152.55,kidneybeans,1527.45
28.46,60.88,23.78,6.2,30.1,57.19,171.73,pigeonpeas,1275.13
11.55,1.4,35.54,7.32,35.92,76.3,195.65,coconut,12920.44
135.94,55.07,49.11,6.1,10.58,56.34,83.9,wheat,3954.25
37.88,58.15,31.75,6.65,33.9,53.87,183.93,blackgram,1110.85
20.2,62.39,20.38,6.03,20.36,56.19,116.53,kidneybeans,1676.41
16.81,57.24,28.83,6.97,13.28,36.43,60.66,lentil,1608.91
110.76,52.64,38.25,6.79,33.02,55.89,129.54,maize,6168.68
23.77,62.46,22.51,6.21,39.79,55.77,96.07,pigeonpeas,1380.57
97.72,14.58,59.21,7.38,33.89,77.58,46.75,muskmelon,17849.11
29.69,58.62,23.42,6.59,21.11,50.88,116.17,kidneybeans,1645.33
103.85,23.65,62.34,7.42,39.95,67.21,32.29,watermelon,30137.4
101.56,60.41,68.88,6.82,31.26,48.56,127.59,pomegranate,17914.19
16.89,71.37,33.97,5.76,20.55,52.04,133.91,kidneybeans,1683.93
31.32,65.18,34.61,7.02,24.06,60.29,187.22,blackgram,1070.77
49.24,69.93,47.83,6.21,31.25,87.54,209.25,papaya,45062.71
29.89,62.05,30.16,3.58,24.75,40.88,48.82,mothbeans,850.82
10.67,1.63,46.67,6.29,31.2,93.67,149.48,coconut,12348.71
25.28,62.61,20.83,6.84,29.97,41.56,146.0,mungbean,1108.21
133.23,51.03,44.55,7.33,19.98,57.13,76.33,wheat,4013.47
25.25,60.62,33.56,6.82,30.93,44.32,75.57,mothbeans,894.18
31.83,58.99,22.21,6.17,24.99,52.34,119.11,blackgram,1099.3
101.72,46.68,32.25,5.64,23.72,70.11,96.3,maize,6950.5
20.82,51.34,31.24,5.76,24.98,60.64,155.45,grapes,17426.93
23.69,59.16,25.81,7.51,15.76,39.75,71.26,lentil,1735.42
47.84,62.5,26.3,6.43,28.7,63.64,82.05,blackgram,1117.18
104.96,16.31,56.67,6.22,36.23,64.29,51.64,muskmelon,19778.14
139.46,39.15,21.25,6.51,31.75,71.69,82.87,cotton,2540.25
119.18,13.06,51.94,6.34,39.76,57.1,37.82,watermelon,29698.91
94.35,25.18,51.68,7.29,37.27,61.9,47.87,watermelon,31018.96
113.32,59.38,55.22,7.24,28.03,55.02,65.96,pomegranate,16677.85
128.57,46.07,22.82,6.2,35.12,61.07,190.04,cotton,2962.02
105.28,44.56,18.14,7.93,32.19,64.51,196.9,cotton,2619.44
86.05,44.14,33.17,7.48,22.0,72.64,99.01,maize,6145.87
22.19,57.74,34.44,7.26,13.15,49.02,31.65,lentil,1650.5
92.71,11.97,49.99,6.81,25.23,55.19,63.05,watermelon,28556.84
18.56,17.14,6.95,7.06,23.42,78.53,113.13,orange,20351.72
24.33,58.24,24.41,4.68,27.87,44.02,49.76,mothbeans,957.95
107.86,47.32,41.31,7.21,32.38,50.47,91.52,pomegranate,16305.62
85.79,24.92,41.66,6.56,18.33,71.22,237.48,coffee,1194.42
25.67,62.52,33.73,4.23,26.15,36.01,79.78,mothbeans,842.84
44.35,69.01,19.98,6.35,31.52,52.99,159.82,blackgram,1121.35
30.1,39.31,48.11,7.08,31.9,71.42,142.15,mango,12163.67
25.04,55.9,23.35,6.42,24.79,35.32,27.64,lentil,1615.25
15.97,18.43,10.25,6.39,14.01,78.7,114.98,orange,20883.89
22.33,71.45,34.98,6.92,37.73,53.66,133.7,pigeonpeas,1304.82
12.66,4.7,32.78,6.42,36.62,86.18,225.32,coconut,12397.86
91.51,22.07,44.88,7.29,24.5,69.68,214.64,coffee,1099.56
100.16,13.52,53.93,6.7,34.31,71.86,61.15,muskmelon,17937.57
12.44,11.4,17.24,7.39,22.0,75.47,199.48,orange,22433.37
21.42,59.39,25.78,3.95,25.18,31.52,60.14,mothbeans,956.19
84.31,46.94,53.24,6.8,35.86,90.5,251.56,jute,3071.6
32.91,55.03,22.6,6.82,28.95,52.62,149.78,blackgram,1082.72
24.04,56.11,27.85,6.1,16.6,49.96,26.26,lentil,1768.34
138.8,53.46,41.39,6.44,18.15,52.48,114.37,wheat,3624.02
108.02,53.61,27.44,7.72,38.45,55.26,184.87,cotton,2569.52
35.18,30.85,42.08,5.82,28.58,63.65,73.48,mango,12414.1
3.46,144.87,195.18,6.71,0.55,58.53,135.55,apple,15837.04
45.06,59.33,87.55,6.55,16.93,44.41,44.11,chickpea,1286.64
31.23,26.15,38.49,5.67,33.19,45.74,123.75,mango,13091.82
29.89,54.19,29.4,3.56,33.96,37.31,51.07,mothbeans,909.69
16.32,48.53,35.15,5.64,16.04,76.01,148.02,grapes,15602.92
113.34,41.04,58.5,5.65,32.65,93.05,296.94,rice,4693.8
35.54,65.66,74.23,7.77,20.42,36.45,57.23,chickpea,1376.72
93.29,13.34,57.34,7.06,28.1,62.85,26.58,muskmelon,17865.66
14.33,135.19,204.04,6.79,12.44,62.49,124.78,apple,18619.76
42.96,69.45,76.35,6.51,29.82,25.17,85.32,chickpea,1416.62
32.06,58.74,77.67,7.31,23.76,21.85,97.09,chickpea,1268.45
53.02,57.26,64.28,6.82,32.24,87.22,155.94,papaya,44162.88
15.98,77.96,23.11,6.69,29.31,61.22,90.98,pigeonpeas,1250.83
22.64,59.95,26.72,4.65,25.14,29.05,50.04,mothbeans,988.71
9.4,125.43,196.68,6.35,10.3,62.48,130.79,apple,18117.17
3.2,14.05,6.4,6.25,22.39,72.7,176.01,orange,21185.13
17.21,76.36,22.44,7.49,33.45,50.82,131.96,pigeonpeas,1305.98
63.35,51.42,58.43,7.03,28.23,81.28,203.01,jute,2886.67
46.91,59.84,73.7,6.88,15.07,37.32,50.72,chickpea,1302.89
113.06,63.19,48.56,7.27,38.37,58.71,88.9,pomegranate,15928.33
27.22,53.3,25.51,6.6,24.38,25.46,40.29,mothbeans,950.85
22.38,71.2,30.62,6.44,35.2,57.13,154.01,pigeonpeas,1388.55
90.48,12.67,63.91,6.57,36.3,77.07,52.42,watermelon,28368.07
16.76,77.44,23.56,7.41,29.73,47.07,135.21,pigeonpeas,1340.89
24.03,74.96,24.37,6.36,27.69,51.42,111.21,mungbean,1091.58
116.81,54.09,28.33,7.77,25.82,69.54,151.94,cotton,2533.17
21.16,23.2,49.01,6.49,34.7,51.2,81.51,mango,10237.33
36.8,60.7,22.58,6.97,27.58,58.52,90.69,blackgram,1093.84
41.73,66.23,81.41,7.6,28.98,30.44,80.26,chickpea,1434.12
17.77,144.12,203.84,5.9,16.5,50.15,137.75,apple,14836.65
0.23,5.22,10.95,6.73,13.11,73.07,96.84,orange,20071.01
102.18,41.28,56.55,6.45,31.37,82.09,295.6,rice,5005.48
46.36,69.74,30.29,7.49,34.51,55.38,88.86,blackgram,1084.11
42.68,59.75,72.47,7.94,24.87,43.41,64.29,chickpea,1341.15
107.62,57.91,44.93,6.94,28.63,58.7,69.38,pomegranate,17943.27
20.23,57.96,33.37,7.49,18.23,37.7,59.37,lentil,1654.61
19.35,71.81,26.12,6.87,33.84,53.66,140.76,mungbean,1138.94
16.55,47.93,28.81,4.25,34.21,43.41,77.43,mothbeans,880.57
23.68,72.88,30.51,6.3,29.01,40.11,87.71,mungbean,1109.81
61.01,54.25,42.24,7.07,32.7,83.65,179.29,jute,3181.1
101.23,63.75,45.79,6.14,39.1,39.66,59.53,pomegranate,17651.19
111.67,56.77,25.97,6.17,29.11,63.74,73.5,maize,6060.55
82.29,56.02,58.56,6.66,30.47,91.76,156.02,rice,4661.05
20.68,68.94,23.92,6.2,25.94,55.42,67.56,mungbean,1107.98
104.52,11.92,57.02,7.04,37.36,74.04,58.74,muskmelon,19028.89
99.75,42.47,51.34,7.11,39.18,59.38,67.55,pomegranate,16818.9
100.75,77.36,78.84,6.69,33.07,75.72,126.54,banana,35544.18
40.25,76.76,83.45,6.73,15.3,21.48,54.63,chickpea,1351.59
73.75,46.31,59.4,6.59,25.69,90.82,328.07,jute,3025.52
32.51,65.3,87.03,6.49,19.0,40.21,49.13,chickpea,1311.23
16.37,11.48,10.19,7.34,14.96,88.44,118.38,orange,22243.02
29.72,39.5,33.71,5.83,14.55,69.25,89.35,grapes,17327.92
15.39,62.84,29.61,5.75,25.72,47.73,158.24,pigeonpeas,1230.3
104.47,28.05,53.28,5.88,30.72,73.32,63.27,watermelon,33357.54
39.58,63.39,74.7,6.02,20.09,26.4,70.03,chickpea,1360.92
27.38,72.23,23.85,6.67,33.48,58.21,73.22,mungbean,1100.87
106.57,48.13,56.28,5.75,20.34,76.8,258.35,rice,5187.52
34.21,44.09,49.65,5.78,25.45,59.15,66.27,grapes,17563.5
27.34,76.18,24.14,6.93,33.69,55.61,199.07,pigeonpeas,1290.49
42.14,79.79,81.37,6.23,15.68,39.76,59.65,chickpea,1420.06
53.25,58.41,50.98,6.18,34.39,80.03,192.33,papaya,47764.34
4.0,132.62,197.71,6.93,4.34,75.76,161.56,apple,17566.62
45.09,63.64,22.55,6.21,22.02,52.27,91.41,blackgram,1095.63
8.88,7.07,42.54,6.41,29.6,64.01,268.04,coconut,13477.51
99.85,26.73,39.07,6.41,21.21,75.9,190.53,coffee,1380.58
49.24,63.31,24.59,7.38,30.23,65.25,123.66,blackgram,1066.98
36.69,61.02,86.47,6.79,26.08,31.01,36.43,chickpea,1362.83
103.85,49.24,47.19,7.04,25.18,41.72,95.14,pomegranate,17979.81
97.8,54.77,27.21,6.08,21.45,72.8,171.93,maize,6713.21
111.53,65.03,50.86,6.93,14.52,47.76,146.68,wheat,3944.07
18.38,16.75,14.05,6.19,15.44,72.52,156.81,orange,20513.09
85.87,57.22,56.46,6.31,32.29,76.86,209.17,rice,4962.41
31.65,74.95,29.95,6.89,27.37,56.73,174.55,blackgram,1009.99
4.71,9.49,33.11,7.08,28.78,93.71,257.21,coconut,11292.15
15.34,70.53,26.62,6.02,23.72,63.72,131.06,kidneybeans,1650.38
116.04,22.65,64.63,7.43,33.87,66.7,39.96,watermelon,30004.32
45.33,69.58,21.49,6.71,23.26,64.32,173.13,blackgram,1081.22
96.04,13.22,45.68,7.12,29.5,71.64,29.65,muskmelon,16861.13
105.95,46.74,64.19,6.73,25.85,43.95,122.97,pomegranate,17556.72
51.97,69.01,50.52,6.12,31.08,94.22,256.5,papaya,45617.72
60.64,52.51,58.39,6.65,28.79,87.32,297.38,jute,2872.82
18.52,14.12,8.06,6.29,26.44,87.96,137.94,orange,21423.06
18.81,68.96,34.87,7.62,12.71,49.57,30.71,lentil,1488.59
29.25,62.48,24.51,7.26,26.6,57.09,179.05,pigeonpeas,1262.5
15.73,59.46,31.5,6.72,25.87,45.36,89.17,mungbean,1077.62
115.72,14.13,63.7,6.35,26.51,57.33,52.89,watermelon,29136.69
116.54,66.48,40.13,7.45,21.77,64.19,133.81,wheat,4073.15
104.59,48.35,51.44,5.73,31.1,76.5,259.47,rice,5129.96
83.82,39.47,30.07,7.19,15.17,71.41,200.57,coffee,1166.57
40.4,64.37,34.32,7.43,31.16,65.2,186.88,blackgram,1092.14
123.08,52.03,17.06,6.56,26.1,71.02,169.42,cotton,2696.6
30.53,67.82,71.67,6.55,29.89,37.62,33.55,chickpea,1344.2
102.45,18.38,63.1,6.63,38.17,72.34,20.87,muskmelon,19106.64
55.16,63.22,64.64,6.71,28.9,85.5,249.28,papaya,45881.14
17.12,55.64,24.85,7.0,29.5,56.78,64.28,mungbean,1069.91
17.57,13.17,8.21,6.86,11.69,74.41,153.24,orange,21449.36
24.55,62.83,24.32,6.55,21.81,35.63,64.32,lentil,1781.83
87.81,62.41,20.52,6.54,23.44,55.63,126.02,maize,5513.28
37.57,30.33,30.26,6.89,24.82,59.43,94.97,mango,11191.99
86.77,60.48,36.35,7.25,18.78,74.81,94.69,maize,6123.29
104.43,62.17,54.18,6.6,10.76,63.08,138.37,wheat,3928.94
97.78,25.45,64.76,7.41,33.69,58.79,38.35,watermelon,30207.47
27.28,68.76,18.52,6.0,20.6,57.21,111.74,kidneybeans,1721.26
113.4,28.31,44.59,6.85,22.88,87.88,292.26,coffee,1190.74
1.6,132.57,204.48,5.73,20.11,75.38,152.26,apple,17152.53
87.43,75.8,76.82,6.5,32.79,82.72,148.87,banana,33067.44
32.38,74.74,80.99,6.26,15.52,25.61,48.26,chickpea,1315.5
115.32,14.59,47.09,5.65,26.53,71.4,59.15,watermelon,31956.21
101.97,20.44,57.52,6.65,38.99,65.04,35.7,muskmelon,18743.54
95.4,52.79,45.33,5.71,27.17,83.34,184.89,rice,5043.73
19.72,19.58,10.77,7.11,22.51,67.5,108.21,orange,19674.84
97.82,76.68,155.72,6.46,31.75,82.99,197.21,banana,36590.25
94.4,36.56,30.91,6.79,18.09,89.87,290.18,coffee,1189.07
92.37,49.38,66.27,5.61,33.49,49.08,95.12,pomegranate,16163.19
38.64,22.22,35.77,7.02,34.48,60.13,72.09,mango,10985.8
18.78,67.86,26.69,6.93,25.86,57.93,194.69,kidneybeans,1854.04
110.31,55.74,35.75,6.0,28.73,53.84,110.93,maize,6621.62
99.12,39.19,39.07,6.17,27.41,84.14,260.49,coffee,1262.17
21.44,69.48,19.18,5.8,39.03,46.71,144.67,pigeonpeas,1372.67
20.42,22.74,44.24,6.16,24.83,54.03,81.4,mango,10166.54
30.48,67.54,84.65,6.38,21.66,33.31,81.49,chickpea,1286.81
17.68,62.53,32.72,7.61,13.62,43.71,51.09,lentil,1594.21
110.92,40.46,19.87,6.29,24.42,68.61,176.44,cotton,2706.92
4.37,2.25,42.06,6.12,32.5,69.18,197.54,coconut,12620.69
31.21,77.02,81.59,7.58,18.94,23.05,79.17,chickpea,1314.9
26.27,57.56,33.43,5.32,30.97,33.23,46.37,mothbeans,898.62
110.99,74.82,110.9,6.23,33.45,92.6,242.11,banana,34695.29
0.94,135.13,196.11,6.6,14.52,63.54,197.28,apple,15641.63
92.65,49.95,24.92,7.5,21.9,70.77,82.28,maize,6703.0
13.68,19.07,6.76,7.16,15.64,81.99,91.6,orange,18768.38
113.62,12.42,49.52,6.41,38.44,65.76,49.8,muskmelon,18044.97
130.44,66.86,36.14,7.17,15.65,47.58,67.3,wheat,4054.67
1.11,19.52,5.81,7.23,21.31,75.19,169.59,orange,18547.08
90.98,39.74,35.91,6.96,20.31,77.52,193.16,coffee,1293.2
96.35,18.34,64.09,7.42,31.5,70.73,30.56,muskmelon,17905.02
129.92,57.1,35.26,6.42,14.96,46.86,131.19,wheat,3933.86
26.44,49.53,33.1,5.82,13.21,62.5,166.34,grapes,18553.79
110.5,45.41,47.28,5.97,22.36,77.96,290.42,rice,4980.52
90.96,33.68,42.2,6.25,24.39,70.94,177.1,coffee,1315.86
85.12,27.02,28.63,6.87,27.25,65.74,224.17,coffee,1270.3
94.52,28.72,51.81,6.87,34.0,57.4,80.51,watermelon,30935.05
105.36,11.17,58.21,5.51,27.53,58.9,53.81,watermelon,32700.01
119.72,32.1,41.81,7.48,17.91,88.12,269.17,coffee,1257.04
29.28,59.84,19.64,7.6,20.23,42.61,78.53,lentil,1654.3
23.28,71.56,30.29,7.06,33.15,45.53,149.36,mungbean,1114.2
96.86,32.66,42.99,7.14,15.29,68.67,204.48,coffee,1280.97
57.27,66.54,51.66,6.46,34.59,85.2,150.9,papaya,44642.39
19.05,125.1,205.26,5.73,0.88,54.49,163.47,apple,15521.47
109.06,60.06,54.82,6.02,18.35,52.81,130.74,wheat,3903.31
82.21,46.97,57.3,5.55,25.95,93.9,157.63,rice,4700.27
109.47,15.01,51.39,6.46,33.06,78.09,54.63,watermelon,31609.84
28.51,63.71,29.66,5.93,37.35,60.89,104.71,pigeonpeas,1218.46
88.66,61.19,44.39,6.4,33.91,71.99,269.87,jute,2918.06
105.12,13.87,50.02,6.68,31.09,60.6,27.39,muskmelon,17863.04
108.58,15.68,45.95,6.85,35.88,76.57,91.29,watermelon,32273.21
134.52,55.82,52.63,7.09,21.98,56.61,134.63,wheat,4095.14
27.99,35.05,48.27,6.13,28.27,61.37,123.09,mango,12019.73
66.29,64.48,45.61,7.89,31.43,71.75,269.0,jute,3134.27
30.14,32.87,45.87,5.77,24.57,74.19,165.19,mango,12908.02
99.29,22.64,39.2,7.5,18.93,88.12,259.49,coffee,1250.49
18.42,64.74,30.09,6.07,23.45,50.79,67.76,lentil,1578.75
1.09,132.82,197.37,5.82,3.75,70.77,142.13,apple,17468.64
97.36,19.84,48.35,5.53,34.01,63.44,54.16,watermelon,32332.94
25.98,70.61,31.94,7.13,30.85,64.54,92.84,pigeonpeas,1349.13
112.36,59.49,41.61,6.48,33.07,87.68,214.35,rice,4790.96
19.83,132.99,208.09,6.5,0.21,61.74,139.41,apple,15251.27
7.77,5.38,34.79,6.96,35.09,82.4,280.62,coconut,13199.07
95.08,28.57,50.55,6.32,24.72,68.44,43.21,watermelon,29868.62
19.23,145.87,200.74,6.48,0.51,50.63,131.86,apple,16287.13
53.04,54.22,46.87,6.09,33.5,79.56,291.05,papaya,45874.89
45.73,56.51,51.36,6.17,34.71,89.95,297.0,papaya,44299.05
31.74,64.78,70.91,6.67,29.42,32.69,87.59,chickpea,1279.06
81.44,48.37,49.48,5.84,28.59,86.32,255.3,rice,5048.05
29.92,71.29,26.27,6.52,20.72,64.89,113.43,kidneybeans,1782.51
14.95,0.56,48.98,6.81,28.71,88.61,264.74,coconut,11103.66
49.46,67.47,32.13,6.03,31.95,59.7,156.49,blackgram,988.36
15.19,55.2,32.89,5.63,29.5,43.52,38.61,mothbeans,866.91
117.42,41.19,44.3,6.38,22.93,88.59,182.11,rice,4639.76
113.75,68.99,41.48,6.85,13.86,55.5,96.7,wheat,3835.56
16.97,9.88,7.42,6.41,12.43,75.12,94.02,orange,20289.65
102.79,19.31,51.8,6.48,36.98,78.33,57.63,muskmelon,19540.95
23.96,74.49,22.27,6.99,30.06,43.54,117.92,mungbean,1089.1
47.87,58.32,87.57,7.68,28.07,23.79,38.18,chickpea,1276.73
23.67,68.79,32.68,6.54,29.6,52.72,88.28,mungbean,1117.14
40.27,60.21,64.9,6.41,27.74,76.32,227.28,papaya,41958.87
108.88,55.62,68.45,6.49,38.39,35.9,105.88,pomegranate,17256.13
56.34,66.46,62.19,6.52,27.42,88.16,293.2,papaya,43242.48
14.57,140.97,196.37,5.57,9.47,68.99,189.36,apple,16471.05
16.67,69.4,28.28,7.26,37.71,64.11,120.04,pigeonpeas,1343.04
124.01,37.67,28.01,7.92,24.15,68.84,145.99,cotton,2632.29
93.5,66.22,71.88,5.67,29.96,77.78,144.69,banana,36016.53
111.27,48.56,52.76,6.78,29.47,81.95,249.38,rice,5256.52
23.51,67.37,32.47,6.41,26.52,67.44,134.87,kidneybeans,1866.93
32.41,67.24,27.94,6.81,28.3,63.28,180.74,blackgram,1092.77
17.83,4.64,39.68,7.21,31.6,87.56,289.75,coconut,12744.37
85.49,53.07,48.97,6.09,33.13,94.51,280.93,rice,4958.04
3.21,120.66,197.33,6.44,24.64,79.1,174.57,apple,15202.11
31.62,50.33,49.88,6.5,13.15,70.32,175.99,grapes,15927.59
90.66,75.95,51.5,6.69,28.93,75.1,269.41,banana,32226.15
105.18,16.09,58.95,6.82,38.54,60.99,21.86,muskmelon,18869.95
25.03,78.02,27.36,6.85,26.16,68.86,107.55,pigeonpeas,1231.2
62.89,56.29,47.06,7.46,35.41,87.81,167.66,jute,3046.99
77.56,64.27,45.62,6.83,32.62,92.85,308.23,jute,3174.72
94.32,22.42,56.62,7.31,35.46,58.02,58.34,watermelon,32071.58
83.42,37.99,26.72,7.12,22.66,75.15,288.52,coffee,1182.48
22.77,30.94,31.77,5.94,28.02,62.37,142.13,mango,11558.1
90.42,70.82,208.47,6.39,29.56,81.72,109.02,banana,35582.06
9.21,0.8,36.04,5.86,36.39,68.51,201.28,coconut,12977.8
19.58,46.91,26.87,3.93,32.5,26.23,53.23,mothbeans,933.1
103.57,68.29,196.78,6.33,26.39,89.09,215.9,banana,38539.62
115.57,54.94,52.18,6.45,13.15,47.73,70.31,wheat,4136.42
119.99,45.63,25.61,6.38,22.57,67.3,127.33,maize,5792.99
4.36,19.74,18.39,6.78,20.65,75.99,104.73,orange,19358.05
14.5,3.05,38.84,6.99,34.22,84.23,101.59,coconut,12853.31
39.91,68.4,28.9,6.54,31.17,55.79,178.61,blackgram,1140.75
2.67,133.93,203.88,6.65,2.86,74.72,185.06,apple,18608.94
50.97,60.44,58.84,6.43,33.81,74.18,213.29,papaya,49209.01
24.08,64.74,22.43,4.31,25.95,38.79,52.45,mothbeans,897.05
125.89,41.94,26.18,7.24,28.35,40.46,142.94,cotton,2639.2
93.13,50.71,56.97,6.48,32.07,85.65,244.94,rice,5076.87
36.39,55.76,33.73,7.49,23.65,63.71,125.27,blackgram,1048.05
101.82,24.25,60.33,7.21,29.35,78.84,22.42,muskmelon,18224.13
48.97,56.21,22.6,7.38,31.56,61.56,155.91,blackgram,970.97
108.12,52.68,59.64,6.43,27.16,90.23,285.5,rice,4748.79
42.25,60.49,56.11,6.13,34.64,85.95,183.58,papaya,47494.98
97.66,21.06,36.19,6.84,21.9,82.86,184.22,coffee,1254.91
100.03,54.7,59.2,7.39,36.7,45.71,104.86,pomegranate,18184.86
22.28,30.96,48.31,7.07,29.23,70.65,130.34,mango,11970.93
42.53,63.74,19.49,7.48,25.18,60.22,156.75,blackgram,1138.37
109.01,56.6,44.42,6.72,24.96,42.86,135.2,wheat,4313.94
47.71,61.76,22.33,7.34,23.9,51.19,110.85,blackgram,1071.03
118.06,68.67,40.92,6.27,32.89,48.49,119.9,pomegranate,14945.88
21.32,66.08,24.48,7.48,34.28,58.62,69.85,pigeonpeas,1307.99
29.33,50.55,39.17,5.76,28.07,69.78,187.33,grapes,18177.29
25.58,65.02,32.66,6.27,27.99,56.7,99.45,pigeonpeas,1249.07
106.23,45.5,41.3,5.58,28.73,75.43,277.32,rice,5040.53
6.0,7.87,45.83,6.48,28.24,76.29,279.21,coconut,12494.01
98.58,51.34,64.73,6.86,34.67,51.8,92.77,pomegranate,17726.51
119.98,58.68,56.01,7.07,25.96,55.23,114.46,pomegranate,16869.96
26.2,46.47,44.48,6.07,23.51,60.98,73.69,grapes,18083.29
21.12,27.54,41.23,6.96,33.17,49.45,79.77,mango,11994.97
97.01,12.82,50.35,6.87,31.51,60.82,47.12,muskmelon,16834.5
84.86,75.91,132.5,6.54,25.3,90.56,145.9,banana,33315.88
9.13,120.98,209.56,6.41,1.88,55.72,173.64,apple,15830.68
48.69,63.69,20.27,6.02,28.91,67.21,104.83,blackgram,1091.15
117.6,67.39,45.04,5.98,34.03,43.43,112.13,pomegranate,15572.79
101.41,74.52,217.79,6.76,27.99,92.06,164.73,banana,37911.67
18.34,61.69,31.43,5.98,29.24,49.54,196.61,pigeonpeas,1241.8
83.49,62.73,50.43,7.32,36.4,86.89,183.41,jute,3076.34
109.47,40.04,15.62,7.23,35.35,50.21,142.16,cotton,2447.15
18.65,66.02,25.21,6.45,29.37,64.76,95.14,pigeonpeas,1330.42
94.65,24.22,35.49,6.86,20.94,86.02,173.37,coffee,1342.56
23.95,58.78,29.11,5.49,34.63,34.45,73.01,mothbeans,954.92
132.98,46.66,16.29,6.33,23.66,56.23,97.17,cotton,2749.42
38.34,20.08,47.52,6.58,25.97,70.68,139.8,mango,9822.64
44.24,58.36,64.69,6.79,31.97,76.96,264.46,papaya,46094.03
86.57,25.63,34.6,6.98,17.8,70.82,195.28,coffee,1274.16
119.41,18.8,52.49,7.45,39.07,78.17,72.62,watermelon,33048.67
17.55,62.17,20.48,7.15,32.17,55.92,127.32,mungbean,1123.34
111.93,62.18,27.7,7.49,20.59,62.97,127.1,maize,6108.89
13.57,132.86,197.34,5.6,18.23,71.12,146.15,apple,17624.45
28.03,66.88,29.83,6.82,36.57,54.15,72.05,pigeonpeas,1279.33
42.85,67.21,72.64,7.8,23.2,27.13,91.45,chickpea,1413.17
31.71,44.11,35.83,6.66,25.46,60.86,186.19,grapes,16682.76
115.2,14.89,52.59,6.82,34.77,66.57,60.36,watermelon,30926.61
0.53,129.03,197.66,6.96,3.26,68.82,140.19,apple,15707.95
20.28,32.63,38.63,5.79,26.8,73.1,78.61,mango,11610.08
33.92,57.89,34.31,7.31,31.73,68.98,135.44,blackgram,1023.62
41.97,61.19,73.11,7.07,25.43,24.89,60.55,chickpea,1315.88
19.88,10.41,15.21,6.95,12.84,74.7,197.68,orange,20790.55
49.0,56.89,77.19,6.02,29.72,42.57,31.96,chickpea,1279.56
37.88,55.44,72.29,6.54,17.4,38.3,37.39,chickpea,1324.61
0.52,19.06,7.52,6.56,26.09,67.0,80.52,orange,18447.37
102.51,40.53,54.87,6.78,27.45,84.32,150.82,rice,5066.46
58.01,68.52,49.88,6.1,30.72,71.6,184.46,papaya,42992.08
118.97,22.96,51.48,7.09,28.91,62.72,52.17,muskmelon,17050.66
99.65,67.19,45.55,6.07,37.4,38.03,54.52,pomegranate,17132.01
109.44,37.19,38.17,6.8,17.37,74.36,162.69,coffee,1155.89
29.28,78.13,30.74,5.54,32.21,67.4,123.54,pigeonpeas,1191.4
78.22,47.43,52.5,8.0,25.6,81.85,334.88,jute,3165.13
16.72,3.83,34.25,5.67,29.53,84.41,225.25,coconut,12281.14
86.63,54.76,43.81,6.69,28.72,84.5,230.24,jute,3092.71
32.1,50.19,40.06,5.51,22.67,53.02,194.61,grapes,18066.09
21.12,49.24,36.84,6.73,18.2,68.87,192.71,grapes,18895.8
113.7,55.77,39.83,6.12,17.45,62.19,113.02,wheat,4146.63
19.85,64.2,23.71,6.36,18.74,48.72,51.03,lentil,1667.61
81.97,46.36,40.75,7.43,32.22,93.11,285.09,jute,2998.65
13.22,18.43,16.3,6.2,14.97,78.39,111.71,orange,21287.43
39.15,71.51,87.75,7.19,27.37,25.57,54.7,chickpea,1393.17
39.22,20.58,44.5,6.02,28.43,52.21,177.97,mango,10731.68
32.91,51.21,44.47,6.38,13.92,67.56,67.11,grapes,15718.44
106.18,53.13,17.39,6.57,28.7,63.9,71.43,cotton,2537.43
85.0,50.09,54.9,6.45,32.77,78.1,260.19,rice,4975.75
0.49,132.24,202.85,6.48,19.08,79.06,183.89,apple,16949.29
18.33,43.0,46.79,6.91,15.13,55.18,63.28,grapes,16976.08
16.06,69.23,21.17,6.4,26.7,46.12,144.71,mungbean,1126.94
23.87,76.62,28.07,7.4,29.72,54.95,196.99,pigeonpeas,1336.69
18.13,143.04,202.8,5.53,8.46,64.83,125.02,apple,16194.24
23.02,50.79,31.33,5.7,26.0,74.28,142.66,grapes,16783.63
47.76,62.48,84.07,6.81,24.0,44.95,98.92,chickpea,1307.29
28.77,41.22,35.85,6.83,28.61,62.06,187.87,grapes,17934.67
41.37,62.5,21.89,6.87,22.02,55.53,155.29,blackgram,1116.06
8.25,6.98,47.6,5.94,35.77,94.23,225.14,coconut,11431.66
26.73,36.72,48.44,7.01,30.27,52.53,138.25,mango,11338.75
43.05,70.06,79.2,6.69,25.48,44.52,59.73,chickpea,1433.83
88.54,58.53,42.18,7.56,31.29,74.72,187.45,jute,3063.76
17.04,45.03,47.39,6.16,11.29,67.34,190.11,grapes,17981.63
107.99,55.85,54.44,7.06,19.16,47.69,79.91,wheat,3815.21
90.84,20.75,36.21,6.88,24.04,78.13,227.36,coffee,1273.71
58.58,61.39,51.16,6.81,26.39,73.8,259.67,papaya,45550.14
130.36,36.2,28.05,7.68,36.04,54.41,148.52,cotton,2547.58
22.4,59.0,18.69,7.07,19.74,52.83,50.07,lentil,1709.64
115.03,61.31,44.35,6.15,33.3,53.29,116.35,pomegranate,16013.14
37.12,67.45,24.96,7.19,34.41,55.41,136.3,blackgram,1116.28
29.78,43.09,30.14,6.47,23.56,77.06,81.64,grapes,15752.46
116.29,56.49,27.92,6.33,28.29,69.01,139.01,maize,6268.16
30.05,67.42,88.98,7.15,20.59,20.77,94.05,chickpea,1328.32
122.75,39.41,20.65,7.1,22.34,62.39,179.68,cotton,2897.64
27.74,67.33,30.21,6.28,12.67,41.82,49.7,lentil,1530.89
33.35,64.07,83.76,7.03,23.96,26.27,95.29,chickpea,1336.18
20.87,27.87,35.16,7.1,26.93,69.79,110.6,mango,10783.57
22.44,59.4,24.85,6.26,33.59,40.47,121.52,mungbean,1151.1
40.76,58.61,46.62,6.41,30.61,84.84,288.72,papaya,44088.69
4.68,10.15,16.99,6.92,12.32,68.1,162.46,orange,23023.37
15.14,49.63,18.72,5.0,33.24,39.76,69.45,mothbeans,834.38
123.01,51.86,51.89,6.26,21.47,49.01,128.28,wheat,3863.37
109.46,24.01,55.92,5.87,27.97,67.33,44.28,watermelon,32225.8
17.08,139.92,204.3,5.64,6.47,58.29,143.44,apple,18218.74
106.94,47.04,38.3,6.11,21.37,73.86,173.48,maize,5987.55
15.67,42.02,49.63,6.61,19.54,75.87,63.23,grapes,16724.82
32.41,55.7,76.96,7.13,20.27,43.55,47.83,chickpea,1266.3
80.62,51.44,44.72,7.19,32.02,90.31,233.21,jute,3176.88
46.99,66.72,28.78,6.76,34.07,58.43,125.51,blackgram,1095.15
113.16,52.14,50.67,6.14,39.71,49.29,134.31,pomegranate,16919.26
130.41,49.36,27.17,6.4,32.43,60.8,192.43,cotton,2629.21
84.06,39.15,44.1,6.23,17.56,74.1,217.6,coffee,1134.2
118.94,12.96,50.67,6.55,30.89,65.65,45.2,watermelon,29785.38
18.53,56.06,28.47,6.5,31.95,54.01,100.99,mungbean,1080.57
4.54,130.42,200.92,6.09,14.04,51.82,177.92,apple,17147.14
56.61,65.87,58.58,6.26,33.56,76.99,258.73,papaya,47388.02
80.95,35.42,44.33,6.2,18.76,86.17,256.3,coffee,1066.05
101.25,11.76,45.95,7.17,30.14,76.51,62.11,watermelon,30625.05
119.92,43.94,29.16,7.99,39.12,65.86,143.84,cotton,2755.79
107.59,25.22,29.76,6.9,16.08,81.72,215.91,coffee,1272.88
50.09,50.81,49.3,7.0,30.53,71.96,193.93,papaya,44833.11
101.9,51.67,42.81,6.39,12.55,63.83,69.54,wheat,3762.05
137.46,42.28,15.75,6.27,38.05,45.25,122.64,cotton,2528.59
111.34,52.01,27.67,6.34,24.19,61.02,92.68,cotton,2518.81
85.03,53.84,26.89,7.38,28.67,63.01,171.73,maize,6361.94
72.28,56.26,46.03,7.23,33.86,92.32,249.22,jute,3295.03
11.47,143.17,198.75,5.84,17.66,73.58,174.18,apple,18489.41
108.44,11.43,61.34,7.02,30.43,61.73,79.67,watermelon,29666.16
95.13,56.7,44.26,5.51,28.57,94.88,155.8,rice,5168.53
28.1,69.61,34.76,7.25,32.66,46.73,95.31,pigeonpeas,1265.27
106.63,28.71,55.24,6.04,31.55,67.2,47.76,watermelon,33089.57
97.26,40.33,65.49,7.41,35.23,45.19,96.22,pomegranate,16237.55
55.98,66.65,51.32,6.78,29.53,78.71,284.01,papaya,44099.35
0.09,140.77,209.35,5.87,0.22,72.6,177.01,apple,16035.3
23.65,63.36,29.87,7.12,29.9,41.99,128.95,mungbean,1158.47
115.82,42.8,16.93,6.16,23.45,41.83,64.64,cotton,2790.72
97.74,64.44,148.09,5.87,33.32,89.42,281.32,banana,38628.17
25.68,24.86,48.0,7.29,31.51,67.05,199.95,mango,11892.09
29.5,73.56,27.08,6.1,16.31,61.81,170.05,kidneybeans,1726.58
27.52,45.2,24.96,6.4,24.0,35.67,42.97,mothbeans,891.76
28.82,49.21,33.88,6.32,16.12,51.5,103.62,grapes,17696.0
28.09,41.09,47.85,6.13,15.52,77.69,110.14,grapes,17073.59
112.94,76.88,225.97,6.33,30.95,89.54,139.8,banana,31913.66
19.25,67.31,33.39,6.69,30.54,48.46,123.68,mungbean,1079.4
96.05,23.8,52.41,6.93,30.68,64.97,63.33,muskmelon,16627.45
26.91,37.32,38.63,6.5,24.35,59.74,189.98,grapes,17725.7
22.98,40.86,33.26,5.55,13.82,64.9,153.35,grapes,18352.67
95.21,28.97,62.82,6.98,32.17,64.61,79.24,watermelon,29670.28
119.76,38.41,19.38,6.9,39.74,61.3,192.28,cotton,2754.31
32.1,48.31,46.49,5.98,29.9,60.72,109.52,grapes,17132.56
97.0,46.87,28.58,6.29,23.12,53.45,151.83,maize,6633.2
35.22,36.49,36.42,7.45,32.6,68.21,181.65,mango,11373.17
12.32,4.86,45.44,6.29,31.67,66.83,124.84,coconut,12850.24
98.91,59.0,46.85,5.77,30.17,91.92,156.04,rice,4991.28
110.75,15.27,59.73,6.8,37.23,62.28,48.33,muskmelon,18110.0
107.68,62.77,186.19,6.41,28.34,79.17,277.02,banana,35821.8
18.19,13.49,13.86,6.43,18.7,75.66,194.09,orange,20947.88
92.38,20.89,55.81,6.07,29.47,71.9,50.48,watermelon,32050.25
93.82,45.59,62.62,7.33,28.23,46.52,63.16,pomegranate,15090.68
37.72,55.59,86.37,6.41,20.09,35.71,37.0,chickpea,1290.73
17.27,55.21,22.22,6.08,32.54,32.94,62.92,mothbeans,924.53
37.18,70.59,88.9,7.33,29.32,24.69,73.32,chickpea,1387.63
15.15,44.25,44.81,6.68,13.11,53.17,85.96,grapes,17590.36
98.97,26.08,42.69,6.57,26.91,78.31,242.14,coffee,1284.1
47.63,72.75,18.04,6.96,23.22,66.2,184.34,blackgram,952.17
86.86,56.96,50.49,6.46,29.71,85.01,323.02,jute,3214.75
29.76,69.92,27.55,6.14,19.37,54.05,75.54,lentil,1599.65
136.91,61.36,49.09,6.22,18.0,56.84,95.62,wheat,3998.9
27.95,67.96,34.21,6.2,15.85,44.26,58.5,lentil,1537.95
131.98,67.75,35.98,7.13,15.32,56.21,101.4,wheat,3798.56
33.43,58.07,81.74,7.01,26.14,42.31,47.27,chickpea,1342.86
39.66,20.56,30.63,6.12,34.97,74.34,85.41,mango,9747.0
5.21,8.5,33.01,5.57,35.53,73.12,217.75,coconut,12090.76
82.85,34.0,40.98,7.32,24.8,77.67,281.07,coffee,1106.31
16.59,50.42,32.23,6.01,20.99,65.94,185.04,grapes,16263.96
13.99,127.66,197.75,6.27,5.87,70.99,184.27,apple,17539.1
46.5,59.1,20.62,6.09,29.57,59.74,84.21,blackgram,1062.95
28.75,58.7,29.2,6.25,30.31,54.83,63.06,mungbean,1094.33
34.11,68.83,84.04,7.76,15.77,44.33,79.27,chickpea,1377.62
103.71,29.62,28.45,6.88,15.46,73.33,243.02,coffee,1411.67
108.18,54.93,67.89,7.17,35.86,59.56,109.04,pomegranate,18745.35
93.23,58.61,40.97,6.19,30.67,78.01,157.11,rice,4845.23
0.82,123.61,203.95,6.28,16.87,67.15,149.72,apple,15380.95
91.82,24.22,64.31,7.34,39.87,76.61,85.25,muskmelon,15893.5
93.96,65.82,146.38,5.98,25.73,81.24,143.78,banana,38121.75
24.92,60.3,32.18,7.02,13.21,38.96,20.8,lentil,1719.28
12.65,3.65,37.79,6.92,35.44,89.08,146.22,coconut,12945.1
125.54,46.82,27.68,6.11,35.26,46.31,62.85,cotton,2784.96
36.41,38.44,36.16,7.35,34.41,66.83,195.99,mango,11805.85
82.59,76.26,115.72,6.37,26.05,85.11,226.37,banana,34896.71
95.01,65.99,241.39,6.68,34.23,89.68,265.8,banana,36999.63
17.0,56.1,34.6,6.74,32.3,55.46,91.71,mungbean,1034.57
42.36,63.38,51.52,6.03,29.37,89.61,200.96,papaya,44581.15
16.67,55.81,28.23,7.03,29.03,41.81,93.61,mungbean,1093.42
92.05,48.41,44.96,7.42,37.27,36.96,93.64,pomegranate,16228.65
42.76,66.9,32.6,6.47,23.78,65.98,198.46,blackgram,1155.6
21.69,68.95,25.48,7.82,17.32,41.93,26.44,lentil,1620.19
48.04,56.22,86.77,7.02,25.53,42.17,70.39,chickpea,1273.76
23.23,23.4,45.13,5.63,27.71,74.43,131.87,mango,10530.19
15.48,62.73,32.99,5.77,16.7,57.31,142.82,kidneybeans,1705.06
104.84,42.4,61.55,7.09,33.24,57.33,131.11,pomegranate,17947.55
42.1,63.98,22.46,6.37,32.42,55.59,70.75,blackgram,1134.24
125.9,52.7,43.82,7.34,10.54,61.38,66.32,wheat,4136.62
40.75,61.37,76.43,7.03,23.13,20.34,97.16,chickpea,1423.66
16.05,71.45,33.71,6.29,39.4,50.52,79.26,pigeonpeas,1243.13
124.84,58.27,44.4,6.44,16.6,57.14,53.99,wheat,4276.11
35.17,67.14,33.84,7.17,31.69,56.6,84.52,blackgram,1070.79
22.51,59.0,25.78,6.77,24.61,53.26,167.34,kidneybeans,1843.09
90.44,44.87,45.66,6.77,38.36,36.59,122.46,pomegranate,15063.96
89.13,25.29,37.19,7.43,21.27,79.1,245.98,coffee,1319.2
15.33,56.09,21.37,6.86,31.24,46.5,147.57,mungbean,1031.71
21.65,21.27,39.38,7.39,25.37,53.21,177.91,mango,11122.35
4.0,145.0,206.69,6.06,24.09,54.81,102.0,apple,16658.8
42.42,61.37,20.02,6.87,31.61,61.17,70.47,blackgram,1108.08
118.74,21.2,64.32,7.23,33.51,66.78,63.62,watermelon,29557.06
29.92,71.03,34.99,6.83,29.97,58.35,134.79,mungbean,1008.32
2.57,126.65,209.23,5.51,7.68,54.63,157.04,apple,15531.37
87.86,22.64,43.63,6.22,27.86,79.97,224.85,coffee,1111.79
23.87,28.39,34.84,6.85,30.73,69.81,197.57,mango,12096.93
16.55,67.7,31.47,5.9,23.7,53.4,128.48,kidneybeans,1766.56
41.32,57.95,30.17,6.73,23.44,61.14,188.39,blackgram,1135.66
116.98,54.55,54.16,7.12,30.03,58.43,71.31,pomegranate,18161.59
33.22,75.35,80.21,7.7,16.31,21.07,74.59,chickpea,1356.18
41.77,70.91,28.01,6.79,33.02,50.22,150.18,blackgram,1115.6
52.9,65.46,54.77,6.58,34.62,89.19,200.07,papaya,45808.1
90.71,10.53,59.26,6.98,30.5,78.02,68.16,muskmelon,15178.64
97.03,14.25,63.71,6.34,39.16,76.49,61.56,watermelon,30553.54
45.53,69.95,49.17,6.31,26.68,93.88,235.71,papaya,42209.04
25.16,75.47,25.16,6.02,26.3,64.42,121.06,pigeonpeas,1363.0
21.62,55.26,26.28,7.01,29.3,55.17,123.5,mungbean,1138.49
29.03,57.41,21.57,6.12,13.94,42.1,45.27,lentil,1585.9
15.05,58.26,22.78,7.15,23.81,45.12,60.53,lentil,1536.6
47.49,56.0,27.01,6.1,31.04,68.72,178.04,blackgram,1103.77
26.15,68.23,28.35,6.47,24.59,64.2,179.18,kidneybeans,1815.02
110.08,22.0,40.5,7.05,26.86,85.34,276.67,coffee,1282.32
18.51,140.49,205.6,5.55,23.25,52.6,194.69,apple,16834.44
112.5,56.65,63.93,6.99,39.78,55.27,55.68,pomegranate,17447.88
111.09,49.79,59.71,6.2,34.67,83.23,269.05,rice,5127.64
114.65,67.25,218.25,5.97,34.64,75.48,223.84,banana,33534.01
26.59,64.86,32.33,6.67,30.91,58.91,136.93,pigeonpeas,1260.58
128.25,43.52,18.51,6.61,27.45,65.98,88.13,cotton,2836.85
44.86,77.54,81.97,7.06,28.35,31.36,86.81,chickpea,1348.33
99.95,16.32,56.15,6.57,36.41,73.12,72.98,muskmelon,19083.2
109.64,34.43,28.51,6.21,24.73,75.4,247.15,coffee,1239.79
106.4,70.32,243.18,5.72,25.67,91.32,100.82,banana,36594.6
20.05,53.02,39.43,6.33,29.09,56.21,147.8,grapes,17196.31
103.94,55.48,40.84,5.61,30.57,57.12,117.22,pomegranate,18971.61
104.87,22.86,40.51,6.29,23.4,79.53,213.8,coffee,1254.62
103.27,68.4,67.44,6.31,37.0,37.24,57.03,pomegranate,18000.45
109.15,10.06,61.66,6.16,35.43,61.6,83.22,watermelon,31075.19
130.48,63.96,40.57,7.06,24.22,42.29,82.62,wheat,4026.24
28.0,62.29,30.52,6.62,30.43,54.67,65.45,mungbean,1081.15
18.77,17.57,12.34,6.3,10.68,89.38,80.68,orange,22432.4
1.36,2.02,48.03,6.39,34.81,71.0,122.15,coconut,11055.6
117.2,47.7,15.82,7.51,23.26,51.29,79.52,cotton,2764.46
1.02,134.43,198.34,5.65,1.5,65.82,125.95,apple,16535.11
18.98,58.63,20.59,4.1,33.92,27.36,31.22,mothbeans,912.87
27.41,56.13,23.07,5.62,15.38,68.38,171.69,kidneybeans,1693.22
111.57,19.32,63.34,6.35,25.53,69.91,37.39,watermelon,32239.27
28.98,51.36,44.68,6.28,25.0,51.07,190.59,grapes,16620.97
109.17,24.02,27.56,7.3,23.84,85.43,264.86,coffee,1249.54
82.77,66.6,91.29,6.7,29.63,83.1,238.46,banana,33421.21
20.48,59.54,19.42,6.3,34.59,55.77,82.05,mungbean,1110.96
106.05,30.98,41.67,7.2,19.7,72.41,162.33,coffee,1336.93
17.17,6.09,39.79,5.79,32.5,72.38,137.79,coconut,12687.72
22.04,69.87,24.39,7.4,19.14,50.25,73.3,lentil,1653.73
21.44,76.01,31.53,5.57,29.53,55.57,144.05,pigeonpeas,1321.1
100.63,61.15,50.02,7.24,18.18,55.5,119.67,wheat,4123.98
15.51,57.55,21.71,5.16,28.66,32.8,39.52,mothbeans,867.21
108.63,14.95,54.62,7.17,28.31,65.9,31.28,watermelon,32150.24
41.47,58.11,31.75,7.35,25.8,53.29,123.25,blackgram,1089.32
33.42,74.99,20.95,7.24,24.76,65.65,181.96,blackgram,1020.16
26.85,64.81,26.95,5.08,27.77,44.47,54.16,mothbeans,914.74
128.67,59.33,42.23,7.28,18.58,45.35,140.01,wheat,4120.14
127.6,35.38,24.46,6.59,23.84,55.17,74.82,cotton,2675.59
47.71,64.24,23.4,6.06,27.45,60.01,122.82,blackgram,1082.97
17.16,8.52,33.15,6.19,28.2,86.3,225.51,coconut,10379.55
33.94,64.35,82.12,7.56,20.47,35.65,63.74,chickpea,1348.4
95.39,29.56,47.27,7.5,35.52,70.73,53.78,watermelon,27390.41
46.46,71.13,19.36,7.33,34.47,50.87,193.54,blackgram,1029.91
17.4,121.44,202.64,6.86,19.41,53.47,174.05,apple,16662.6
27.46,57.12,27.86,6.42,27.15,52.31,71.15,mungbean,1127.57
15.23,64.65,18.94,7.03,26.14,44.34,101.4,mungbean,1089.07
19.13,64.68,30.28,6.22,32.46,36.68,76.98,mothbeans,858.81
8.64,16.78,10.28,7.38,11.26,83.01,191.48,orange,22394.13
45.44,66.67,60.66,6.49,28.02,91.32,277.57,papaya,44824.77
102.76,54.57,19.94,7.07,23.28,70.11,60.1,cotton,2503.71
54.73,60.08,56.83,6.91,33.74,72.03,226.58,papaya,45774.59
1.32,128.21,209.31,6.09,18.61,78.08,134.17,apple,15873.38
56.86,65.06,58.65,6.6,31.96,75.66,188.97,papaya,45568.35
102.17,52.44,52.21,6.44,22.03,88.87,251.21,rice,5261.94
109.08,57.63,36.61,5.63,30.83,62.84,70.46,maize,6197.35
111.35,49.02,16.65,7.71,24.68,49.89,147.74,cotton,2523.32
16.61,59.6,24.93,5.99,25.39,63.57,157.83,kidneybeans,1792.66
80.06,64.71,73.69,6.51,26.45,86.71,125.29,banana,33007.77
44.29,69.55,82.64,7.11,26.59,24.75,68.9,chickpea,1411.83
10.38,13.92,5.25,7.3,19.84,85.86,195.65,orange,21107.82
111.17,61.65,46.71,7.41,25.79,53.4,132.32,pomegranate,17062.36
84.49,77.92,110.44,5.73,34.82,77.06,111.94,banana,34040.24
90.58,56.93,43.59,6.12,26.75,79.91,256.54,rice,5050.84
100.17,53.21,33.16,6.27,18.05,66.85,67.6,maize,6688.77
111.14,43.89,49.33,5.57,22.31,88.66,261.71,rice,5048.57
2.44,139.34,208.69,6.31,24.1,67.94,167.26,apple,16167.6
120.46,59.01,50.03,6.7,15.16,46.54,77.81,wheat,4371.91
97.49,56.65,54.01,5.97,32.48,91.1,208.12,rice,5168.28
31.58,78.93,78.52,6.7,20.34,29.47,96.15,chickpea,1252.11
117.71,60.25,66.32,6.51,26.86,52.74,101.13,pomegranate,16782.43
11.66,11.41,16.75,6.63,20.72,66.47,165.2,orange,22488.47
17.95,73.65,30.57,5.85,16.34,68.98,111.22,kidneybeans,1690.81
113.39,50.33,63.56,6.86,33.62,59.81,89.93,pomegranate,16455.55
112.98,58.51,44.03,6.89,20.27,93.5,292.79,rice,4836.13
14.63,4.68,48.79,5.85,29.44,82.36,110.92,coconut,12198.89
24.64,59.54,27.52,5.88,21.86,53.43,194.12,kidneybeans,1859.42
105.59,69.02,108.54,5.81,32.46,87.84,156.19,banana,35715.83
105.82,11.27,45.54,7.12,38.48,68.11,56.02,watermelon,30688.06
26.45,61.38,33.06,7.91,12.45,48.58,34.23,lentil,1632.8
90.93,16.29,53.37,7.29,39.5,79.35,85.92,watermelon,31619.94
22.89,49.44,34.37,6.15,19.65,53.14,142.24,grapes,16780.31
114.86,56.19,69.72,7.16,27.07,49.78,99.37,pomegranate,16742.03
20.44,52.93,31.6,4.13,31.15,31.27,35.21,mothbeans,961.19
116.22,22.77,31.67,7.15,17.93,72.83,265.69,coffee,1160.13
20.0,67.86,20.41,6.38,20.68,50.65,69.93,lentil,1546.64
116.56,43.08,66.04,6.73,25.48,37.71,53.87,pomegranate,15255.71
119.54,42.34,23.53,6.67,38.13,56.53,119.72,cotton,2874.52
24.79,62.19,26.66,6.89,25.98,53.62,161.81,pigeonpeas,1385.35
21.74,52.64,43.2,6.34,23.01,60.47,118.92,grapes,17852.96
116.6,23.99,60.29,6.43,38.97,76.38,28.68,muskmelon,16899.7
66.73,53.07,52.59,7.1,35.2,76.56,334.23,jute,3303.54
28.37,57.9,33.72,6.07,20.8,50.64,45.51,lentil,1569.27
17.87,74.85,34.02,6.55,27.6,56.11,98.03,mungbean,1082.61
115.99,23.25,48.08,6.08,39.58,65.19,46.57,watermelon,30992.75
28.53,60.8,32.71,7.16,33.47,51.4,124.99,mungbean,1136.41
100.14,45.97,64.48,6.96,27.5,37.07,52.19,pomegranate,16045.13
65.37,47.84,42.09,6.82,25.47,70.63,208.88,jute,2850.51
19.55,66.1,30.91,7.87,18.19,45.06,39.43,lentil,1603.99
6.12,122.71,196.33,5.97,16.65,68.41,155.95,apple,15474.82
42.32,60.74,62.03,6.52,25.68,70.78,279.07,papaya,43848.08
22.03,65.01,33.06,6.53,28.5,56.28,91.46,pigeonpeas,1373.49
4.94,145.51,200.09,6.8,23.2,55.16,175.43,apple,18099.01
44.41,59.25,24.54,7.45,22.25,64.29,197.24,blackgram,1058.4
21.28,64.82,33.78,6.22,21.18,67.73,181.78,kidneybeans,1963.7
62.38,45.68,44.74,6.08,26.87,71.48,255.47,jute,2985.65
105.56,57.2,58.66,5.81,27.93,91.66,195.48,rice,5024.46
95.51,52.82,40.21,5.81,27.88,78.28,174.89,rice,5142.15
26.78,56.35,27.61,6.58,26.65,28.21,60.69,mothbeans,943.56
24.46,54.37,47.43,6.27,28.69,74.34,111.56,grapes,17180.64
99.03,23.93,47.36,5.84,35.96,79.48,65.15,watermelon,31030.62
41.5,50.03,63.57,6.47,31.92,80.41,299.59,papaya,41832.31
105.29,47.86,58.44,5.98,30.89,84.22,248.99,rice,4952.83
27.07,78.55,20.6,6.51,33.77,50.25,92.13,pigeonpeas,1212.28
28.52,70.19,19.53,6.9,34.87,47.47,139.34,mungbean,1071.37
132.38,36.07,27.56,6.81,23.11,74.21,129.36,cotton,2356.53
103.16,53.41,28.85,7.48,38.02,40.58,131.63,cotton,2281.82
35.89,70.69,31.83,6.74,23.14,65.72,122.97,blackgram,1091.53
57.92,54.39,58.71,6.86,26.01,86.29,190.8,papaya,45478.07
34.12,21.79,32.18,7.26,26.61,54.11,158.96,mango,11389.42
115.28,48.38,26.64,7.26,26.47,72.98,131.64,cotton,2794.06
31.17,53.64,32.4,6.5,21.88,70.09,64.37,grapes,16050.05
137.32,35.31,23.46,7.31,37.18,63.57,156.36,cotton,2526.86
81.89,68.29,58.53,6.82,31.5,91.87,188.88,banana,33722.13
48.28,78.14,75.96,7.68,23.04,40.57,68.39,chickpea,1256.8
21.3,52.84,33.16,5.38,33.94,39.53,47.56,mothbeans,962.74
51.23,67.62,50.87,6.18,25.02,94.53,227.52,papaya,45381.16
102.4,61.8,48.68,6.88,15.48,57.43,109.43,wheat,4051.14
24.56,41.44,38.46,6.37,15.69,63.92,129.47,grapes,19259.59
43.87,60.76,26.19,6.3,32.77,68.51,122.43,blackgram,1156.96
16.68,129.88,203.52,6.75,1.25,70.4,114.86,apple,17188.03
55.48,68.33,61.8,6.94,30.48,89.08,200.51,papaya,43478.23
82.85,64.4,33.69,5.86,18.24,58.36,81.39,maize,5895.88
19.67,1.14,47.19,6.9,28.74,79.12,102.38,coconut,10275.29
90.83,54.2,59.6,6.42,20.82,87.33,156.35,rice,4913.62
97.27,53.86,31.05,5.58,25.47,55.35,188.34,maize,6705.66
136.01,64.51,36.37,7.04,19.47,58.93,132.82,wheat,3891.15
89.05,73.28,185.76,5.82,25.09,76.49,100.09,banana,36229.64
21.02,65.99,18.06,5.97,30.06,52.84,171.05,pigeonpeas,1346.56
45.13,67.83,55.69,6.84,30.82,90.17,232.7,papaya,46823.76
39.21,55.92,27.34,7.0,23.42,55.11,163.75,blackgram,1125.43
8.24,14.0,14.76,7.16,19.78,80.5,142.49,orange,21624.46
119.92,10.09,61.85,6.62,39.32,63.45,55.26,watermelon,27506.82
18.82,123.79,207.24,6.51,9.27,77.68,186.01,apple,15276.89
108.92,75.21,96.86,6.6,29.06,76.19,178.96,banana,35301.77
13.33,126.0,201.53,5.77,19.47,57.41,162.27,apple,17073.51
20.5,64.9,21.25,7.2,21.54,40.39,59.34,lentil,1705.32
24.52,59.93,34.28,6.17,22.28,40.58,68.4,lentil,1614.5
25.33,57.69,29.35,6.2,24.18,53.75,51.16,lentil,1675.58
21.55,66.97,34.32,6.96,31.46,54.88,124.74,mungbean,1148.39
28.33,73.83,21.22,6.59,31.87,40.9,124.53,mungbean,1056.52
11.1,5.74,42.7,7.34,29.49,67.06,138.05,coconut,13540.15
39.81,36.66,38.88,6.59,30.54,49.67,181.07,mango,10861.5
26.11,57.47,30.71,7.06,15.92,47.59,43.34,lentil,1618.23
112.25,42.65,32.29,6.99,30.77,54.75,68.63,maize,6105.86
108.05,18.15,63.94,6.49,32.53,71.91,61.75,muskmelon,18062.39
60.86,51.72,46.06,7.45,32.66,90.67,259.73,jute,3132.78
52.46,58.11,45.26,6.19,33.44,85.42,236.72,papaya,45484.89
25.39,33.04,37.25,5.74,36.76,48.25,116.17,mango,12461.93
2.25,127.54,209.75,6.71,20.96,65.29,166.18,apple,15710.4
28.71,69.36,27.61,6.63,34.88,54.73,132.66,mungbean,1090.75
83.44,44.77,29.11,7.36,27.55,59.69,196.97,maize,5909.08
5.27,133.89,197.05,6.08,5.01,76.91,152.24,apple,18128.36
108.94,58.72,33.32,5.91,33.52,68.83,152.09,maize,6435.83
101.93,43.21,29.4,7.48,23.23,64.07,87.46,cotton,2387.43
18.75,70.11,25.01,6.76,34.45,40.93,100.47,mungbean,1111.1
18.58,50.18,37.07,6.95,13.77,74.66,129.14,grapes,16712.47
115.53,56.91,45.68,7.16,15.68,54.69,146.62,wheat,4275.54
24.43,53.8,32.65,4.42,31.01,29.98,61.82,mothbeans,924.07
119.19,79.29,54.48,6.25,29.01,80.08,295.57,banana,29976.09
7.18,9.52,18.76,6.33,16.89,82.05,118.54,orange,21822.87
43.82,72.89,75.5,6.39,18.21,24.95,66.66,chickpea,1365.54
106.27,38.02,35.1,7.11,17.58,76.82,193.69,coffee,1362.55
33.96,76.12,86.7,6.86,29.5,44.49,39.05,chickpea,1349.53
17.83,57.19,21.34,6.28,34.8,42.46,78.08,mungbean,1064.3
12.02,149.05,203.38,5.92,19.5,79.57,190.75,apple,18003.65
109.48,22.58,61.72,6.2,33.35,60.77,64.29,muskmelon,18705.31
3.35,124.42,204.34,6.11,1.66,52.47,195.04,apple,16610.62
97.91,11.97,63.71,6.35,38.93,63.68,21.27,muskmelon,17754.66
16.02,17.92,8.54,6.65,20.66,79.53,199.89,orange,20324.04
119.91,67.88,62.43,5.9,39.83,50.77,132.12,pomegranate,15775.3
18.53,129.02,203.28,6.12,10.33,51.43,121.96,apple,16475.6
30.45,33.02,48.41,7.09,24.84,66.39,102.75,mango,12435.02
93.81,13.95,60.27,6.32,34.28,60.81,84.41,watermelon,29984.1
99.31,67.63,191.86,5.76,29.96,94.18,206.36,banana,39520.11
35.0,42.73,48.84,6.45,24.2,77.51,176.36,grapes,15614.42
80.3,46.72,55.95,6.76,22.07,90.49,167.36,rice,4829.04
8.81,4.56,48.86,7.27,28.94,69.75,159.87,coconut,12653.14
45.58,56.45,26.66,6.39,33.98,65.66,83.98,blackgram,1112.27
31.37,70.81,32.03,6.32,32.38,57.23,125.0,blackgram,1007.75
20.92,22.9,30.75,5.55,26.32,67.31,71.92,mango,10007.43
18.63,5.56,47.25,6.84,35.2,67.56,121.21,coconut,11242.64
48.01,59.25,51.45,6.28,27.47,87.25,195.88,papaya,46333.66
127.19,44.67,15.06,6.57,31.5,65.37,116.28,cotton,2767.63
7.09,17.34,9.16,6.04,20.09,76.98,174.4,orange,21852.49
3.88,8.24,6.9,6.18,24.94,78.87,154.66,orange,20079.25
21.42,69.98,32.13,7.13,37.72,62.45,136.63,pigeonpeas,1427.96
41.92,70.96,34.12,6.26,25.58,51.08,198.58,blackgram,1082.91
59.12,53.94,63.25,6.11,34.57,76.48,189.87,papaya,42922.68
27.28,54.4,31.94,6.07,24.08,35.84,76.31,lentil,1506.26
29.43,65.98,30.94,5.55,26.56,49.05,107.18,pigeonpeas,1258.82
26.67,64.46,28.59,6.09,25.45,49.5,78.85,pigeonpeas,1280.88
101.46,27.93,44.82,6.1,25.93,89.99,231.24,coffee,1269.71
49.89,59.05,29.81,6.7,28.42,56.51,114.53,blackgram,1057.84
55.25,51.95,50.85,6.58,25.03,86.88,197.43,papaya,42068.51
41.65,71.78,30.68,6.07,29.29,60.84,115.51,blackgram,1099.99
41.1,55.92,49.78,6.26,32.9,77.62,223.44,papaya,44286.91
118.72,14.87,57.84,6.38,34.91,70.82,38.27,muskmelon,17992.35
21.42,79.24,29.99,5.5,25.35,62.26,120.71,pigeonpeas,1273.44
18.86,43.34,35.21,5.69,13.71,75.8,160.17,grapes,18028.42
30.95,48.5,45.87,6.63,16.38,77.99,182.91,grapes,17704.21
104.85,68.75,214.11,5.51,33.27,76.19,274.05,banana,37000.39
50.51,65.54,50.06,6.74,25.75,88.72,159.6,papaya,46701.72
26.48,71.96,19.67,6.64,33.94,48.49,110.86,mungbean,1092.96
9.69,5.01,39.86,7.21,33.82,61.07,123.59,coconut,13573.26
36.8,35.74,30.2,6.4,25.5,49.58,161.82,mango,11081.15
110.91,53.24,41.65,6.5,16.81,44.76,69.3,wheat,3943.52
114.02,48.93,44.56,6.64,28.31,75.42,197.45,rice,4976.07
19.82,62.59,29.64,5.87,20.52,62.9,132.23,kidneybeans,1884.59
28.48,55.04,30.6,6.29,31.18,52.42,137.65,mungbean,1073.05
18.96,8.63,18.34,7.07,19.98,68.26,129.31,orange,18031.97
91.66,10.33,57.35,6.76,30.94,77.86,34.46,muskmelon,16801.57
40.56,75.28,83.21,6.4,25.92,37.99,48.38,chickpea,1350.54
44.98,64.93,25.16,7.1,34.04,65.88,165.77,blackgram,1120.24
56.01,67.79,60.56,6.71,29.72,84.6,253.74,papaya,43317.17
95.37,43.66,31.06,6.96,24.03,54.09,91.71,maize,6649.58
113.71,48.93,59.06,6.48,21.74,92.7,223.39,rice,4915.93
22.8,50.47,22.79,6.08,27.68,39.57,77.64,mothbeans,917.99
17.75,38.81,34.65,6.21,16.19,74.01,101.53,grapes,16582.07
45.71,73.71,24.43,6.12,23.31,63.09,118.2,blackgram,1055.46
29.79,58.73,30.95,6.75,32.13,49.35,79.12,mungbean,1074.75
86.19,47.53,42.85,6.17,35.38,83.94,338.28,jute,3051.31
104.24,23.16,40.87,6.22,25.34,77.82,257.54,coffee,1260.91
40.45,56.4,47.5,6.18,27.16,85.67,190.82,papaya,44085.42
118.16,64.22,39.35,5.57,24.5,68.99,165.4,maize,5733.21
112.4,46.13,25.67,7.52,28.4,49.12,136.53,cotton,2781.09
88.34,59.56,59.98,7.36,25.3,87.36,278.27,jute,2938.0
33.37,69.18,25.83,7.38,28.3,57.58,108.29,blackgram,1091.74
4.81,134.56,205.93,6.66,8.51,70.37,148.65,apple,17203.77
18.19,8.01,32.87,6.67,29.77,82.04,134.72,coconut,10558.58
94.3,52.79,47.29,7.16,38.77,39.11,85.41,pomegranate,17581.11
134.81,46.25,15.27,6.69,28.23,65.23,173.67,cotton,2486.36
16.43,67.03,32.33,7.24,29.64,62.97,142.95,pigeonpeas,1350.07
21.76,49.43,18.41,5.81,28.75,29.96,72.36,mothbeans,934.84
111.94,75.77,146.41,6.6,25.4,81.36,234.64,banana,36897.55
45.45,69.36,25.58,7.47,31.23,58.47,194.87,blackgram,1123.57
47.33,56.56,60.41,6.36,29.46,88.06,214.52,papaya,47202.43
57.06,67.79,58.36,6.81,28.89,87.33,183.59,papaya,42930.42
132.08,67.59,44.45,7.46,18.3,46.77,98.9,wheat,4069.88
118.14,60.94,53.38,7.31,23.74,61.26,146.46,wheat,4347.69
111.98,47.51,17.87,6.74,28.33,66.26,100.12,cotton,2771.51
45.57,69.85,18.18,6.71,27.69,63.05,86.25,blackgram,1024.46
20.72,45.7,20.85,4.94,31.9,32.27,67.26,mothbeans,921.0
86.88,58.02,52.25,6.67,33.57,93.46,213.24,jute,3141.36
1.36,1.49,42.56,6.42,34.55,82.16,100.84,coconut,11822.37
90.89,12.44,51.31,7.11,38.79,73.33,70.94,muskmelon,17037.01
0.8,121.26,205.61,6.68,6.22,64.96,153.92,apple,16120.67
9.99,8.64,48.81,6.01,34.86,82.88,297.34,coconut,12654.8
110.6,46.15,44.33,6.53,33.65,80.9,235.33,rice,5131.24
31.02,73.9,20.41,6.71,29.08,54.74,93.06,blackgram,963.49
25.77,33.74,32.7,5.99,24.8,46.24,175.84,mango,12092.81
16.71,18.65,10.6,7.15,15.56,88.6,81.34,orange,21630.84
27.57,71.3,20.76,6.85,32.38,51.15,88.55,mungbean,1073.86
85.19,51.07,41.91,6.92,25.28,77.44,333.62,jute,2996.86
1.68,2.53,41.6,6.14,29.13,82.66,213.29,coconut,12574.86
46.27,59.03,74.15,6.0,22.87,24.87,80.7,chickpea,1333.39
112.41,62.54,82.51,6.32,26.02,94.29,227.6,banana,34943.28
114.14,44.68,41.17,5.92,24.4,88.24,233.55,rice,4835.59
25.0,60.57,21.67,6.88,25.27,51.14,98.17,mungbean,1152.08
29.08,71.36,24.09,6.66,34.57,57.9,77.21,mungbean,1085.37
13.88,9.47,40.41,6.14,36.09,94.5,104.09,coconut,11890.7
105.87,56.73,54.75,6.02,16.79,61.07,82.39,wheat,3725.63
4.71,5.25,15.58,6.03,17.64,81.22,116.6,orange,21196.12
61.07,46.56,51.65,6.2,35.69,92.15,274.44,jute,2996.56
15.52,47.86,20.03,5.12,32.19,30.93,37.29,mothbeans,848.08
117.29,65.65,63.79,5.76,33.97,80.63,198.25,banana,33331.1
34.12,76.94,79.23,6.19,16.58,24.95,49.79,chickpea,1255.71
100.89,39.15,24.9,7.09,22.96,60.92,130.46,cotton,2507.13
100.04,68.83,60.54,7.01,39.22,40.97,98.22,pomegranate,17175.74
123.78,48.98,15.97,6.74,29.31,61.08,74.33,cotton,2650.38
93.42,22.76,50.96,6.8,30.8,70.41,59.35,muskmelon,17707.09
3.83,9.98,30.94,6.6,29.2,92.82,164.99,coconut,11216.53
3.68,128.12,203.13,6.28,22.65,74.98,100.71,apple,18187.19
7.79,8.1,47.89,7.48,28.23,83.67,274.27,coconut,11432.12
87.98,67.32,108.71,6.24,33.27,92.51,144.41,banana,35052.23
116.81,42.54,38.79,5.64,26.06,71.01,69.84,maize,5816.99
90.8,41.82,67.59,7.41,34.62,39.62,81.29,pomegranate,15380.34
133.92,47.66,20.82,7.81,31.06,69.72,173.74,cotton,2758.05
90.53,31.96,44.07,7.1,25.36,80.21,205.68,coffee,1325.22
24.89,64.28,22.97,6.28,18.1,59.73,114.61,kidneybeans,1889.62
3.67,19.39,14.78,6.6,16.12,87.67,123.24,orange,20621.0
116.17,63.21,31.91,6.33,24.18,70.48,150.24,maize,5941.59
31.13,20.1,42.76,5.6,33.36,69.05,179.04,mango,11952.34
137.23,50.72,47.43,6.69,10.3,46.24,61.85,wheat,3765.98
138.82,49.52,15.34,7.04,23.26,61.12,123.23,cotton,2386.13
118.96,61.58,127.67,6.5,30.75,88.03,192.64,banana,33485.72
114.65,77.51,186.07,6.19,31.77,81.42,210.55,banana,34102.69
19.09,72.62,29.67,6.85,32.4,54.78,167.92,pigeonpeas,1349.64
119.65,64.09,36.57,7.14,24.43,42.12,133.61,wheat,4056.41
93.25,69.1,63.01,6.96,39.1,46.76,62.66,pomegranate,14979.2
24.2,45.66,49.51,6.62,12.33,74.13,132.22,grapes,18652.07
95.04,14.76,62.92,6.83,39.73,69.16,35.93,watermelon,31058.73
16.47,74.71,20.04,6.84,27.68,47.96,86.94,pigeonpeas,1241.12
93.65,21.01,45.62,5.69,27.53,72.99,32.88,watermelon,30908.84
120.4,46.38,18.89,7.07,38.91,40.09,143.47,cotton,2794.69
33.24,39.06,49.37,6.28,24.38,59.55,106.12,grapes,16028.08
25.71,70.31,21.83,5.76,39.36,61.4,174.25,pigeonpeas,1392.66
118.17,21.27,47.36,6.41,30.68,60.78,35.32,watermelon,30583.78
26.27,74.52,19.88,7.5,39.13,67.41,149.01,pigeonpeas,1269.32
87.94,32.72,37.41,6.97,20.58,88.69,219.56,coffee,1287.23
18.9,18.8,18.11,7.04,14.53,69.45,193.93,orange,18884.29
25.12,45.78,40.41,6.71,28.21,59.59,149.87,grapes,19735.45
99.27,73.77,229.48,6.16,32.57,92.65,257.91,banana,36887.88
3.35,132.42,205.9,6.09,24.57,59.06,194.81,apple,17775.92
4.35,5.1,30.29,6.38,27.33,90.56,224.02,coconut,11903.88
18.19,59.84,26.07,6.44,31.88,46.17,73.67,mungbean,1116.88
86.59,53.86,55.15,7.02,34.04,92.11,292.36,jute,3098.36
109.8,37.71,32.43,6.92,22.73,76.81,254.13,coffee,1242.62
33.12,61.59,24.08,6.31,22.98,65.37,173.17,blackgram,1049.48
80.93,48.0,57.5,6.42,26.66,93.72,278.1,rice,4760.95
117.76,49.96,17.98,6.7,33.32,52.11,182.38,cotton,2791.97
34.8,62.85,78.37,7.21,29.34,33.46,81.18,chickpea,1356.16
34.42,57.71,70.2,7.43,18.85,32.74,37.81,chickpea,1305.38
101.47,53.89,25.21,6.91,35.05,45.5,194.18,cotton,2488.73
29.35,50.52,28.68,4.21,30.02,40.42,76.99,mothbeans,862.36
24.65,71.07,31.48,6.5,25.73,66.76,113.32,kidneybeans,1751.36
108.7,63.74,33.38,6.59,25.63,70.7,178.95,maize,6288.92
19.06,17.14,8.56,7.29,14.29,85.69,155.43,orange,20884.02
25.35,69.15,34.93,6.38,32.4,58.96,118.01,mungbean,1058.22
37.76,25.02,42.85,6.15,36.37,50.69,164.11,mango,11342.82
21.21,63.62,30.11,6.8,28.02,42.0,134.46,mungbean,1106.16
24.19,77.35,20.94,7.1,31.75,55.72,113.84,pigeonpeas,1305.07
32.31,79.33,88.45,6.65,18.88,30.91,78.3,chickpea,1161.29
7.04,6.19,46.51,6.25,32.35,87.12,141.77,coconut,12260.59
103.32,53.17,43.34,7.32,10.86,45.32,140.83,wheat,3950.57
89.33,52.57,50.74,7.65,33.71,82.54,231.67,jute,3141.83
108.35,22.54,63.81,6.29,31.84,79.1,38.97,watermelon,31325.37
72.46,60.39,55.45,7.12,24.4,83.42,200.53,jute,3133.01
2.36,0.14,48.72,7.23,31.6,60.19,216.75,coconut,10956.7
58.09,61.5,60.37,6.4,34.41,88.0,173.05,papaya,44135.02
8.4,12.99,9.48,7.41,14.8,83.26,82.46,orange,24025.22
108.04,17.72,58.98,7.08,26.89,77.63,34.24,watermelon,33110.37
5.85,132.18,206.46,5.83,17.55,52.37,115.84,apple,18720.61
115.16,15.6,58.33,6.33,25.62,70.74,56.81,watermelon,31359.12
115.55,60.01,37.63,6.8,23.48,72.66,101.82,maize,6005.79
16.19,125.12,195.33,5.79,18.53,76.14,170.06,apple,16731.21
32.71,61.59,24.68,6.87,25.57,61.01,188.05,blackgram,1111.74
96.87,72.47,170.63,6.55,26.57,75.92,258.16,banana,37132.82
19.71,61.03,21.29,7.0,34.64,52.56,145.09,mungbean,1112.04
30.24,36.88,34.05,5.66,13.24,56.79,186.08,grapes,15712.17
36.28,36.28,40.81,6.17,34.49,50.85,88.18,mango,12237.19
29.9,61.64,23.95,6.45,31.46,49.46,131.14,mungbean,1085.85
28.09,56.29,30.87,6.88,22.46,62.02,104.5,kidneybeans,1715.63
23.67,69.93,29.61,5.97,25.96,66.38,146.98,pigeonpeas,1416.31
7.81,13.31,14.51,6.51,15.34,72.1,154.8,orange,23433.92
104.87,57.17,38.1,6.09,29.2,63.99,102.82,maize,6402.73
24.71,60.12,34.14,4.72,25.79,30.28,37.41,mothbeans,899.43
106.46,62.24,40.28,6.26,23.95,41.08,106.51,wheat,4103.34
131.1,50.27,24.93,6.78,29.19,41.79,87.3,cotton,2587.75
21.86,74.93,24.08,6.37,33.46,48.31,138.7,mungbean,1111.27
28.95,77.23,33.41,6.46,27.56,53.17,104.48,pigeonpeas,1159.53
114.52,26.03,57.6,5.52,29.33,76.33,80.5,watermelon,30804.37
18.95,65.73,29.71,7.76,21.01,52.05,41.57,lentil,1640.77
26.35,26.04,49.75,6.81,32.91,46.65,83.65,mango,11986.64
18.23,53.57,33.95,4.33,34.14,44.88,32.6,mothbeans,908.49
24.78,68.87,19.45,6.06,23.93,64.43,154.46,kidneybeans,1800.13
112.79,66.39,68.86,6.56,38.2,41.55,97.57,pomegranate,16148.7
112.09,79.47,116.39,6.96,26.91,87.95,298.24,banana,33271.84
24.59,65.43,29.47,6.51,16.68,51.15,162.54,kidneybeans,1878.14
28.49,48.82,20.62,3.54,26.0,28.8,33.87,mothbeans,833.5
26.03,45.05,43.1,6.68,24.67,77.24,125.79,grapes,18934.47
34.22,52.09,38.27,5.91,15.03,69.59,107.86,grapes,16017.25
102.14,59.74,43.81,5.94,31.9,51.88,74.93,pomegranate,17641.4
40.56,56.02,74.29,7.52,26.9,39.41,39.97,chickpea,1320.43
15.55,1.13,47.88,6.27,34.27,65.93,162.86,coconut,11886.78
13.11,7.24,7.73,7.02,15.53,73.24,181.71,orange,21559.85
87.06,57.81,25.62,6.12,21.8,69.63,194.37,maize,6024.4
15.7,61.27,33.74,6.92,26.9,59.53,117.74,kidneybeans,1523.39
69.14,60.95,55.4,7.62,29.69,84.38,291.12,jute,3255.48
18.34,49.66,30.92,5.67,28.7,65.53,97.29,grapes,17225.08
112.36,70.1,133.9,6.04,30.8,90.6,280.51,banana,35239.27
132.42,52.22,26.77,7.95,24.16,56.76,108.0,cotton,2579.26
35.29,62.87,26.85,6.69,33.43,68.23,111.23,blackgram,1160.61
17.04,71.68,31.95,6.54,23.99,55.29,164.21,kidneybeans,1689.13
112.48,46.83,55.1,5.73,28.25,57.05,62.3,pomegranate,17964.64
18.94,69.04,31.88,6.65,24.25,67.77,108.42,kidneybeans,1732.28
34.95,36.27,36.16,7.22,27.94,54.15,174.78,mango,12591.22
118.05,28.08,63.47,6.36,37.33,72.71,65.82,watermelon,29876.59
87.08,79.71,218.87,6.65,31.71,75.96,267.18,banana,33441.28
14.67,14.58,12.06,6.71,18.38,73.48,142.28,orange,22881.14
36.16,23.62,42.93,7.35,26.24,48.86,72.88,mango,11879.07
10.15,2.47,43.32,7.43,27.44,64.57,149.46,coconut,13261.61
99.65,57.86,42.88,6.82,21.44,78.07,230.08,rice,4966.24
96.45,23.48,46.59,6.26,37.95,55.73,78.73,watermelon,31409.1
7.73,1.28,36.99,5.71,33.15,63.95,186.1,coconut,12729.12
91.58,72.47,213.3,5.91,32.68,76.45,224.99,banana,37139.56
104.38,43.57,29.86,5.98,18.9,52.0,187.53,maize,5898.57
26.61,73.31,20.32,6.85,26.98,45.54,107.05,mungbean,1034.43
99.74,44.58,69.61,5.96,34.7,36.05,55.65,pomegranate,17228.67
2.16,11.19,10.06,7.45,24.56,69.59,170.4,orange,22197.89
3.99,136.81,204.21,5.68,11.39,73.12,104.07,apple,17712.0
101.61,67.34,42.29,6.01,17.61,63.43,75.73,wheat,3724.72
84.44,35.59,38.66,7.4,24.22,67.59,241.38,coffee,1192.01
9.92,11.31,9.86,6.93,18.24,67.52,124.93,orange,23341.5
29.07,67.27,30.86,7.35,39.56,68.69,139.93,pigeonpeas,1238.42
131.21,53.03,17.2,6.64,27.71,74.07,141.61,cotton,2440.63
83.28,46.89,33.11,6.12,34.96,72.91,141.94,maize,6302.41
98.51,23.92,55.79,6.24,39.4,70.13,30.89,muskmelon,18550.47
12.78,1.47,40.84,6.25,35.88,92.13,151.77,coconut,13158.02
101.53,77.41,119.18,5.97,32.02,87.97,265.97,banana,36082.11
23.08,63.31,24.15,7.0,15.8,52.41,55.95,lentil,1730.05
103.77,13.01,60.98,6.72,39.61,63.07,44.88,muskmelon,17684.28
18.3,44.19,41.21,5.83,24.11,69.51,92.72,grapes,16911.69
101.02,13.02,53.74,7.31,29.45,64.31,66.57,muskmelon,18090.33
17.11,139.91,197.82,6.11,12.31,65.65,139.71,apple,17199.47
81.05,55.86,44.09,7.23,36.18,91.38,151.31,jute,3239.81
41.39,59.9,24.69,7.36,33.53,51.38,155.03,blackgram,1141.87
81.99,55.31,46.24,6.03,33.41,73.3,320.16,jute,3288.8
116.6,43.61,22.02,7.93,26.41,61.29,101.18,cotton,2917.07
28.79,48.14,21.47,6.14,30.94,43.1,45.69,mothbeans,888.36
4.34,124.31,206.17,5.79,11.44,71.35,148.49,apple,16788.07
15.13,69.11,20.01,6.32,23.35,50.64,144.87,kidneybeans,1689.78
86.07,70.98,117.97,6.83,33.72,81.28,234.34,banana,37552.43
80.93,71.91,153.41,6.02,28.35,90.98,176.4,banana,36519.62
100.07,62.65,62.43,6.47,25.24,39.38,54.27,pomegranate,16876.89
18.58,43.04,40.29,6.99,18.57,54.54,137.73,grapes,16885.86
85.91,48.84,27.7,6.48,31.35,50.15,190.55,maize,6421.61
103.38,61.21,90.65,6.65,32.54,90.08,103.04,banana,34462.73
23.6,36.61,36.57,6.9,9.64,57.21,90.49,grapes,18109.33
115.57,63.53,24.39,5.7,31.35,74.87,180.9,maize,5885.76
137.48,60.92,47.33,6.44,10.96,58.44,60.18,wheat,3980.76
30.8,24.86,45.64,6.96,25.25,61.88,194.41,mango,12954.57
24.43,48.44,30.23,3.75,24.89,34.33,79.7,mothbeans,922.88
38.56,55.31,88.2,7.28,23.75,25.04,79.0,chickpea,1290.72
18.66,47.67,32.26,6.71,13.18,62.83,151.84,grapes,17072.14
97.57,20.77,57.84,6.95,34.23,66.84,37.07,muskmelon,18086.94
103.81,59.58,33.11,6.88,21.87,68.55,93.31,maize,6347.1
82.87,42.76,46.09,6.33,21.45,91.92,242.51,rice,4791.33
104.64,50.77,41.58,6.74,15.34,54.01,98.06,wheat,3915.9
32.82,23.92,37.39,6.3,27.0,52.02,149.02,mango,13341.49
25.45,63.63,28.57,3.84,34.89,44.51,53.41,mothbeans,946.48
82.08,39.75,36.6,6.96,22.41,82.27,248.53,coffee,1198.82
14.25,133.54,206.55,6.58,0.09,71.28,150.88,apple,18737.31
107.67,79.05,127.86,6.66,25.31,91.48,244.68,banana,35334.0
72.04,50.99,54.01,7.03,29.67,89.9,226.39,jute,3240.13
36.74,64.31,28.94,6.81,24.14,59.83,129.88,blackgram,1150.34
37.77,64.82,71.92,6.53,22.53,30.8,68.15,chickpea,1415.6
109.5,63.98,65.67,6.73,25.55,42.44,124.63,pomegranate,17044.41
92.26,10.66,64.0,6.91,35.72,78.31,58.56,muskmelon,14802.22
26.71,50.89,34.24,6.73,15.81,53.33,63.49,grapes,17494.59
18.27,142.41,209.82,5.8,11.54,69.21,176.29,apple,15343.12
17.85,53.05,31.94,6.98,16.39,41.5,36.52,lentil,1553.19
8.1,18.91,16.82,6.35,14.27,79.81,138.37,orange,22743.87
25.17,69.74,23.1,6.81,18.66,54.88,186.71,kidneybeans,1913.16
106.7,19.87,47.57,7.35,30.5,73.39,35.54,muskmelon,18947.66
15.72,37.03,43.82,6.55,10.53,56.58,138.94,grapes,15379.96
107.04,46.09,58.86,5.96,31.42,39.49,86.45,pomegranate,18100.03
110.78,37.88,15.42,7.37,31.7,64.58,159.16,cotton,2585.08
5.16,142.49,195.52,6.32,21.43,61.68,183.79,apple,16712.95
19.18,54.38,20.72,4.12,30.64,40.02,61.82,mothbeans,890.36
26.66,58.71,19.27,6.46,23.18,48.92,50.06,lentil,1730.07
101.01,25.52,59.72,6.76,25.2,60.92,36.59,watermelon,32942.06
71.53,55.6,56.27,6.56,29.12,90.53,256.07,jute,3403.4
28.64,56.44,25.78,6.12,33.93,30.26,75.07,mothbeans,895.4
35.15,79.34,78.01,6.32,15.84,35.9,98.84,chickpea,1313.78
106.39,29.75,47.22,7.45,31.39,72.93,59.77,watermelon,31389.99
31.35,65.07,75.21,6.65,17.44,36.47,66.86,chickpea,1322.42
49.36,61.42,55.8,6.26,26.3,92.69,246.13,papaya,49203.25
115.25,67.51,54.74,7.31,12.49,60.49,53.21,wheat,3893.0
94.93,73.57,173.06,5.75,31.74,78.75,101.19,banana,35261.52
38.95,20.46,46.98,6.22,25.95,56.32,196.47,mango,10206.6
50.48,67.36,59.87,6.48,27.14,70.44,180.81,papaya,45804.78
16.07,74.89,30.35,6.03,30.33,68.93,79.08,pigeonpeas,1306.56
27.4,56.85,26.72,6.28,21.89,67.71,162.39,kidneybeans,1680.53
99.85,60.56,178.82,6.09,26.91,75.35,284.42,banana,35705.73
24.38,54.72,30.39,4.75,25.44,42.25,71.4,mothbeans,921.57
18.32,68.03,32.25,7.81,21.85,38.3,41.63,lentil,1506.16
95.81,21.24,49.98,5.83,35.76,64.71,70.21,watermelon,30992.21
26.22,51.66,37.32,5.92,15.07,62.69,69.82,grapes,17228.49
79.78,46.69,44.04,7.45,25.52,70.24,348.54,jute,3005.89
37.35,61.86,20.02,6.99,26.66,66.46,151.98,blackgram,1096.73
9.17,16.87,13.17,6.85,25.49,74.39,80.25,orange,22775.28
84.85,34.23,43.61,6.57,16.38,70.53,262.05,coffee,1234.45
27.54,55.87,34.11,5.38,30.92,28.69,57.03,mothbeans,899.03
43.36,64.49,61.12,6.18,31.57,75.84,282.01,papaya,44801.06
17.15,60.9,30.8,7.66,18.14,49.22,70.0,lentil,1648.4
28.94,68.28,24.45,6.06,12.5,43.93,70.1,lentil,1516.08
92.06,61.34,71.96,6.79,33.46,84.51,129.53,banana,33918.38
82.32,45.6,43.39,7.36,28.09,71.55,327.88,jute,2944.75
29.31,26.21,44.73,6.04,30.4,58.23,130.69,mango,13280.89
116.64,51.55,21.54,7.42,31.92,72.25,111.82,cotton,2832.17
44.53,61.28,32.26,6.11,29.17,60.97,112.45,blackgram,1091.17
116.1,53.11,27.31,6.13,37.13,68.98,172.27,cotton,2610.03
32.76,24.41,33.06,7.25,26.33,47.21,151.33,mango,11651.07
100.38,41.32,19.08,7.09,29.23,74.32,136.46,cotton,2482.5
89.69,45.2,45.16,7.57,33.54,88.35,346.49,jute,3009.99
19.6,121.74,205.99,6.85,18.79,54.52,120.8,apple,15751.89
34.08,43.86,33.1,5.8,23.05,79.63,122.34,grapes,17140.7
108.99,46.48,46.52,6.52,26.03,40.92,117.44,pomegranate,19073.63
110.51,46.66,20.11,6.17,36.28,40.42,181.64,cotton,2801.39
93.37,11.32,59.29,5.99,34.54,75.39,65.0,watermelon,29949.77
18.68,58.02,30.39,3.68,25.39,33.92,59.64,mothbeans,940.67
16.57,135.85,202.65,5.99,16.28,77.26,135.53,apple,17711.76
32.52,23.97,36.94,5.8,34.69,68.36,188.35,mango,11642.93
18.12,64.45,24.35,6.91,13.32,47.46,68.21,lentil,1642.16
84.29,54.36,23.11,6.87,33.58,61.37,71.63,maize,6234.86
24.78,63.52,29.38,6.97,32.34,53.51,87.48,pigeonpeas,1322.44
19.42,9.91,45.03,7.17,28.04,64.31,118.53,coconut,10756.63
11.61,127.82,208.38,5.52,22.07,72.78,114.64,apple,17759.62
84.07,51.26,52.42,7.32,29.69,84.69,347.2,jute,3247.85
29.52,46.18,30.28,5.53,27.4,55.59,115.73,grapes,18661.83
3.17,4.37,43.07,7.26,33.54,62.8,164.31,coconut,11765.54
52.79,56.75,55.36,6.53,31.07,84.86,227.86,papaya,47589.53
97.8,20.82,61.88,6.56,36.52,78.94,81.8,watermelon,31739.54
101.34,53.12,37.01,7.49,19.82,56.78,110.06,maize,6477.39
128.97,38.6,24.74,7.76,32.85,63.4,158.1,cotton,2727.95
120.25,41.4,17.49,7.51,38.17,52.33,100.11,cotton,2657.37
95.4,62.22,216.11,6.63,28.38,93.9,289.87,banana,33495.85
100.01,59.2,25.36,6.68,32.71,57.95,127.7,maize,6472.29
40.53,69.29,48.32,6.3,31.27,87.9,175.53,papaya,42039.15
26.66,68.45,31.2,6.54,16.63,62.16,177.69,kidneybeans,1870.68
25.85,59.77,33.12,6.06,32.1,41.08,57.82,mothbeans,881.55
29.16,62.12,25.13,6.55,22.31,58.8,164.97,kidneybeans,1786.71
25.09,69.36,23.16,6.55,26.56,51.87,146.12,mungbean,1113.44
20.85,56.32,31.48,6.4,25.91,52.32,130.51,kidneybeans,1809.48
119.15,69.15,183.65,5.94,25.87,80.06,102.9,banana,34909.91
96.19,55.2,55.45,5.81,34.12,77.41,284.42,rice,4993.83
103.77,43.69,36.32,5.57,22.49,51.43,153.44,maize,6597.59
101.11,23.47,28.66,6.92,23.71,80.16,288.52,coffee,1257.35
121.39,51.79,26.97,6.87,33.86,50.62,114.3,cotton,2765.68
97.2,29.29,49.29,5.75,37.26,66.58,64.32,watermelon,30628.86
46.99,61.38,84.31,7.61,22.15,24.81,89.13,chickpea,1412.2
111.09,50.35,49.81,6.29,28.05,83.69,169.76,rice,5268.67
6.74,4.09,41.0,7.41,35.71,63.92,213.89,coconut,13324.19
63.62,46.44,56.3,6.94,29.18,83.03,267.46,jute,2951.72
86.89,56.78,46.54,6.18,33.77,87.96,150.47,jute,3001.34
90.95,27.14,28.8,7.33,18.96,76.71,299.12,coffee,1285.08
113.12,61.55,31.27,6.09,18.39,65.36,175.57,maize,6032.94
10.01,18.94,6.24,6.13,26.3,68.97,121.05,orange,21971.1
12.97,13.88,5.53,6.48,18.3,81.04,182.85,orange,20943.23
8.15,134.42,205.51,5.85,14.94,68.93,180.46,apple,18928.32
37.2,61.41,72.1,7.88,17.13,26.49,78.38,chickpea,1315.51
34.2,58.1,73.32,7.25,16.54,38.46,92.09,chickpea,1269.8
10.09,0.89,43.7,6.12,35.03,80.55,287.01,coconut,11348.69
74.15,49.56,47.91,6.21,25.4,93.67,289.22,jute,3335.59
133.11,50.58,25.17,6.56,22.38,50.99,144.13,cotton,2695.48
93.03,47.41,49.39,5.78,21.95,84.51,184.04,rice,5337.7
31.18,32.97,40.8,6.63,33.68,69.19,109.8,mango,13048.25
36.24,20.87,32.94,7.21,36.92,46.56,91.79,mango,11753.97
115.5,46.03,66.37,6.58,37.65,47.33,101.72,pomegranate,16257.08
21.57,65.57,29.05,7.15,17.66,45.71,23.06,lentil,1655.02
108.98,39.65,15.7,7.01,26.84,59.79,161.29,cotton,2479.96
116.77,21.87,55.71,6.0,29.89,65.07,48.96,muskmelon,18538.67
9.03,0.18,38.11,5.95,27.9,79.12,147.4,coconut,13118.65
4.51,0.16,46.54,6.58,32.91,77.21,124.87,coconut,10857.64
21.39,48.85,25.15,5.1,29.72,30.49,45.63,mothbeans,956.24
16.64,55.13,30.65,6.97,26.91,65.68,116.22,kidneybeans,1516.6
30.7,45.12,41.41,6.32,28.62,51.05,82.11,grapes,18481.49
118.93,61.6,26.07,6.85,25.94,58.08,100.15,maize,5937.12
118.8,19.0,59.58,6.93,33.16,72.19,48.05,muskmelon,16778.33
90.67,27.98,50.12,5.88,28.97,56.59,57.27,watermelon,29887.33
15.23,136.22,208.88,5.68,23.94,66.52,139.18,apple,18150.77
34.04,78.84,89.91,6.74,25.64,30.19,39.77,chickpea,1169.52
29.23,71.44,18.01,6.77,26.67,47.51,98.51,mungbean,1068.71
106.41,76.22,181.43,6.8,31.24,80.3,108.22,banana,37991.91
11.71,8.07,36.0,5.86,34.35,78.89,280.12,coconut,12178.02
135.8,47.24,20.81,7.66,30.08,49.1,71.21,cotton,2719.11
24.73,67.12,19.19,5.92,20.36,62.61,151.28,kidneybeans,1796.93
34.86,76.9,77.59,6.54,17.93,40.1,54.79,chickpea,1307.76
96.14,54.52,50.69,6.38,28.33,38.52,77.24,pomegranate,18606.17
18.69,7.54,17.5,7.45,18.36,86.92,88.59,orange,19209.0
92.77,12.72,60.06,6.98,36.73,67.08,81.57,muskmelon,16443.2
24.84,62.35,18.19,7.96,24.26,40.63,53.52,lentil,1603.27
0.37,122.87,209.88,5.56,8.72,70.72,142.48,apple,15756.86
11.62,0.62,30.4,6.68,29.65,84.03,255.52,coconut,12546.47
9.16,149.99,200.03,5.63,13.11,59.65,187.78,apple,18105.03
101.55,73.22,190.84,6.41,28.0,79.42,118.02,banana,36343.19
88.1,57.48,27.13,6.4,19.93,64.19,85.97,maize,6259.57
15.08,51.45,28.61,6.39,20.95,47.74,23.82,lentil,1540.03
133.86,42.32,23.77,7.85,22.54,73.88,133.53,cotton,2668.78
17.87,61.39,22.71,6.91,29.56,45.99,134.82,mungbean,1121.55
112.79,40.08,32.39,7.37,31.39,71.34,115.57,maize,6336.49
118.45,68.11,208.63,6.23,27.35,87.58,193.82,banana,34041.38
15.65,12.77,12.15,6.05,10.32,80.99,113.05,orange,22538.87
25.89,39.53,43.41,5.92,34.29,71.94,133.35,mango,11713.21
49.82,58.29,85.92,7.61,24.67,26.97,97.56,chickpea,1280.53
4.48,122.85,205.14,6.84,17.9,70.53,198.3,apple,16510.78
27.73,75.51,27.82,6.02,38.13,45.27,95.7,pigeonpeas,1325.71
91.66,41.94,42.72,5.87,39.56,42.04,119.45,pomegranate,15097.55
88.28,48.45,43.52,5.7,32.9,81.41,204.11,rice,4954.14
35.98,25.13,47.56,7.0,36.76,69.96,101.32,mango,11178.92
16.51,59.72,19.8,5.62,30.57,40.71,33.73,mothbeans,885.72
114.01,76.02,201.75,6.29,26.9,92.26,248.92,banana,32131.79
86.78,33.18,36.61,6.92,21.78,70.52,237.95,coffee,1312.5
53.16,55.73,63.37,6.91,25.73,92.92,177.28,papaya,44905.57
98.66,17.56,49.31,6.09,34.0,68.27,22.26,muskmelon,18901.96
106.08,40.57,50.66,5.95,32.67,52.06,83.36,pomegranate,17510.65
25.02,67.92,32.61,6.51,32.5,55.04,81.53,mungbean,1163.24
103.04,47.59,37.53,5.83,24.19,71.22,86.69,maize,6305.96
19.04,74.69,34.65,6.52,27.41,44.59,103.64,mungbean,1104.36
42.76,69.43,29.97,6.23,33.79,56.45,76.73,blackgram,1129.92
115.7,54.99,59.84,6.3,29.9,81.05,292.13,rice,4949.43
30.34,46.51,30.29,6.48,21.47,68.35,99.38,grapes,17386.61
30.22,43.75,35.98,6.15,22.23,79.64,102.01,grapes,18356.98
112.64,28.89,41.17,6.64,23.02,67.57,163.87,coffee,1220.5
108.54,74.48,65.22,5.91,30.84,85.45,252.52,banana,36768.24
41.78,72.36,70.67,6.09,18.92,22.09,67.94,chickpea,1290.62
28.59,68.6,30.72,6.61,22.78,45.4,36.3,lentil,1527.53
87.01,47.15,49.57,5.72,24.1,81.17,169.09,rice,5090.56
29.16,59.56,29.49,5.57,23.62,54.77,145.15,kidneybeans,1773.48
101.91,46.11,18.28,7.85,32.11,61.61,94.06,cotton,2539.52
108.44,47.17,33.03,6.75,21.86,61.01,176.99,maize,6724.97
70.31,48.74,57.38,6.96,31.53,73.95,322.43,jute,3040.01
84.61,47.33,24.76,6.39,28.8,60.84,94.24,maize,6413.83
18.11,16.14,10.96,6.95,24.66,73.69,81.66,orange,21237.89
109.47,60.55,36.35,7.4,11.86,44.95,126.53,wheat,4190.78
17.45,40.42,45.66,6.56,16.85,67.32,124.17,grapes,16567.8
83.89,21.63,28.7,6.97,18.93,71.0,269.94,coffee,1180.96
29.19,72.2,22.9,6.29,21.01,69.2,139.4,kidneybeans,1716.02
110.46,42.58,51.28,5.77,32.14,38.54,59.27,pomegranate,17962.19
82.07,27.68,40.88,6.81,17.29,70.81,277.14,coffee,1241.66
23.76,62.23,27.08,5.5,25.18,57.24,114.02,kidneybeans,1992.02
102.72,54.46,67.65,6.13,27.53,35.19,60.34,pomegranate,18124.49
49.57,66.2,26.31,7.38,26.57,65.9,163.84,blackgram,1088.37
16.66,69.19,32.29,5.66,16.51,55.62,101.19,kidneybeans,1773.66
84.14,51.75,43.41,6.89,28.72,81.94,238.64,rice,4929.92
31.14,36.86,45.52,6.07,25.94,69.23,74.26,mango,12435.03
105.33,29.46,37.96,6.44,17.11,89.35,279.63,coffee,1373.7
47.82,57.38,58.36,6.55,33.91,75.56,209.9,papaya,47971.3
17.92,4.17,45.08,7.19,29.55,82.91,247.43,coconut,11474.42
40.36,61.47,86.92,6.07,23.39,38.04,49.6,chickpea,1449.95
21.99,31.24,39.45,5.74,27.49,68.62,103.23,mango,12607.56
101.25,35.86,28.28,6.4,27.17,88.45,271.35,coffee,1329.76
33.2,68.21,81.05,7.28,21.41,32.74,42.67,chickpea,1340.53
10.61,4.83,32.49,7.48,34.61,66.41,241.07,coconut,13573.09
82.96,48.94,48.18,5.63,23.34,83.82,261.44,rice,5040.07
30.2,51.71,38.25,6.24,9.15,55.24,67.91,grapes,18770.89
16.47,57.06,24.55,7.99,20.93,37.36,40.22,lentil,1596.53
84.88,42.86,26.01,6.36,23.08,69.08,94.34,maize,6237.92
21.27,43.08,34.42,5.94,23.12,60.12,99.15,grapes,18340.09
19.14,58.19,28.87,5.33,34.62,34.45,69.19,mothbeans,938.08
21.44,66.32,29.37,6.15,20.37,64.03,106.09,kidneybeans,1962.07
21.37,53.84,34.1,5.67,19.71,79.29,127.88,grapes,17091.4
54.31,52.09,48.28,6.29,34.61,94.33,223.4,papaya,43442.98
38.45,79.79,83.08,7.87,17.18,31.27,84.01,chickpea,1382.97
114.05,39.55,41.12,6.38,25.85,78.17,248.0,coffee,1155.2
108.0,55.93,52.43,6.56,27.91,55.66,133.37,pomegranate,18710.03
114.42,23.44,33.03,6.07,15.29,83.24,181.16,coffee,1211.37
41.74,68.19,45.05,6.14,25.08,94.66,211.6,papaya,40839.83
94.68,24.62,44.35,6.23,22.34,65.57,240.25,coffee,1221.51
16.61,57.36,29.18,6.54,24.77,53.62,151.68,kidneybeans,1678.41
69.59,54.42,42.25,7.85,35.71,76.9,266.59,jute,3214.87
16.28,47.52,30.92,3.59,24.58,43.09,65.2,mothbeans,866.71
111.99,21.82,58.74,6.3,29.94,74.77,65.34,muskmelon,18294.62
94.42,39.48,27.52,7.28,27.73,79.32,159.02,coffee,1182.31
24.4,65.66,26.4,6.1,39.94,50.77,188.24,pigeonpeas,1432.28
90.47,24.03,42.68,6.46,22.59,83.42,212.88,coffee,1134.86
117.07,58.66,47.83,5.99,26.77,86.36,219.27,rice,4887.8
5.19,129.27,198.69,6.07,8.37,71.94,159.89,apple,17022.63
35.31,79.09,88.23,7.95,29.95,36.75,61.62,chickpea,1252.04
94.98,18.82,50.78,7.2,32.86,74.28,69.58,muskmelon,17790.19
34.15,36.54,36.98,6.76,32.11,54.1,85.42,mango,12272.3
99.59,63.21,170.52,6.47,27.77,90.62,194.72,banana,38291.16
93.56,17.89,49.0,6.02,31.39,70.18,70.0,muskmelon,17278.02
8.88,16.65,17.16,6.78,12.49,74.34,180.79,orange,22729.62
18.75,7.78,41.92,5.92,33.48,84.07,216.25,coconut,11900.32
98.26,73.26,222.74,6.34,25.61,80.32,260.58,banana,36953.67
31.76,71.95,21.43,7.1,29.69,57.71,104.78,blackgram,1058.15
111.97,52.01,44.33,6.12,24.76,76.56,154.48,rice,4868.46
98.81,65.91,48.51,5.8,39.41,59.12,108.23,pomegranate,16504.32
24.15,24.82,31.28,5.6,33.36,52.91,119.98,mango,11375.64
113.79,58.43,37.01,7.17,24.14,40.56,110.14,wheat,4114.29
92.86,17.94,52.63,6.15,34.77,64.26,60.72,muskmelon,18362.64
13.36,137.76,208.27,5.61,23.3,51.98,149.53,apple,16979.19
28.52,73.41,25.08,6.05,30.71,56.9,161.37,pigeonpeas,1257.54
25.02,58.1,21.64,5.54,27.9,37.74,57.39,mothbeans,911.6
58.02,54.33,60.63,6.48,33.68,91.58,278.65,papaya,43551.58
41.94,69.15,58.99,6.65,28.33,94.89,183.38,papaya,42799.19
99.64,23.94,57.65,6.28,39.91,73.88,29.43,muskmelon,17420.37
24.82,45.23,34.47,4.88,27.29,43.4,54.33,mothbeans,825.96
29.99,22.95,32.25,6.82,35.45,65.83,179.3,mango,11532.6
14.33,18.12,15.71,6.21,19.16,85.96,103.47,orange,21620.03
16.7,69.11,32.45,5.73,23.57,59.39,185.29,kidneybeans,1673.77
20.16,57.96,24.94,6.25,14.98,45.75,66.91,lentil,1716.85
21.02,57.39,25.35,4.42,28.69,26.91,65.35,mothbeans,948.18
25.11,32.8,37.4,5.57,28.29,55.99,100.46,mango,12641.91
49.72,60.06,32.3,6.26,23.7,64.58,127.96,blackgram,1044.25
10.73,140.93,202.64,6.69,10.93,60.38,163.65,apple,18202.59
95.91,32.56,27.48,6.78,18.54,74.12,226.33,coffee,1319.39
22.18,39.76,39.14,5.55,35.05,72.52,141.29,mango,11771.56
52.28,53.89,63.65,6.18,26.54,74.06,289.43,papaya,44940.97
96.1,26.39,62.19,6.43,35.59,62.97,31.24,watermelon,29358.92
86.5,54.33,55.82,6.68,28.67,94.18,263.47,jute,3208.42
34.52,71.55,21.3,6.97,27.86,52.09,86.37,blackgram,1051.64
10.67,7.66,33.34,5.98,35.38,73.83,205.56,coconut,12025.68
101.44,11.93,61.2,7.22,26.15,75.32,92.86,watermelon,32387.46
119.38,27.38,25.01,6.94,17.85,71.09,152.61,coffee,1101.07
110.67,44.17,20.88,6.38,31.16,66.27,158.26,maize,5982.33
124.26,64.21,49.27,7.49,15.12,44.07,101.92,wheat,4143.7
32.03,48.33,38.28,6.9,27.83,74.85,184.76,grapes,17272.47
0.94,139.53,204.98,5.73,16.63,61.63,138.18,apple,16869.96
18.95,60.34,27.73,6.57,31.66,52.2,119.14,mungbean,1130.73
42.37,57.41,64.52,6.55,28.54,79.11,167.6,papaya,43492.83
96.05,34.57,30.22,6.58,25.46,66.41,157.43,coffee,1357.42
18.74,65.85,32.72,7.67,12.67,48.96,62.24,lentil,1596.24
25.09,72.21,18.3,7.06,32.52,58.94,81.02,mungbean,1060.48
88.27,68.57,223.37,6.76,33.17,87.41,298.64,banana,32911.85
117.22,54.36,52.34,6.52,23.84,45.18,106.01,wheat,4103.08
16.68,63.31,32.68,7.09,29.98,51.16,128.75,mungbean,1089.93
20.48,58.49,18.24,6.56,25.13,44.99,61.4,mothbeans,892.94
85.49,63.7,52.23,6.74,25.38,87.65,216.46,banana,32576.74
35.37,22.17,41.2,6.9,29.41,63.04,184.85,mango,12547.65
90.3,55.05,50.08,6.63,26.97,82.36,182.88,rice,5109.8
15.03,73.03,27.81,6.93,26.53,48.09,118.06,mungbean,1070.87
17.09,74.23,21.77,5.74,39.98,51.5,185.97,pigeonpeas,1373.24
104.13,70.33,204.0,5.55,28.12,87.55,288.79,banana,37133.24
93.28,51.21,37.25,6.84,30.96,64.59,198.8,maize,6756.86
21.68,72.87,30.54,6.42,31.57,42.65,77.47,mungbean,1099.16
112.09,59.04,54.38,5.6,38.85,46.94,83.97,pomegranate,19838.21
24.65,38.87,35.98,6.53,13.01,62.51,70.24,grapes,17543.19
9.0,9.39,17.97,7.37,11.66,78.86,95.5,orange,22279.64
27.65,67.52,25.08,5.87,23.94,68.91,138.08,kidneybeans,1816.81
33.58,48.4,43.65,6.23,14.67,59.42,130.56,grapes,17599.74
103.87,55.07,26.81,7.22,32.37,52.73,157.31,maize,6690.9
118.84,12.27,56.36,5.54,29.21,74.03,69.7,watermelon,30074.15
24.12,62.04,33.24,6.91,25.59,57.91,97.25,mungbean,1141.94
92.57,48.03,45.36,6.41,34.08,81.89,233.55,rice,5221.5
82.93,62.39,50.06,6.04,25.23,83.7,219.51,banana,33272.6
29.17,63.3,22.76,7.28,24.5,35.47,57.6,lentil,1560.76
5.54,9.67,12.78,7.27,12.15,83.14,199.48,orange,23996.34
44.66,75.12,84.42,6.72,19.25,30.56,36.79,chickpea,1356.75
7.12,10.46,11.76,6.9,20.47,71.96,126.07,orange,24413.47
17.95,146.79,202.96,6.36,11.41,70.68,168.24,apple,16622.18
32.54,42.69,33.58,6.41,12.52,57.82,154.19,grapes,17170.32
100.76,56.2,41.78,6.09,31.21,82.43,178.33,rice,4974.8
106.73,14.98,55.64,6.59,30.62,79.11,33.45,watermelon,33855.76
17.27,8.81,36.41,5.53,35.76,62.47,146.44,coconut,11525.74
118.42,28.77,33.45,7.42,16.56,67.87,215.04,coffee,1225.01
25.35,57.95,26.65,3.69,34.3,33.23,52.47,mothbeans,965.88
93.73,76.55,62.88,6.97,32.65,93.13,205.18,banana,34421.47
18.29,48.81,23.63,4.06,27.82,29.87,33.06,mothbeans,924.65
119.16,42.5,26.1,6.47,30.39,49.3,67.67,cotton,2720.78
123.83,54.2,16.48,6.09,28.42,69.45,67.07,cotton,2580.46
18.6,50.13,34.68,6.44,19.92,56.64,99.28,grapes,16674.26
34.67,63.2,74.3,6.22,18.26,42.64,35.97,chickpea,1359.02
48.48,64.58,48.84,6.14,30.81,88.55,224.63,papaya,45768.22
2.15,128.9,208.44,6.65,21.76,50.66,191.21,apple,16906.88
34.39,71.8,18.46,7.24,33.98,62.6,151.3,blackgram,1024.32
116.42,53.7,31.13,5.62,28.17,60.73,159.27,maize,6562.45
93.57,29.15,33.23,7.03,24.62,66.02,261.79,coffee,1399.08
80.97,69.26,233.67,5.53,32.25,80.21,143.81,banana,32324.9
104.58,16.93,50.13,6.13,31.64,64.55,70.99,watermelon,33175.71
28.97,63.68,21.37,5.67,31.02,36.25,36.22,mothbeans,856.98
15.57,37.4,46.03,6.23,29.08,62.45,175.04,grapes,15152.62
98.77,14.51,57.81,6.9,30.61,66.06,38.65,watermelon,33287.71
25.64,76.47,27.19,5.89,35.19,46.93,94.56,pigeonpeas,1330.38
45.91,61.93,47.26,6.6,26.03,92.54,261.58,papaya,44496.18
16.91,63.8,18.05,6.74,27.98,51.05,144.19,mungbean,1101.75
124.95,44.2,27.43,7.93,22.98,43.62,186.71,cotton,2828.66
102.23,14.39,61.61,6.74,29.62,64.03,40.76,muskmelon,18382.64
29.82,46.35,46.2,6.35,17.52,50.98,150.02,grapes,17473.02
107.53,29.4,28.69,6.39,20.35,77.98,288.45,coffee,1372.26
107.43,22.1,49.92,5.6,32.56,67.84,75.75,watermelon,33858.24
18.31,50.97,41.74,5.93,14.91,61.12,142.75,grapes,15944.76
19.54,60.21,32.54,6.43,28.04,50.38,66.85,mungbean,1085.32
114.55,41.03,22.91,5.79,28.24,73.03,121.29,maize,5625.25
2.95,8.1,46.6,6.72,27.16,71.1,180.18,coconut,11646.6
72.73,52.9,59.26,7.08,33.06,74.37,349.46,jute,3085.06
111.92,15.2,63.7,6.79,27.23,62.65,67.31,watermelon,30734.19
7.49,11.82,9.73,6.19,19.5,69.66,87.13,orange,23555.67
50.0,54.58,60.77,6.88,25.16,72.8,298.69,papaya,47477.23
109.27,34.21,38.21,6.01,18.24,73.62,210.05,coffee,1360.5
103.14,29.96,34.84,6.44,16.0,85.95,285.81,coffee,1347.94
84.22,53.36,37.11,7.0,22.95,53.1,186.1,maize,6005.03
28.38,69.98,20.14,6.11,36.31,66.15,111.93,pigeonpeas,1265.06
133.36,54.63,17.56,6.55,37.92,70.13,160.33,cotton,2427.59
92.33,64.48,50.82,7.35,26.77,39.97,115.72,pomegranate,14943.27
14.91,141.87,208.06,5.69,13.51,64.51,166.4,apple,17812.19
28.44,79.48,18.88,7.09,34.69,51.54,150.75,pigeonpeas,1169.12
70.85,47.64,44.09,7.78,33.32,91.3,324.83,jute,3177.5
112.49,20.04,39.98,6.72,25.07,89.0,203.66,coffee,1131.51
34.8,72.61,34.41,7.13,23.16,58.74,198.77,blackgram,1059.48
32.48,40.65,34.92,5.51,24.25,70.63,98.74,grapes,16642.15
44.23,63.09,30.95,6.51,28.78,68.46,96.02,blackgram,1082.4
22.61,48.4,18.79,4.0,33.56,28.52,43.92,mothbeans,906.89
16.45,46.23,19.0,4.05,33.33,41.56,69.16,mothbeans,887.34
85.92,58.41,41.8,6.3,27.37,89.9,310.38,jute,3076.69
115.53,23.4,37.33,6.79,19.23,70.31,160.49,coffee,1229.46
119.69,21.92,33.8,7.05,15.39,75.99,269.22,coffee,1155.16
114.89,23.76,46.39,6.58,39.39,78.07,40.24,watermelon,30744.91
123.89,37.54,27.2,6.6,29.14,59.27,196.87,cotton,2640.21
18.73,9.24,39.17,6.82,30.05,84.55,189.24,coconut,12293.54
103.18,64.02,57.76,7.37,32.06,46.98,53.65,pomegranate,18706.78
33.67,22.86,35.77,7.05,35.8,46.34,79.54,mango,11484.14
25.75,58.26,18.61,4.43,26.27,32.42,77.65,mothbeans,873.95
104.72,41.28,69.18,7.06,28.22,58.09,129.5,pomegranate,16214.77
111.59,42.81,67.92,6.4,32.37,49.25,80.89,pomegranate,16395.37
38.04,33.77,31.23,7.19,32.49,53.31,151.86,mango,10958.05
29.71,50.78,48.37,6.25,10.29,51.16,86.17,grapes,17062.54
25.04,55.32,34.44,5.26,33.22,30.25,70.32,mothbeans,879.31
80.22,59.41,47.31,7.21,26.03,70.52,169.97,jute,3324.27
15.27,70.55,20.75,6.4,23.17,55.59,156.93,kidneybeans,1574.4
57.92,65.81,62.86,6.35,26.66,84.63,178.5,papaya,42798.02
39.6,22.27,45.15,6.77,26.54,73.06,96.18,mango,10868.21
22.5,56.27,22.52,5.87,24.84,29.17,66.88,mothbeans,953.88
26.9,60.21,33.72,6.73,25.92,44.83,141.57,mungbean,1090.33
10.53,146.47,203.49,6.91,0.44,72.17,134.65,apple,18824.59
129.71,48.01,18.36,7.72,28.25,64.82,97.43,cotton,2721.99
96.55,59.33,37.01,6.97,27.48,68.1,155.39,maize,6211.44
98.85,74.41,240.56,5.56,30.32,87.72,117.14,banana,36725.83
36.18,79.37,74.83,7.45,23.61,37.42,75.08,chickpea,1349.87
25.72,72.36,31.82,6.31,34.1,67.34,179.93,pigeonpeas,1371.41
124.45,48.61,18.74,7.53,31.98,67.58,77.05,cotton,2747.87
85.4,58.88,48.04,5.84,32.7,82.98,155.27,rice,4963.32
7.36,11.66,6.11,6.55,13.06,65.82,110.69,orange,21173.01
36.34,70.73,81.95,6.11,15.08,21.44,38.96,chickpea,1410.21
7.58,12.99,10.87,6.51,14.78,74.54,88.32,orange,24354.07
105.62,53.65,22.48,6.29,23.33,71.17,113.04,maize,6669.65
25.96,71.67,29.69,5.8,24.2,54.99,175.95,kidneybeans,1717.4
119.03,16.16,58.99,6.02,31.3,71.33,81.32,muskmelon,17751.23
103.4,64.36,69.9,6.43,26.29,44.15,91.64,pomegranate,16311.16
82.2,31.15,37.0,7.27,15.34,67.99,154.74,coffee,1250.14
100.75,49.4,22.06,7.27,24.83,65.14,161.26,cotton,2788.38
24.48,59.95,34.27,4.98,31.13,32.85,66.89,mothbeans,907.7
112.53,65.11,69.11,6.0,34.35,88.88,215.09,banana,35344.43
109.28,40.56,59.29,6.78,31.83,57.39,61.46,pomegranate,16696.07
44.93,66.8,84.48,7.02,25.69,25.62,81.72,chickpea,1358.69
111.32,22.01,57.89,6.87,24.77,57.94,42.69,watermelon,33221.12
21.67,62.79,33.78,7.41,18.53,50.4,36.8,lentil,1613.18
55.5,66.83,46.81,6.26,31.42,80.47,201.38,papaya,43273.23
38.7,31.09,44.97,6.07,25.07,46.88,175.91,mango,11509.05
1.76,8.75,36.97,6.04,30.91,68.66,298.83,coconut,11715.62
91.05,59.29,45.29,6.14,26.49,80.06,266.37,rice,4959.53
27.6,31.78,34.64,6.8,27.39,69.87,161.58,mango,12653.43
19.84,64.37,21.0,6.53,13.32,41.63,76.47,lentil,1625.02
99.07,23.71,54.89,7.29,37.39,67.18,76.68,watermelon,33168.79
3.52,14.67,12.01,6.01,17.63,88.49,169.69,orange,22205.95
45.26,68.91,63.17,6.45,32.65,94.55,163.29,papaya,41607.95
102.55,66.54,47.79,7.1,20.68,61.46,68.38,wheat,3891.98
87.3,28.94,43.73,6.31,25.15,79.61,210.85,coffee,1359.34
62.45,63.17,42.58,6.74,26.36,88.05,202.98,jute,2932.31
20.43,62.88,31.68,5.62,31.07,65.48,148.32,pigeonpeas,1319.43
113.3,44.38,42.74,7.37,38.82,45.16,85.69,pomegranate,15621.55
43.3,58.5,31.9,7.26,34.72,69.85,79.86,blackgram,1091.69
132.47,45.79,28.49,6.27,31.12,69.0,146.93,cotton,2581.86
69.86,64.81,58.15,6.9,34.98,75.83,268.52,jute,2974.42
117.98,40.02,67.03,6.5,34.1,46.25,72.18,pomegranate,14555.22
92.56,54.85,40.29,6.74,32.85,82.45,173.04,rice,4866.79
95.11,11.68,55.62,6.6,37.62,62.32,50.17,muskmelon,17864.84
36.13,64.65,21.73,6.72,24.98,62.44,168.79,blackgram,1081.21
70.96,54.68,46.76,7.7,28.02,75.96,192.87,jute,3377.29
138.36,68.89,49.3,6.1,18.9,64.73,144.69,wheat,3931.42
125.7,68.37,39.97,7.33,11.46,56.21,128.28,wheat,3873.77
15.2,1.17,40.06,6.78,31.01,84.27,168.53,coconut,11831.97
119.04,24.92,60.83,7.2,39.34,75.94,51.57,muskmelon,16401.5
9.01,4.58,46.59,7.41,34.13,63.09,167.56,coconut,12544.73
18.9,62.85,27.13,5.52,18.42,69.79,105.74,kidneybeans,1813.4
40.2,62.29,89.59,6.44,20.54,30.73,38.75,chickpea,1363.58
109.2,53.41,47.86,7.46,13.71,46.24,63.95,wheat,4147.94
28.07,59.29,22.1,6.02,19.7,61.06,123.25,kidneybeans,1785.52
26.44,66.69,22.68,7.06,28.74,65.52,88.91,pigeonpeas,1273.57
118.93,13.97,62.56,6.69,29.61,64.78,72.9,muskmelon,16874.9
44.76,57.21,57.79,6.47,25.79,90.18,279.64,papaya,45618.69
15.08,50.34,36.01,5.53,18.05,62.72,110.65,grapes,16418.29
15.37,4.93,40.21,6.01,30.94,90.74,129.44,coconut,12615.47
43.32,76.43,81.22,7.89,16.41,41.6,33.89,chickpea,1405.28
27.43,58.59,21.1,6.25,29.91,42.75,88.67,mungbean,1052.88
4.96,7.27,6.8,6.58,11.77,68.86,160.25,orange,20258.44
102.18,46.41,46.91,6.07,21.42,78.32,258.47,rice,5276.68
9.94,4.57,39.88,6.23,31.75,67.36,123.55,coconut,14469.77
17.3,51.37,32.75,5.27,29.85,39.45,58.89,mothbeans,907.52
118.79,22.26,60.04,6.49,33.82,77.26,85.55,muskmelon,17021.85
135.81,36.27,24.37,6.12,34.92,74.23,120.13,cotton,2449.82
105.73,43.37,61.94,6.74,34.01,45.95,75.01,pomegranate,17528.5
29.2,39.06,36.96,6.94,20.79,74.25,74.54,grapes,18005.74
24.37,59.26,25.62,5.8,15.26,69.62,125.91,kidneybeans,1816.72
39.57,39.88,45.87,5.71,30.1,70.64,153.0,mango,10312.85
95.18,20.74,45.84,6.09,31.42,68.77,68.55,muskmelon,17363.91
17.29,50.17,26.87,6.07,28.38,29.66,44.75,mothbeans,900.44
19.53,60.1,34.55,6.29,26.61,48.77,130.89,mungbean,1091.31
38.77,24.19,31.55,6.36,31.57,65.4,176.0,mango,10728.4
82.14,51.82,53.61,6.09,24.77,85.09,281.25,rice,4923.92
13.34,126.51,198.92,6.84,22.94,74.21,112.21,apple,18215.47
34.32,69.13,72.92,7.02,16.7,32.14,51.81,chickpea,1412.13
112.39,44.81,54.67,7.18,29.93,39.82,50.93,pomegranate,18337.35
18.35,70.91,28.49,6.56,39.28,69.88,178.05,pigeonpeas,1421.53
64.47,62.05,41.06,7.62,30.03,87.28,299.11,jute,3024.16
16.86,75.7,28.5,6.25,38.78,61.49,190.45,pigeonpeas,1237.11
98.08,67.05,42.68,6.4,30.12,57.0,94.04,pomegranate,15827.72
110.03,61.27,117.69,6.28,33.04,89.28,209.88,banana,33505.73
31.01,61.99,34.98,6.49,33.18,51.72,129.76,blackgram,1001.73
99.0,52.07,44.91,5.56,23.35,84.1,212.09,rice,5231.03
38.0,57.17,34.74,6.75,26.45,67.87,190.56,blackgram,1020.38
25.31,56.85,20.58,6.31,22.0,38.75,49.05,lentil,1605.09
100.02,53.51,31.05,6.93,22.67,66.62,158.56,maize,6982.61
27.83,65.65,22.92,6.11,19.47,35.69,62.85,lentil,1628.39
84.65,51.48,47.36,6.41,27.32,73.41,320.14,jute,3178.97
107.46,60.0,199.39,6.01,30.76,90.23,202.17,banana,33983.48
80.91,53.26,37.9,6.64,28.34,67.04,77.14,maize,6004.56
107.5,16.14,54.75,7.45,31.95,75.69,62.52,muskmelon,20164.0
109.19,29.48,61.1,7.42,27.03,79.83,51.36,watermelon,31143.06
20.66,31.73,38.6,5.95,28.99,73.23,180.29,mango,11794.64
19.68,60.27,25.1,5.14,29.05,29.04,66.07,mothbeans,907.07
27.4,77.86,20.49,6.51,29.77,67.18,90.57,pigeonpeas,1254.98
24.34,69.65,22.83,6.8,33.01,41.81,146.29,mungbean,1137.18
52.03,53.99,53.3,6.86,30.53,87.75,256.48,papaya,45568.28
30.74,24.24,37.13,6.84,24.69,55.27,72.09,mango,12315.67
112.8,47.38,45.88,7.11,25.56,38.76,51.05,pomegranate,16555.93
118.24,43.09,43.95,5.94,27.94,92.66,264.08,rice,4851.59
19.67,56.87,31.02,6.91,33.84,57.84,85.07,mungbean,1098.34
46.09,59.64,89.34,7.37,16.35,37.33,72.25,chickpea,1310.06
107.75,66.82,53.73,7.36,30.91,43.11,75.08,pomegranate,17990.71
36.52,57.49,20.14,6.03,31.83,54.55,178.16,blackgram,1046.27
94.86,53.81,46.12,6.46,36.87,56.12,50.35,pomegranate,17430.38
18.69,57.55,31.28,5.88,15.38,66.5,150.6,kidneybeans,1782.61
125.18,68.71,50.96,6.85,12.06,54.1,56.16,wheat,4042.75
110.37,67.82,100.29,6.21,34.7,82.45,291.89,banana,35848.15
18.19,3.24,36.57,6.23,31.98,91.07,141.49,coconut,11768.67
8.03,122.83,207.57,6.87,16.89,63.34,161.42,apple,17149.29
34.69,46.13,49.8,6.45,15.62,74.1,128.17,grapes,15339.12
50.98,64.08,51.2,6.97,27.15,73.98,156.83,papaya,48180.4
24.55,67.62,21.51,6.37,22.51,61.41,118.62,kidneybeans,1744.09
122.99,42.14,26.86,6.39,25.68,48.31,170.54,cotton,2735.16
73.62,64.74,46.14,7.59,29.45,75.54,155.32,jute,3235.36
21.51,53.9,34.42,6.05,18.29,51.09,66.37,lentil,1578.49
100.79,39.43,41.52,6.17,20.36,79.68,255.8,coffee,1299.46
18.05,59.83,32.95,7.36,24.9,50.69,58.61,lentil,1647.9
38.56,65.64,89.81,7.41,20.39,29.29,60.16,chickpea,1357.11
16.54,53.32,27.76,5.63,33.19,35.83,41.19,mothbeans,919.86
80.79,46.53,43.96,6.67,32.91,79.93,250.18,rice,4858.6
86.81,60.91,158.15,5.82,32.29,77.03,101.7,banana,35066.14
34.1,34.93,49.18,5.74,28.05,47.31,149.73,mango,11377.5
15.81,43.84,37.64,6.32,23.46,59.29,87.22,grapes,16692.35
83.12,37.99,35.27,7.45,26.41,77.35,208.23,coffee,1220.64
11.5,13.99,7.51,6.8,25.6,67.89,102.77,orange,22817.78
76.72,62.75,40.74,6.26,27.53,93.65,189.39,jute,3097.35
120.43,51.8,49.34,6.38,23.15,47.74,70.03,wheat,4164.86
83.45,37.29,36.41,7.45,21.71,79.78,299.57,coffee,1224.62
27.26,34.18,37.26,5.51,35.92,62.68,97.4,mango,12622.44
104.63,17.53,52.61,6.81,39.1,68.77,29.64,muskmelon,19824.86
122.27,39.3,20.23,7.07,35.35,73.11,94.04,cotton,2932.32
125.66,46.91,17.57,7.9,37.51,44.61,64.01,cotton,2790.82
76.89,56.6,50.15,7.68,27.05,92.88,261.9,jute,3477.33
39.55,75.43,84.91,7.62,29.81,29.26,82.3,chickpea,1432.5
